[     225ms] [INFO] %cDownload the React DevTools for a better development experience: https://react.dev/link/react-devtools font-weight:bold @ http://localhost:3000/_next/static/chunks/node_modules_next_dist_1ybzpk2._.js:2477
[     253ms] [LOG] [HMR] connected @ http://localhost:3000/_next/static/chunks/node_modules_next_dist_1ybzpk2._.js:2477
[   13590ms] [LOG] [Fast Refresh] rebuilding @ http://localhost:3000/_next/static/chunks/node_modules_next_dist_1ybzpk2._.js:2477
[   13591ms] [LOG] [Fast Refresh] done in 106ms @ http://localhost:3000/_next/static/chunks/node_modules_next_dist_1ybzpk2._.js:2477
[   21293ms] [LOG] [Fast Refresh] rebuilding @ http://localhost:3000/_next/static/chunks/node_modules_next_dist_1ybzpk2._.js:2477
[   21300ms] [LOG] [Fast Refresh] done in 110ms @ http://localhost:3000/_next/static/chunks/node_modules_next_dist_1ybzpk2._.js:2477
[  439332ms] [LOG] [Fast Refresh] rebuilding @ http://localhost:3000/_next/static/chunks/node_modules_next_dist_1ybzpk2._.js:2477
[  439585ms] [LOG] [Fast Refresh] done in 250ms @ http://localhost:3000/_next/static/chunks/node_modules_next_dist_1ybzpk2._.js:2477
[  463187ms] [LOG] [Fast Refresh] rebuilding @ http://localhost:3000/_next/static/chunks/node_modules_next_dist_1ybzpk2._.js:2477
[  463281ms] [LOG] [Fast Refresh] done in 200ms @ http://localhost:3000/_next/static/chunks/node_modules_next_dist_1ybzpk2._.js:2477
[  482745ms] [LOG] [Fast Refresh] rebuilding @ http://localhost:3000/_next/static/chunks/node_modules_next_dist_1ybzpk2._.js:2477
[  489392ms] [LOG] [Fast Refresh] done in 6646ms @ http://localhost:3000/_next/static/chunks/node_modules_next_dist_1ybzpk2._.js:2477
[  492519ms] [LOG] [Fast Refresh] rebuilding @ http://localhost:3000/_next/static/chunks/node_modules_next_dist_1ybzpk2._.js:2477
[  493243ms] [LOG] [Fast Refresh] done in 823ms @ http://localhost:3000/_next/static/chunks/node_modules_next_dist_1ybzpk2._.js:2477
[  493354ms] [LOG] [Fast Refresh] rebuilding @ http://localhost:3000/_next/static/chunks/node_modules_next_dist_1ybzpk2._.js:2477
[  493361ms] [LOG] [Fast Refresh] done in 116ms @ http://localhost:3000/_next/static/chunks/node_modules_next_dist_1ybzpk2._.js:2477
[  496503ms] [LOG] [Fast Refresh] rebuilding @ http://localhost:3000/_next/static/chunks/node_modules_next_dist_1ybzpk2._.js:2477
[  498266ms] [ERROR] ./src/components/ui/multi-select.tsx:145:13
Expected '</', got ';'
  143 |               </button>
  144 |             );
> 145 |           });
      |             ^
  146 |           },
  147 |           document.body
  148 |         )}

Parsing ecmascript source code failed

Import traces:
  Client Component Browser:
    ./src/components/ui/multi-select.tsx [Client Component Browser]
    ./src/components/expense-filters.tsx [Client Component Browser]
    ./src/app/expenses/page.tsx [Client Component Browser]
    ./src/app/expenses/page.tsx [Server Component]

  Client Component SSR:
    ./src/components/ui/multi-select.tsx [Client Component SSR]
    ./src/components/expense-filters.tsx [Client Component SSR]
    ./src/app/expenses/page.tsx [Client Component SSR]
    ./src/app/expenses/page.tsx [Server Component] @ http://localhost:3000/_next/static/chunks/node_modules_next_dist_1ybzpk2._.js:3318
[  498413ms] [LOG] [Fast Refresh] rebuilding @ http://localhost:3000/_next/static/chunks/node_modules_next_dist_1ybzpk2._.js:2477
[  498467ms] [ERROR] ./src/components/ui/multi-select.tsx:145:13
Expected '</', got ';'
  143 |               </button>
  144 |             );
> 145 |           });
      |             ^
  146 |           },
  147 |           document.body
  148 |         )}

Parsing ecmascript source code failed

Import traces:
  Client Component Browser:
    ./src/components/ui/multi-select.tsx [Client Component Browser]
    ./src/components/expense-filters.tsx [Client Component Browser]
    ./src/app/expenses/page.tsx [Client Component Browser]
    ./src/app/expenses/page.tsx [Server Component]

  Client Component SSR:
    ./src/components/ui/multi-select.tsx [Client Component SSR]
    ./src/components/expense-filters.tsx [Client Component SSR]
    ./src/app/expenses/page.tsx [Client Component SSR]
    ./src/app/expenses/page.tsx [Server Component] @ http://localhost:3000/_next/static/chunks/node_modules_next_dist_1ybzpk2._.js:3318
[  498571ms] [LOG] [Fast Refresh] rebuilding @ http://localhost:3000/_next/static/chunks/node_modules_next_dist_1ybzpk2._.js:2477
[  498625ms] [ERROR] ./src/components/ui/multi-select.tsx:145:13
Expected '</', got ';'
  143 |               </button>
  144 |             );
> 145 |           });
      |             ^
  146 |           },
  147 |           document.body
  148 |         )}

Parsing ecmascript source code failed

Import traces:
  Client Component Browser:
    ./src/components/ui/multi-select.tsx [Client Component Browser]
    ./src/components/expense-filters.tsx [Client Component Browser]
    ./src/app/expenses/page.tsx [Client Component Browser]
    ./src/app/expenses/page.tsx [Server Component]

  Client Component SSR:
    ./src/components/ui/multi-select.tsx [Client Component SSR]
    ./src/components/expense-filters.tsx [Client Component SSR]
    ./src/app/expenses/page.tsx [Client Component SSR]
    ./src/app/expenses/page.tsx [Server Component] @ http://localhost:3000/_next/static/chunks/node_modules_next_dist_1ybzpk2._.js:3318
[  498629ms] [ERROR] ./src/components/ui/multi-select.tsx:145:13
Expected '</', got ';'
  143 |               </button>
  144 |             );
> 145 |           });
      |             ^
  146 |           },
  147 |           document.body
  148 |         )}

Parsing ecmascript source code failed

Import traces:
  Client Component Browser:
    ./src/components/ui/multi-select.tsx [Client Component Browser]
    ./src/components/expense-filters.tsx [Client Component Browser]
    ./src/app/expenses/page.tsx [Client Component Browser]
    ./src/app/expenses/page.tsx [Server Component]

  Client Component SSR:
    ./src/components/ui/multi-select.tsx [Client Component SSR]
    ./src/components/expense-filters.tsx [Client Component SSR]
    ./src/app/expenses/page.tsx [Client Component SSR]
    ./src/app/expenses/page.tsx [Server Component] @ http://localhost:3000/_next/static/chunks/node_modules_next_dist_1ybzpk2._.js:3318
[  498630ms] [ERROR] Failed to load resource: the server responded with a status of 500 (Internal Server Error) @ http://localhost:3000/expenses?_rsc=pVrzuuy3FKB5-dUw:0
[  498636ms] [ERROR] ./src/components/ui/multi-select.tsx:145:13
Expected '</', got ';'
  143 |               </button>
  144 |             );
> 145 |           });
      |             ^
  146 |           },
  147 |           document.body
  148 |         )}

Parsing ecmascript source code failed

Import traces:
  Client Component Browser:
    ./src/components/ui/multi-select.tsx [Client Component Browser]
    ./src/components/expense-filters.tsx [Client Component Browser]
    ./src/app/expenses/page.tsx [Client Component Browser]
    ./src/app/expenses/page.tsx [Server Component]

  Client Component SSR:
    ./src/components/ui/multi-select.tsx [Client Component SSR]
    ./src/components/expense-filters.tsx [Client Component SSR]
    ./src/app/expenses/page.tsx [Client Component SSR]
    ./src/app/expenses/page.tsx [Server Component] @ http://localhost:3000/_next/static/chunks/node_modules_next_dist_1ybzpk2._.js:3318
[  498665ms] [ERROR] Failed to load resource: the server responded with a status of 500 (Internal Server Error) @ http://localhost:3000/expenses:0
[  498770ms] [INFO] %cDownload the React DevTools for a better development experience: https://react.dev/link/react-devtools font-weight:bold @ http://localhost:3000/_next/static/chunks/node_modules_react-dom_0kla17-._.js:15305
[  498849ms] Error: ./src/components/ui/multi-select.tsx:145:13
Expected '</', got ';'
  143 |               </button>
  144 |             );
> 145 |           });
      |             ^
  146 |           },
  147 |           document.body
  148 |         )}

Parsing ecmascript source code failed

Import traces:
  Client Component Browser:
    ./src/components/ui/multi-select.tsx [Client Component Browser]
    ./src/components/expense-filters.tsx [Client Component Browser]
    ./src/app/expenses/page.tsx [Client Component Browser]
    ./src/app/expenses/page.tsx [Server Component]

  Client Component SSR:
    ./src/components/ui/multi-select.tsx [Client Component SSR]
    ./src/components/expense-filters.tsx [Client Component SSR]
    ./src/app/expenses/page.tsx [Client Component SSR]
    ./src/app/expenses/page.tsx [Server Component]


    at <unknown> (Error: ./src/components/ui/multi-select.tsx:145:13)
    at Object.getCompilationErrors (file://C:\Users\Najmi Briliant\vscode\finance-tracker\littlefinger\node_modules\next\dist\server\dev\hot-reloader-turbopack.js:1186:59)
    at DevBundlerService.getCompilationError (file://C:\Users\Najmi Briliant\vscode\finance-tracker\littlefinger\node_modules\next\dist\server\lib\dev-bundler-service.js:44:55)
    at DevServer.getCompilationError (file://C:\Users\Najmi Briliant\vscode\finance-tracker\littlefinger\node_modules\next\dist\server\dev\next-dev-server.js:720:42)
    at DevServer.findPageComponents (file://C:\Users\Najmi Briliant\vscode\finance-tracker\littlefinger\node_modules\next\dist\server\dev\next-dev-server.js:690:43)
    at async DevServer.renderErrorToResponseImpl (file://C:\Users\Najmi Briliant\vscode\finance-tracker\littlefinger\node_modules\next\dist\server\base-server.js:1753:26)
[  498852ms] [LOG] [HMR] connected @ http://localhost:3000/_next/static/chunks/node_modules_next_dist_20ud_8w._.js:1380
[  498862ms] [ERROR] ./src/components/ui/multi-select.tsx:145:13
Expected '</', got ';'
  143 |               </button>
  144 |             );
> 145 |           });
      |             ^
  146 |           },
  147 |           document.body
  148 |         )}

Parsing ecmascript source code failed

Import traces:
  Client Component Browser:
    ./src/components/ui/multi-select.tsx [Client Component Browser]
    ./src/components/expense-filters.tsx [Client Component Browser]
    ./src/app/expenses/page.tsx [Client Component Browser]
    ./src/app/expenses/page.tsx [Server Component]

  Client Component SSR:
    ./src/components/ui/multi-select.tsx [Client Component SSR]
    ./src/components/expense-filters.tsx [Client Component SSR]
    ./src/app/expenses/page.tsx [Client Component SSR]
    ./src/app/expenses/page.tsx [Server Component] @ http://localhost:3000/_next/static/chunks/node_modules_next_dist_20ud_8w._.js:2099
[  499001ms] [LOG] [Fast Refresh] rebuilding @ http://localhost:3000/_next/static/chunks/node_modules_next_dist_20ud_8w._.js:1380
[  499003ms] [ERROR] ./src/components/ui/multi-select.tsx:145:13
Expected '</', got ';'
  143 |               </button>
  144 |             );
> 145 |           });
      |             ^
  146 |           },
  147 |           document.body
  148 |         )}

Parsing ecmascript source code failed

Import traces:
  Client Component Browser:
    ./src/components/ui/multi-select.tsx [Client Component Browser]
    ./src/components/expense-filters.tsx [Client Component Browser]
    ./src/app/expenses/page.tsx [Client Component Browser]
    ./src/app/expenses/page.tsx [Server Component]

  Client Component SSR:
    ./src/components/ui/multi-select.tsx [Client Component SSR]
    ./src/components/expense-filters.tsx [Client Component SSR]
    ./src/app/expenses/page.tsx [Client Component SSR]
    ./src/app/expenses/page.tsx [Server Component] @ http://localhost:3000/_next/static/chunks/node_modules_next_dist_20ud_8w._.js:2099
[  499055ms] [ERROR] ./src/components/ui/multi-select.tsx:145:13
Expected '</', got ';'
  143 |               </button>
  144 |             );
> 145 |           });
      |             ^
  146 |           },
  147 |           document.body
  148 |         )}

Parsing ecmascript source code failed

Import traces:
  Client Component Browser:
    ./src/components/ui/multi-select.tsx [Client Component Browser]
    ./src/components/expense-filters.tsx [Client Component Browser]
    ./src/app/expenses/page.tsx [Client Component Browser]
    ./src/app/expenses/page.tsx [Server Component]

  Client Component SSR:
    ./src/components/ui/multi-select.tsx [Client Component SSR]
    ./src/components/expense-filters.tsx [Client Component SSR]
    ./src/app/expenses/page.tsx [Client Component SSR]
    ./src/app/expenses/page.tsx [Server Component] @ http://localhost:3000/_next/static/chunks/node_modules_next_dist_20ud_8w._.js:2099
[  499119ms] [ERROR] ./src/components/ui/multi-select.tsx:145:13
Expected '</', got ';'
  143 |               </button>
  144 |             );
> 145 |           });
      |             ^
  146 |           },
  147 |           document.body
  148 |         )}

Parsing ecmascript source code failed

Import traces:
  Client Component Browser:
    ./src/components/ui/multi-select.tsx [Client Component Browser]
    ./src/components/expense-filters.tsx [Client Component Browser]
    ./src/app/expenses/page.tsx [Client Component Browser]
    ./src/app/expenses/page.tsx [Server Component]

  Client Component SSR:
    ./src/components/ui/multi-select.tsx [Client Component SSR]
    ./src/components/expense-filters.tsx [Client Component SSR]
    ./src/app/expenses/page.tsx [Client Component SSR]
    ./src/app/expenses/page.tsx [Server Component] @ http://localhost:3000/_next/static/chunks/node_modules_next_dist_20ud_8w._.js:2099
[  499179ms] [ERROR] ./src/components/ui/multi-select.tsx:145:13
Expected '</', got ';'
  143 |               </button>
  144 |             );
> 145 |           });
      |             ^
  146 |           },
  147 |           document.body
  148 |         )}

Parsing ecmascript source code failed

Import traces:
  Client Component Browser:
    ./src/components/ui/multi-select.tsx [Client Component Browser]
    ./src/components/expense-filters.tsx [Client Component Browser]
    ./src/app/expenses/page.tsx [Client Component Browser]
    ./src/app/expenses/page.tsx [Server Component]

  Client Component SSR:
    ./src/components/ui/multi-select.tsx [Client Component SSR]
    ./src/components/expense-filters.tsx [Client Component SSR]
    ./src/app/expenses/page.tsx [Client Component SSR]
    ./src/app/expenses/page.tsx [Server Component] @ http://localhost:3000/_next/static/chunks/node_modules_next_dist_20ud_8w._.js:2099
[  499240ms] [ERROR] ./src/components/ui/multi-select.tsx:145:13
Expected '</', got ';'
  143 |               </button>
  144 |             );
> 145 |           });
      |             ^
  146 |           },
  147 |           document.body
  148 |         )}

Parsing ecmascript source code failed

Import traces:
  Client Component Browser:
    ./src/components/ui/multi-select.tsx [Client Component Browser]
    ./src/components/expense-filters.tsx [Client Component Browser]
    ./src/app/expenses/page.tsx [Client Component Browser]
    ./src/app/expenses/page.tsx [Server Component]

  Client Component SSR:
    ./src/components/ui/multi-select.tsx [Client Component SSR]
    ./src/components/expense-filters.tsx [Client Component SSR]
    ./src/app/expenses/page.tsx [Client Component SSR]
    ./src/app/expenses/page.tsx [Server Component] @ http://localhost:3000/_next/static/chunks/node_modules_next_dist_20ud_8w._.js:2099
[  499303ms] [ERROR] ./src/components/ui/multi-select.tsx:145:13
Expected '</', got ';'
  143 |               </button>
  144 |             );
> 145 |           });
      |             ^
  146 |           },
  147 |           document.body
  148 |         )}

Parsing ecmascript source code failed

Import traces:
  Client Component Browser:
    ./src/components/ui/multi-select.tsx [Client Component Browser]
    ./src/components/expense-filters.tsx [Client Component Browser]
    ./src/app/expenses/page.tsx [Client Component Browser]
    ./src/app/expenses/page.tsx [Server Component]

  Client Component SSR:
    ./src/components/ui/multi-select.tsx [Client Component SSR]
    ./src/components/expense-filters.tsx [Client Component SSR]
    ./src/app/expenses/page.tsx [Client Component SSR]
    ./src/app/expenses/page.tsx [Server Component] @ http://localhost:3000/_next/static/chunks/node_modules_next_dist_20ud_8w._.js:2099
[  499365ms] [ERROR] ./src/components/ui/multi-select.tsx:145:13
Expected '</', got ';'
  143 |               </button>
  144 |             );
> 145 |           });
      |             ^
  146 |           },
  147 |           document.body
  148 |         )}

Parsing ecmascript source code failed

Import traces:
  Client Component Browser:
    ./src/components/ui/multi-select.tsx [Client Component Browser]
    ./src/components/expense-filters.tsx [Client Component Browser]
    ./src/app/expenses/page.tsx [Client Component Browser]
    ./src/app/expenses/page.tsx [Server Component]

  Client Component SSR:
    ./src/components/ui/multi-select.tsx [Client Component SSR]
    ./src/components/expense-filters.tsx [Client Component SSR]
    ./src/app/expenses/page.tsx [Client Component SSR]
    ./src/app/expenses/page.tsx [Server Component] @ http://localhost:3000/_next/static/chunks/node_modules_next_dist_20ud_8w._.js:2099
[  499429ms] [ERROR] ./src/components/ui/multi-select.tsx:145:13
Expected '</', got ';'
  143 |               </button>
  144 |             );
> 145 |           });
      |             ^
  146 |           },
  147 |           document.body
  148 |         )}

Parsing ecmascript source code failed

Import traces:
  Client Component Browser:
    ./src/components/ui/multi-select.tsx [Client Component Browser]
    ./src/components/expense-filters.tsx [Client Component Browser]
    ./src/app/expenses/page.tsx [Client Component Browser]
    ./src/app/expenses/page.tsx [Server Component]

  Client Component SSR:
    ./src/components/ui/multi-select.tsx [Client Component SSR]
    ./src/components/expense-filters.tsx [Client Component SSR]
    ./src/app/expenses/page.tsx [Client Component SSR]
    ./src/app/expenses/page.tsx [Server Component] @ http://localhost:3000/_next/static/chunks/node_modules_next_dist_20ud_8w._.js:2099
[  499490ms] [ERROR] ./src/components/ui/multi-select.tsx:145:13
Expected '</', got ';'
  143 |               </button>
  144 |             );
> 145 |           });
      |             ^
  146 |           },
  147 |           document.body
  148 |         )}

Parsing ecmascript source code failed

Import traces:
  Client Component Browser:
    ./src/components/ui/multi-select.tsx [Client Component Browser]
    ./src/components/expense-filters.tsx [Client Component Browser]
    ./src/app/expenses/page.tsx [Client Component Browser]
    ./src/app/expenses/page.tsx [Server Component]

  Client Component SSR:
    ./src/components/ui/multi-select.tsx [Client Component SSR]
    ./src/components/expense-filters.tsx [Client Component SSR]
    ./src/app/expenses/page.tsx [Client Component SSR]
    ./src/app/expenses/page.tsx [Server Component] @ http://localhost:3000/_next/static/chunks/node_modules_next_dist_20ud_8w._.js:2099
[  499553ms] [ERROR] ./src/components/ui/multi-select.tsx:145:13
Expected '</', got ';'
  143 |               </button>
  144 |             );
> 145 |           });
      |             ^
  146 |           },
  147 |           document.body
  148 |         )}

Parsing ecmascript source code failed

Import traces:
  Client Component Browser:
    ./src/components/ui/multi-select.tsx [Client Component Browser]
    ./src/components/expense-filters.tsx [Client Component Browser]
    ./src/app/expenses/page.tsx [Client Component Browser]
    ./src/app/expenses/page.tsx [Server Component]

  Client Component SSR:
    ./src/components/ui/multi-select.tsx [Client Component SSR]
    ./src/components/expense-filters.tsx [Client Component SSR]
    ./src/app/expenses/page.tsx [Client Component SSR]
    ./src/app/expenses/page.tsx [Server Component] @ http://localhost:3000/_next/static/chunks/node_modules_next_dist_20ud_8w._.js:2099
[  499616ms] [ERROR] ./src/components/ui/multi-select.tsx:145:13
Expected '</', got ';'
  143 |               </button>
  144 |             );
> 145 |           });
      |             ^
  146 |           },
  147 |           document.body
  148 |         )}

Parsing ecmascript source code failed

Import traces:
  Client Component Browser:
    ./src/components/ui/multi-select.tsx [Client Component Browser]
    ./src/components/expense-filters.tsx [Client Component Browser]
    ./src/app/expenses/page.tsx [Client Component Browser]
    ./src/app/expenses/page.tsx [Server Component]

  Client Component SSR:
    ./src/components/ui/multi-select.tsx [Client Component SSR]
    ./src/components/expense-filters.tsx [Client Component SSR]
    ./src/app/expenses/page.tsx [Client Component SSR]
    ./src/app/expenses/page.tsx [Server Component] @ http://localhost:3000/_next/static/chunks/node_modules_next_dist_20ud_8w._.js:2099
[  499683ms] [ERROR] ./src/components/ui/multi-select.tsx:145:13
Expected '</', got ';'
  143 |               </button>
  144 |             );
> 145 |           });
      |             ^
  146 |           },
  147 |           document.body
  148 |         )}

Parsing ecmascript source code failed

Import traces:
  Client Component Browser:
    ./src/components/ui/multi-select.tsx [Client Component Browser]
    ./src/components/expense-filters.tsx [Client Component Browser]
    ./src/app/expenses/page.tsx [Client Component Browser]
    ./src/app/expenses/page.tsx [Server Component]

  Client Component SSR:
    ./src/components/ui/multi-select.tsx [Client Component SSR]
    ./src/components/expense-filters.tsx [Client Component SSR]
    ./src/app/expenses/page.tsx [Client Component SSR]
    ./src/app/expenses/page.tsx [Server Component] @ http://localhost:3000/_next/static/chunks/node_modules_next_dist_20ud_8w._.js:2099
[  499742ms] [ERROR] ./src/components/ui/multi-select.tsx:145:13
Expected '</', got ';'
  143 |               </button>
  144 |             );
> 145 |           });
      |             ^
  146 |           },
  147 |           document.body
  148 |         )}

Parsing ecmascript source code failed

Import traces:
  Client Component Browser:
    ./src/components/ui/multi-select.tsx [Client Component Browser]
    ./src/components/expense-filters.tsx [Client Component Browser]
    ./src/app/expenses/page.tsx [Client Component Browser]
    ./src/app/expenses/page.tsx [Server Component]

  Client Component SSR:
    ./src/components/ui/multi-select.tsx [Client Component SSR]
    ./src/components/expense-filters.tsx [Client Component SSR]
    ./src/app/expenses/page.tsx [Client Component SSR]
    ./src/app/expenses/page.tsx [Server Component] @ http://localhost:3000/_next/static/chunks/node_modules_next_dist_20ud_8w._.js:2099
[  499805ms] [ERROR] ./src/components/ui/multi-select.tsx:145:13
Expected '</', got ';'
  143 |               </button>
  144 |             );
> 145 |           });
      |             ^
  146 |           },
  147 |           document.body
  148 |         )}

Parsing ecmascript source code failed

Import traces:
  Client Component Browser:
    ./src/components/ui/multi-select.tsx [Client Component Browser]
    ./src/components/expense-filters.tsx [Client Component Browser]
    ./src/app/expenses/page.tsx [Client Component Browser]
    ./src/app/expenses/page.tsx [Server Component]

  Client Component SSR:
    ./src/components/ui/multi-select.tsx [Client Component SSR]
    ./src/components/expense-filters.tsx [Client Component SSR]
    ./src/app/expenses/page.tsx [Client Component SSR]
    ./src/app/expenses/page.tsx [Server Component] @ http://localhost:3000/_next/static/chunks/node_modules_next_dist_20ud_8w._.js:2099
[  499869ms] [ERROR] ./src/components/ui/multi-select.tsx:145:13
Expected '</', got ';'
  143 |               </button>
  144 |             );
> 145 |           });
      |             ^
  146 |           },
  147 |           document.body
  148 |         )}

Parsing ecmascript source code failed

Import traces:
  Client Component Browser:
    ./src/components/ui/multi-select.tsx [Client Component Browser]
    ./src/components/expense-filters.tsx [Client Component Browser]
    ./src/app/expenses/page.tsx [Client Component Browser]
    ./src/app/expenses/page.tsx [Server Component]

  Client Component SSR:
    ./src/components/ui/multi-select.tsx [Client Component SSR]
    ./src/components/expense-filters.tsx [Client Component SSR]
    ./src/app/expenses/page.tsx [Client Component SSR]
    ./src/app/expenses/page.tsx [Server Component] @ http://localhost:3000/_next/static/chunks/node_modules_next_dist_20ud_8w._.js:2099
[  499931ms] [ERROR] ./src/components/ui/multi-select.tsx:145:13
Expected '</', got ';'
  143 |               </button>
  144 |             );
> 145 |           });
      |             ^
  146 |           },
  147 |           document.body
  148 |         )}

Parsing ecmascript source code failed

Import traces:
  Client Component Browser:
    ./src/components/ui/multi-select.tsx [Client Component Browser]
    ./src/components/expense-filters.tsx [Client Component Browser]
    ./src/app/expenses/page.tsx [Client Component Browser]
    ./src/app/expenses/page.tsx [Server Component]

  Client Component SSR:
    ./src/components/ui/multi-select.tsx [Client Component SSR]
    ./src/components/expense-filters.tsx [Client Component SSR]
    ./src/app/expenses/page.tsx [Client Component SSR]
    ./src/app/expenses/page.tsx [Server Component] @ http://localhost:3000/_next/static/chunks/node_modules_next_dist_20ud_8w._.js:2099
[  499993ms] [ERROR] ./src/components/ui/multi-select.tsx:145:13
Expected '</', got ';'
  143 |               </button>
  144 |             );
> 145 |           });
      |             ^
  146 |           },
  147 |           document.body
  148 |         )}

Parsing ecmascript source code failed

Import traces:
  Client Component Browser:
    ./src/components/ui/multi-select.tsx [Client Component Browser]
    ./src/components/expense-filters.tsx [Client Component Browser]
    ./src/app/expenses/page.tsx [Client Component Browser]
    ./src/app/expenses/page.tsx [Server Component]

  Client Component SSR:
    ./src/components/ui/multi-select.tsx [Client Component SSR]
    ./src/components/expense-filters.tsx [Client Component SSR]
    ./src/app/expenses/page.tsx [Client Component SSR]
    ./src/app/expenses/page.tsx [Server Component] @ http://localhost:3000/_next/static/chunks/node_modules_next_dist_20ud_8w._.js:2099
[  500056ms] [ERROR] ./src/components/ui/multi-select.tsx:145:13
Expected '</', got ';'
  143 |               </button>
  144 |             );
> 145 |           });
      |             ^
  146 |           },
  147 |           document.body
  148 |         )}

Parsing ecmascript source code failed

Import traces:
  Client Component Browser:
    ./src/components/ui/multi-select.tsx [Client Component Browser]
    ./src/components/expense-filters.tsx [Client Component Browser]
    ./src/app/expenses/page.tsx [Client Component Browser]
    ./src/app/expenses/page.tsx [Server Component]

  Client Component SSR:
    ./src/components/ui/multi-select.tsx [Client Component SSR]
    ./src/components/expense-filters.tsx [Client Component SSR]
    ./src/app/expenses/page.tsx [Client Component SSR]
    ./src/app/expenses/page.tsx [Server Component] @ http://localhost:3000/_next/static/chunks/node_modules_next_dist_20ud_8w._.js:2099
[  500118ms] [ERROR] ./src/components/ui/multi-select.tsx:145:13
Expected '</', got ';'
  143 |               </button>
  144 |             );
> 145 |           });
      |             ^
  146 |           },
  147 |           document.body
  148 |         )}

Parsing ecmascript source code failed

Import traces:
  Client Component Browser:
    ./src/components/ui/multi-select.tsx [Client Component Browser]
    ./src/components/expense-filters.tsx [Client Component Browser]
    ./src/app/expenses/page.tsx [Client Component Browser]
    ./src/app/expenses/page.tsx [Server Component]

  Client Component SSR:
    ./src/components/ui/multi-select.tsx [Client Component SSR]
    ./src/components/expense-filters.tsx [Client Component SSR]
    ./src/app/expenses/page.tsx [Client Component SSR]
    ./src/app/expenses/page.tsx [Server Component] @ http://localhost:3000/_next/static/chunks/node_modules_next_dist_20ud_8w._.js:2099
[  500181ms] [ERROR] ./src/components/ui/multi-select.tsx:145:13
Expected '</', got ';'
  143 |               </button>
  144 |             );
> 145 |           });
      |             ^
  146 |           },
  147 |           document.body
  148 |         )}

Parsing ecmascript source code failed

Import traces:
  Client Component Browser:
    ./src/components/ui/multi-select.tsx [Client Component Browser]
    ./src/components/expense-filters.tsx [Client Component Browser]
    ./src/app/expenses/page.tsx [Client Component Browser]
    ./src/app/expenses/page.tsx [Server Component]

  Client Component SSR:
    ./src/components/ui/multi-select.tsx [Client Component SSR]
    ./src/components/expense-filters.tsx [Client Component SSR]
    ./src/app/expenses/page.tsx [Client Component SSR]
    ./src/app/expenses/page.tsx [Server Component] @ http://localhost:3000/_next/static/chunks/node_modules_next_dist_20ud_8w._.js:2099
[  500242ms] [ERROR] ./src/components/ui/multi-select.tsx:145:13
Expected '</', got ';'
  143 |               </button>
  144 |             );
> 145 |           });
      |             ^
  146 |           },
  147 |           document.body
  148 |         )}

Parsing ecmascript source code failed

Import traces:
  Client Component Browser:
    ./src/components/ui/multi-select.tsx [Client Component Browser]
    ./src/components/expense-filters.tsx [Client Component Browser]
    ./src/app/expenses/page.tsx [Client Component Browser]
    ./src/app/expenses/page.tsx [Server Component]

  Client Component SSR:
    ./src/components/ui/multi-select.tsx [Client Component SSR]
    ./src/components/expense-filters.tsx [Client Component SSR]
    ./src/app/expenses/page.tsx [Client Component SSR]
    ./src/app/expenses/page.tsx [Server Component] @ http://localhost:3000/_next/static/chunks/node_modules_next_dist_20ud_8w._.js:2099
[  500306ms] [ERROR] ./src/components/ui/multi-select.tsx:145:13
Expected '</', got ';'
  143 |               </button>
  144 |             );
> 145 |           });
      |             ^
  146 |           },
  147 |           document.body
  148 |         )}

Parsing ecmascript source code failed

Import traces:
  Client Component Browser:
    ./src/components/ui/multi-select.tsx [Client Component Browser]
    ./src/components/expense-filters.tsx [Client Component Browser]
    ./src/app/expenses/page.tsx [Client Component Browser]
    ./src/app/expenses/page.tsx [Server Component]

  Client Component SSR:
    ./src/components/ui/multi-select.tsx [Client Component SSR]
    ./src/components/expense-filters.tsx [Client Component SSR]
    ./src/app/expenses/page.tsx [Client Component SSR]
    ./src/app/expenses/page.tsx [Server Component] @ http://localhost:3000/_next/static/chunks/node_modules_next_dist_20ud_8w._.js:2099
[  500366ms] [ERROR] ./src/components/ui/multi-select.tsx:145:13
Expected '</', got ';'
  143 |               </button>
  144 |             );
> 145 |           });
      |             ^
  146 |           },
  147 |           document.body
  148 |         )}

Parsing ecmascript source code failed

Import traces:
  Client Component Browser:
    ./src/components/ui/multi-select.tsx [Client Component Browser]
    ./src/components/expense-filters.tsx [Client Component Browser]
    ./src/app/expenses/page.tsx [Client Component Browser]
    ./src/app/expenses/page.tsx [Server Component]

  Client Component SSR:
    ./src/components/ui/multi-select.tsx [Client Component SSR]
    ./src/components/expense-filters.tsx [Client Component SSR]
    ./src/app/expenses/page.tsx [Client Component SSR]
    ./src/app/expenses/page.tsx [Server Component] @ http://localhost:3000/_next/static/chunks/node_modules_next_dist_20ud_8w._.js:2099
[  500433ms] [ERROR] ./src/components/ui/multi-select.tsx:145:13
Expected '</', got ';'
  143 |               </button>
  144 |             );
> 145 |           });
      |             ^
  146 |           },
  147 |           document.body
  148 |         )}

Parsing ecmascript source code failed

Import traces:
  Client Component Browser:
    ./src/components/ui/multi-select.tsx [Client Component Browser]
    ./src/components/expense-filters.tsx [Client Component Browser]
    ./src/app/expenses/page.tsx [Client Component Browser]
    ./src/app/expenses/page.tsx [Server Component]

  Client Component SSR:
    ./src/components/ui/multi-select.tsx [Client Component SSR]
    ./src/components/expense-filters.tsx [Client Component SSR]
    ./src/app/expenses/page.tsx [Client Component SSR]
    ./src/app/expenses/page.tsx [Server Component] @ http://localhost:3000/_next/static/chunks/node_modules_next_dist_20ud_8w._.js:2099
[  500493ms] [ERROR] ./src/components/ui/multi-select.tsx:145:13
Expected '</', got ';'
  143 |               </button>
  144 |             );
> 145 |           });
      |             ^
  146 |           },
  147 |           document.body
  148 |         )}

Parsing ecmascript source code failed

Import traces:
  Client Component Browser:
    ./src/components/ui/multi-select.tsx [Client Component Browser]
    ./src/components/expense-filters.tsx [Client Component Browser]
    ./src/app/expenses/page.tsx [Client Component Browser]
    ./src/app/expenses/page.tsx [Server Component]

  Client Component SSR:
    ./src/components/ui/multi-select.tsx [Client Component SSR]
    ./src/components/expense-filters.tsx [Client Component SSR]
    ./src/app/expenses/page.tsx [Client Component SSR]
    ./src/app/expenses/page.tsx [Server Component] @ http://localhost:3000/_next/static/chunks/node_modules_next_dist_20ud_8w._.js:2099
[  500557ms] [ERROR] ./src/components/ui/multi-select.tsx:145:13
Expected '</', got ';'
  143 |               </button>
  144 |             );
> 145 |           });
      |             ^
  146 |           },
  147 |           document.body
  148 |         )}

Parsing ecmascript source code failed

Import traces:
  Client Component Browser:
    ./src/components/ui/multi-select.tsx [Client Component Browser]
    ./src/components/expense-filters.tsx [Client Component Browser]
    ./src/app/expenses/page.tsx [Client Component Browser]
    ./src/app/expenses/page.tsx [Server Component]

  Client Component SSR:
    ./src/components/ui/multi-select.tsx [Client Component SSR]
    ./src/components/expense-filters.tsx [Client Component SSR]
    ./src/app/expenses/page.tsx [Client Component SSR]
    ./src/app/expenses/page.tsx [Server Component] @ http://localhost:3000/_next/static/chunks/node_modules_next_dist_20ud_8w._.js:2099
[  500621ms] [ERROR] ./src/components/ui/multi-select.tsx:145:13
Expected '</', got ';'
  143 |               </button>
  144 |             );
> 145 |           });
      |             ^
  146 |           },
  147 |           document.body
  148 |         )}

Parsing ecmascript source code failed

Import traces:
  Client Component Browser:
    ./src/components/ui/multi-select.tsx [Client Component Browser]
    ./src/components/expense-filters.tsx [Client Component Browser]
    ./src/app/expenses/page.tsx [Client Component Browser]
    ./src/app/expenses/page.tsx [Server Component]

  Client Component SSR:
    ./src/components/ui/multi-select.tsx [Client Component SSR]
    ./src/components/expense-filters.tsx [Client Component SSR]
    ./src/app/expenses/page.tsx [Client Component SSR]
    ./src/app/expenses/page.tsx [Server Component] @ http://localhost:3000/_next/static/chunks/node_modules_next_dist_20ud_8w._.js:2099
[  500681ms] [ERROR] ./src/components/ui/multi-select.tsx:145:13
Expected '</', got ';'
  143 |               </button>
  144 |             );
> 145 |           });
      |             ^
  146 |           },
  147 |           document.body
  148 |         )}

Parsing ecmascript source code failed

Import traces:
  Client Component Browser:
    ./src/components/ui/multi-select.tsx [Client Component Browser]
    ./src/components/expense-filters.tsx [Client Component Browser]
    ./src/app/expenses/page.tsx [Client Component Browser]
    ./src/app/expenses/page.tsx [Server Component]

  Client Component SSR:
    ./src/components/ui/multi-select.tsx [Client Component SSR]
    ./src/components/expense-filters.tsx [Client Component SSR]
    ./src/app/expenses/page.tsx [Client Component SSR]
    ./src/app/expenses/page.tsx [Server Component] @ http://localhost:3000/_next/static/chunks/node_modules_next_dist_20ud_8w._.js:2099
[  500743ms] [ERROR] ./src/components/ui/multi-select.tsx:145:13
Expected '</', got ';'
  143 |               </button>
  144 |             );
> 145 |           });
      |             ^
  146 |           },
  147 |           document.body
  148 |         )}

Parsing ecmascript source code failed

Import traces:
  Client Component Browser:
    ./src/components/ui/multi-select.tsx [Client Component Browser]
    ./src/components/expense-filters.tsx [Client Component Browser]
    ./src/app/expenses/page.tsx [Client Component Browser]
    ./src/app/expenses/page.tsx [Server Component]

  Client Component SSR:
    ./src/components/ui/multi-select.tsx [Client Component SSR]
    ./src/components/expense-filters.tsx [Client Component SSR]
    ./src/app/expenses/page.tsx [Client Component SSR]
    ./src/app/expenses/page.tsx [Server Component] @ http://localhost:3000/_next/static/chunks/node_modules_next_dist_20ud_8w._.js:2099
[  500806ms] [ERROR] ./src/components/ui/multi-select.tsx:145:13
Expected '</', got ';'
  143 |               </button>
  144 |             );
> 145 |           });
      |             ^
  146 |           },
  147 |           document.body
  148 |         )}

Parsing ecmascript source code failed

Import traces:
  Client Component Browser:
    ./src/components/ui/multi-select.tsx [Client Component Browser]
    ./src/components/expense-filters.tsx [Client Component Browser]
    ./src/app/expenses/page.tsx [Client Component Browser]
    ./src/app/expenses/page.tsx [Server Component]

  Client Component SSR:
    ./src/components/ui/multi-select.tsx [Client Component SSR]
    ./src/components/expense-filters.tsx [Client Component SSR]
    ./src/app/expenses/page.tsx [Client Component SSR]
    ./src/app/expenses/page.tsx [Server Component] @ http://localhost:3000/_next/static/chunks/node_modules_next_dist_20ud_8w._.js:2099
[  500868ms] [ERROR] ./src/components/ui/multi-select.tsx:145:13
Expected '</', got ';'
  143 |               </button>
  144 |             );
> 145 |           });
      |             ^
  146 |           },
  147 |           document.body
  148 |         )}

Parsing ecmascript source code failed

Import traces:
  Client Component Browser:
    ./src/components/ui/multi-select.tsx [Client Component Browser]
    ./src/components/expense-filters.tsx [Client Component Browser]
    ./src/app/expenses/page.tsx [Client Component Browser]
    ./src/app/expenses/page.tsx [Server Component]

  Client Component SSR:
    ./src/components/ui/multi-select.tsx [Client Component SSR]
    ./src/components/expense-filters.tsx [Client Component SSR]
    ./src/app/expenses/page.tsx [Client Component SSR]
    ./src/app/expenses/page.tsx [Server Component] @ http://localhost:3000/_next/static/chunks/node_modules_next_dist_20ud_8w._.js:2099
[  500937ms] [ERROR] ./src/components/ui/multi-select.tsx:145:13
Expected '</', got ';'
  143 |               </button>
  144 |             );
> 145 |           });
      |             ^
  146 |           },
  147 |           document.body
  148 |         )}

Parsing ecmascript source code failed

Import traces:
  Client Component Browser:
    ./src/components/ui/multi-select.tsx [Client Component Browser]
    ./src/components/expense-filters.tsx [Client Component Browser]
    ./src/app/expenses/page.tsx [Client Component Browser]
    ./src/app/expenses/page.tsx [Server Component]

  Client Component SSR:
    ./src/components/ui/multi-select.tsx [Client Component SSR]
    ./src/components/expense-filters.tsx [Client Component SSR]
    ./src/app/expenses/page.tsx [Client Component SSR]
    ./src/app/expenses/page.tsx [Server Component] @ http://localhost:3000/_next/static/chunks/node_modules_next_dist_20ud_8w._.js:2099
[  500993ms] [ERROR] ./src/components/ui/multi-select.tsx:145:13
Expected '</', got ';'
  143 |               </button>
  144 |             );
> 145 |           });
      |             ^
  146 |           },
  147 |           document.body
  148 |         )}

Parsing ecmascript source code failed

Import traces:
  Client Component Browser:
    ./src/components/ui/multi-select.tsx [Client Component Browser]
    ./src/components/expense-filters.tsx [Client Component Browser]
    ./src/app/expenses/page.tsx [Client Component Browser]
    ./src/app/expenses/page.tsx [Server Component]

  Client Component SSR:
    ./src/components/ui/multi-select.tsx [Client Component SSR]
    ./src/components/expense-filters.tsx [Client Component SSR]
    ./src/app/expenses/page.tsx [Client Component SSR]
    ./src/app/expenses/page.tsx [Server Component] @ http://localhost:3000/_next/static/chunks/node_modules_next_dist_20ud_8w._.js:2099
[  501054ms] [ERROR] ./src/components/ui/multi-select.tsx:145:13
Expected '</', got ';'
  143 |               </button>
  144 |             );
> 145 |           });
      |             ^
  146 |           },
  147 |           document.body
  148 |         )}

Parsing ecmascript source code failed

Import traces:
  Client Component Browser:
    ./src/components/ui/multi-select.tsx [Client Component Browser]
    ./src/components/expense-filters.tsx [Client Component Browser]
    ./src/app/expenses/page.tsx [Client Component Browser]
    ./src/app/expenses/page.tsx [Server Component]

  Client Component SSR:
    ./src/components/ui/multi-select.tsx [Client Component SSR]
    ./src/components/expense-filters.tsx [Client Component SSR]
    ./src/app/expenses/page.tsx [Client Component SSR]
    ./src/app/expenses/page.tsx [Server Component] @ http://localhost:3000/_next/static/chunks/node_modules_next_dist_20ud_8w._.js:2099
[  501118ms] [ERROR] ./src/components/ui/multi-select.tsx:145:13
Expected '</', got ';'
  143 |               </button>
  144 |             );
> 145 |           });
      |             ^
  146 |           },
  147 |           document.body
  148 |         )}

Parsing ecmascript source code failed

Import traces:
  Client Component Browser:
    ./src/components/ui/multi-select.tsx [Client Component Browser]
    ./src/components/expense-filters.tsx [Client Component Browser]
    ./src/app/expenses/page.tsx [Client Component Browser]
    ./src/app/expenses/page.tsx [Server Component]

  Client Component SSR:
    ./src/components/ui/multi-select.tsx [Client Component SSR]
    ./src/components/expense-filters.tsx [Client Component SSR]
    ./src/app/expenses/page.tsx [Client Component SSR]
    ./src/app/expenses/page.tsx [Server Component] @ http://localhost:3000/_next/static/chunks/node_modules_next_dist_20ud_8w._.js:2099
[  501179ms] [ERROR] ./src/components/ui/multi-select.tsx:145:13
Expected '</', got ';'
  143 |               </button>
  144 |             );
> 145 |           });
      |             ^
  146 |           },
  147 |           document.body
  148 |         )}

Parsing ecmascript source code failed

Import traces:
  Client Component Browser:
    ./src/components/ui/multi-select.tsx [Client Component Browser]
    ./src/components/expense-filters.tsx [Client Component Browser]
    ./src/app/expenses/page.tsx [Client Component Browser]
    ./src/app/expenses/page.tsx [Server Component]

  Client Component SSR:
    ./src/components/ui/multi-select.tsx [Client Component SSR]
    ./src/components/expense-filters.tsx [Client Component SSR]
    ./src/app/expenses/page.tsx [Client Component SSR]
    ./src/app/expenses/page.tsx [Server Component] @ http://localhost:3000/_next/static/chunks/node_modules_next_dist_20ud_8w._.js:2099
[  501239ms] [ERROR] ./src/components/ui/multi-select.tsx:145:13
Expected '</', got ';'
  143 |               </button>
  144 |             );
> 145 |           });
      |             ^
  146 |           },
  147 |           document.body
  148 |         )}

Parsing ecmascript source code failed

Import traces:
  Client Component Browser:
    ./src/components/ui/multi-select.tsx [Client Component Browser]
    ./src/components/expense-filters.tsx [Client Component Browser]
    ./src/app/expenses/page.tsx [Client Component Browser]
    ./src/app/expenses/page.tsx [Server Component]

  Client Component SSR:
    ./src/components/ui/multi-select.tsx [Client Component SSR]
    ./src/components/expense-filters.tsx [Client Component SSR]
    ./src/app/expenses/page.tsx [Client Component SSR]
    ./src/app/expenses/page.tsx [Server Component] @ http://localhost:3000/_next/static/chunks/node_modules_next_dist_20ud_8w._.js:2099
[  501306ms] [ERROR] ./src/components/ui/multi-select.tsx:145:13
Expected '</', got ';'
  143 |               </button>
  144 |             );
> 145 |           });
      |             ^
  146 |           },
  147 |           document.body
  148 |         )}

Parsing ecmascript source code failed

Import traces:
  Client Component Browser:
    ./src/components/ui/multi-select.tsx [Client Component Browser]
    ./src/components/expense-filters.tsx [Client Component Browser]
    ./src/app/expenses/page.tsx [Client Component Browser]
    ./src/app/expenses/page.tsx [Server Component]

  Client Component SSR:
    ./src/components/ui/multi-select.tsx [Client Component SSR]
    ./src/components/expense-filters.tsx [Client Component SSR]
    ./src/app/expenses/page.tsx [Client Component SSR]
    ./src/app/expenses/page.tsx [Server Component] @ http://localhost:3000/_next/static/chunks/node_modules_next_dist_20ud_8w._.js:2099
[  501366ms] [ERROR] ./src/components/ui/multi-select.tsx:145:13
Expected '</', got ';'
  143 |               </button>
  144 |             );
> 145 |           });
      |             ^
  146 |           },
  147 |           document.body
  148 |         )}

Parsing ecmascript source code failed

Import traces:
  Client Component Browser:
    ./src/components/ui/multi-select.tsx [Client Component Browser]
    ./src/components/expense-filters.tsx [Client Component Browser]
    ./src/app/expenses/page.tsx [Client Component Browser]
    ./src/app/expenses/page.tsx [Server Component]

  Client Component SSR:
    ./src/components/ui/multi-select.tsx [Client Component SSR]
    ./src/components/expense-filters.tsx [Client Component SSR]
    ./src/app/expenses/page.tsx [Client Component SSR]
    ./src/app/expenses/page.tsx [Server Component] @ http://localhost:3000/_next/static/chunks/node_modules_next_dist_20ud_8w._.js:2099
[  501429ms] [ERROR] ./src/components/ui/multi-select.tsx:145:13
Expected '</', got ';'
  143 |               </button>
  144 |             );
> 145 |           });
      |             ^
  146 |           },
  147 |           document.body
  148 |         )}

Parsing ecmascript source code failed

Import traces:
  Client Component Browser:
    ./src/components/ui/multi-select.tsx [Client Component Browser]
    ./src/components/expense-filters.tsx [Client Component Browser]
    ./src/app/expenses/page.tsx [Client Component Browser]
    ./src/app/expenses/page.tsx [Server Component]

  Client Component SSR:
    ./src/components/ui/multi-select.tsx [Client Component SSR]
    ./src/components/expense-filters.tsx [Client Component SSR]
    ./src/app/expenses/page.tsx [Client Component SSR]
    ./src/app/expenses/page.tsx [Server Component] @ http://localhost:3000/_next/static/chunks/node_modules_next_dist_20ud_8w._.js:2099
[  501490ms] [ERROR] ./src/components/ui/multi-select.tsx:145:13
Expected '</', got ';'
  143 |               </button>
  144 |             );
> 145 |           });
      |             ^
  146 |           },
  147 |           document.body
  148 |         )}

Parsing ecmascript source code failed

Import traces:
  Client Component Browser:
    ./src/components/ui/multi-select.tsx [Client Component Browser]
    ./src/components/expense-filters.tsx [Client Component Browser]
    ./src/app/expenses/page.tsx [Client Component Browser]
    ./src/app/expenses/page.tsx [Server Component]

  Client Component SSR:
    ./src/components/ui/multi-select.tsx [Client Component SSR]
    ./src/components/expense-filters.tsx [Client Component SSR]
    ./src/app/expenses/page.tsx [Client Component SSR]
    ./src/app/expenses/page.tsx [Server Component] @ http://localhost:3000/_next/static/chunks/node_modules_next_dist_20ud_8w._.js:2099
[  501553ms] [ERROR] ./src/components/ui/multi-select.tsx:145:13
Expected '</', got ';'
  143 |               </button>
  144 |             );
> 145 |           });
      |             ^
  146 |           },
  147 |           document.body
  148 |         )}

Parsing ecmascript source code failed

Import traces:
  Client Component Browser:
    ./src/components/ui/multi-select.tsx [Client Component Browser]
    ./src/components/expense-filters.tsx [Client Component Browser]
    ./src/app/expenses/page.tsx [Client Component Browser]
    ./src/app/expenses/page.tsx [Server Component]

  Client Component SSR:
    ./src/components/ui/multi-select.tsx [Client Component SSR]
    ./src/components/expense-filters.tsx [Client Component SSR]
    ./src/app/expenses/page.tsx [Client Component SSR]
    ./src/app/expenses/page.tsx [Server Component] @ http://localhost:3000/_next/static/chunks/node_modules_next_dist_20ud_8w._.js:2099
[  501617ms] [ERROR] ./src/components/ui/multi-select.tsx:145:13
Expected '</', got ';'
  143 |               </button>
  144 |             );
> 145 |           });
      |             ^
  146 |           },
  147 |           document.body
  148 |         )}

Parsing ecmascript source code failed

Import traces:
  Client Component Browser:
    ./src/components/ui/multi-select.tsx [Client Component Browser]
    ./src/components/expense-filters.tsx [Client Component Browser]
    ./src/app/expenses/page.tsx [Client Component Browser]
    ./src/app/expenses/page.tsx [Server Component]

  Client Component SSR:
    ./src/components/ui/multi-select.tsx [Client Component SSR]
    ./src/components/expense-filters.tsx [Client Component SSR]
    ./src/app/expenses/page.tsx [Client Component SSR]
    ./src/app/expenses/page.tsx [Server Component] @ http://localhost:3000/_next/static/chunks/node_modules_next_dist_20ud_8w._.js:2099
[  501677ms] [ERROR] ./src/components/ui/multi-select.tsx:145:13
Expected '</', got ';'
  143 |               </button>
  144 |             );
> 145 |           });
      |             ^
  146 |           },
  147 |           document.body
  148 |         )}

Parsing ecmascript source code failed

Import traces:
  Client Component Browser:
    ./src/components/ui/multi-select.tsx [Client Component Browser]
    ./src/components/expense-filters.tsx [Client Component Browser]
    ./src/app/expenses/page.tsx [Client Component Browser]
    ./src/app/expenses/page.tsx [Server Component]

  Client Component SSR:
    ./src/components/ui/multi-select.tsx [Client Component SSR]
    ./src/components/expense-filters.tsx [Client Component SSR]
    ./src/app/expenses/page.tsx [Client Component SSR]
    ./src/app/expenses/page.tsx [Server Component] @ http://localhost:3000/_next/static/chunks/node_modules_next_dist_20ud_8w._.js:2099
[  501740ms] [ERROR] ./src/components/ui/multi-select.tsx:145:13
Expected '</', got ';'
  143 |               </button>
  144 |             );
> 145 |           });
      |             ^
  146 |           },
  147 |           document.body
  148 |         )}

Parsing ecmascript source code failed

Import traces:
  Client Component Browser:
    ./src/components/ui/multi-select.tsx [Client Component Browser]
    ./src/components/expense-filters.tsx [Client Component Browser]
    ./src/app/expenses/page.tsx [Client Component Browser]
    ./src/app/expenses/page.tsx [Server Component]

  Client Component SSR:
    ./src/components/ui/multi-select.tsx [Client Component SSR]
    ./src/components/expense-filters.tsx [Client Component SSR]
    ./src/app/expenses/page.tsx [Client Component SSR]
    ./src/app/expenses/page.tsx [Server Component] @ http://localhost:3000/_next/static/chunks/node_modules_next_dist_20ud_8w._.js:2099
[  501802ms] [ERROR] ./src/components/ui/multi-select.tsx:145:13
Expected '</', got ';'
  143 |               </button>
  144 |             );
> 145 |           });
      |             ^
  146 |           },
  147 |           document.body
  148 |         )}

Parsing ecmascript source code failed

Import traces:
  Client Component Browser:
    ./src/components/ui/multi-select.tsx [Client Component Browser]
    ./src/components/expense-filters.tsx [Client Component Browser]
    ./src/app/expenses/page.tsx [Client Component Browser]
    ./src/app/expenses/page.tsx [Server Component]

  Client Component SSR:
    ./src/components/ui/multi-select.tsx [Client Component SSR]
    ./src/components/expense-filters.tsx [Client Component SSR]
    ./src/app/expenses/page.tsx [Client Component SSR]
    ./src/app/expenses/page.tsx [Server Component] @ http://localhost:3000/_next/static/chunks/node_modules_next_dist_20ud_8w._.js:2099
[  501866ms] [ERROR] ./src/components/ui/multi-select.tsx:145:13
Expected '</', got ';'
  143 |               </button>
  144 |             );
> 145 |           });
      |             ^
  146 |           },
  147 |           document.body
  148 |         )}

Parsing ecmascript source code failed

Import traces:
  Client Component Browser:
    ./src/components/ui/multi-select.tsx [Client Component Browser]
    ./src/components/expense-filters.tsx [Client Component Browser]
    ./src/app/expenses/page.tsx [Client Component Browser]
    ./src/app/expenses/page.tsx [Server Component]

  Client Component SSR:
    ./src/components/ui/multi-select.tsx [Client Component SSR]
    ./src/components/expense-filters.tsx [Client Component SSR]
    ./src/app/expenses/page.tsx [Client Component SSR]
    ./src/app/expenses/page.tsx [Server Component] @ http://localhost:3000/_next/static/chunks/node_modules_next_dist_20ud_8w._.js:2099
[  501929ms] [ERROR] ./src/components/ui/multi-select.tsx:145:13
Expected '</', got ';'
  143 |               </button>
  144 |             );
> 145 |           });
      |             ^
  146 |           },
  147 |           document.body
  148 |         )}

Parsing ecmascript source code failed

Import traces:
  Client Component Browser:
    ./src/components/ui/multi-select.tsx [Client Component Browser]
    ./src/components/expense-filters.tsx [Client Component Browser]
    ./src/app/expenses/page.tsx [Client Component Browser]
    ./src/app/expenses/page.tsx [Server Component]

  Client Component SSR:
    ./src/components/ui/multi-select.tsx [Client Component SSR]
    ./src/components/expense-filters.tsx [Client Component SSR]
    ./src/app/expenses/page.tsx [Client Component SSR]
    ./src/app/expenses/page.tsx [Server Component] @ http://localhost:3000/_next/static/chunks/node_modules_next_dist_20ud_8w._.js:2099
[  501991ms] [ERROR] ./src/components/ui/multi-select.tsx:145:13
Expected '</', got ';'
  143 |               </button>
  144 |             );
> 145 |           });
      |             ^
  146 |           },
  147 |           document.body
  148 |         )}

Parsing ecmascript source code failed

Import traces:
  Client Component Browser:
    ./src/components/ui/multi-select.tsx [Client Component Browser]
    ./src/components/expense-filters.tsx [Client Component Browser]
    ./src/app/expenses/page.tsx [Client Component Browser]
    ./src/app/expenses/page.tsx [Server Component]

  Client Component SSR:
    ./src/components/ui/multi-select.tsx [Client Component SSR]
    ./src/components/expense-filters.tsx [Client Component SSR]
    ./src/app/expenses/page.tsx [Client Component SSR]
    ./src/app/expenses/page.tsx [Server Component] @ http://localhost:3000/_next/static/chunks/node_modules_next_dist_20ud_8w._.js:2099
[  502053ms] [ERROR] ./src/components/ui/multi-select.tsx:145:13
Expected '</', got ';'
  143 |               </button>
  144 |             );
> 145 |           });
      |             ^
  146 |           },
  147 |           document.body
  148 |         )}

Parsing ecmascript source code failed

Import traces:
  Client Component Browser:
    ./src/components/ui/multi-select.tsx [Client Component Browser]
    ./src/components/expense-filters.tsx [Client Component Browser]
    ./src/app/expenses/page.tsx [Client Component Browser]
    ./src/app/expenses/page.tsx [Server Component]

  Client Component SSR:
    ./src/components/ui/multi-select.tsx [Client Component SSR]
    ./src/components/expense-filters.tsx [Client Component SSR]
    ./src/app/expenses/page.tsx [Client Component SSR]
    ./src/app/expenses/page.tsx [Server Component] @ http://localhost:3000/_next/static/chunks/node_modules_next_dist_20ud_8w._.js:2099
[  502115ms] [ERROR] ./src/components/ui/multi-select.tsx:145:13
Expected '</', got ';'
  143 |               </button>
  144 |             );
> 145 |           });
      |             ^
  146 |           },
  147 |           document.body
  148 |         )}

Parsing ecmascript source code failed

Import traces:
  Client Component Browser:
    ./src/components/ui/multi-select.tsx [Client Component Browser]
    ./src/components/expense-filters.tsx [Client Component Browser]
    ./src/app/expenses/page.tsx [Client Component Browser]
    ./src/app/expenses/page.tsx [Server Component]

  Client Component SSR:
    ./src/components/ui/multi-select.tsx [Client Component SSR]
    ./src/components/expense-filters.tsx [Client Component SSR]
    ./src/app/expenses/page.tsx [Client Component SSR]
    ./src/app/expenses/page.tsx [Server Component] @ http://localhost:3000/_next/static/chunks/node_modules_next_dist_20ud_8w._.js:2099
[  502183ms] [ERROR] ./src/components/ui/multi-select.tsx:145:13
Expected '</', got ';'
  143 |               </button>
  144 |             );
> 145 |           });
      |             ^
  146 |           },
  147 |           document.body
  148 |         )}

Parsing ecmascript source code failed

Import traces:
  Client Component Browser:
    ./src/components/ui/multi-select.tsx [Client Component Browser]
    ./src/components/expense-filters.tsx [Client Component Browser]
    ./src/app/expenses/page.tsx [Client Component Browser]
    ./src/app/expenses/page.tsx [Server Component]

  Client Component SSR:
    ./src/components/ui/multi-select.tsx [Client Component SSR]
    ./src/components/expense-filters.tsx [Client Component SSR]
    ./src/app/expenses/page.tsx [Client Component SSR]
    ./src/app/expenses/page.tsx [Server Component] @ http://localhost:3000/_next/static/chunks/node_modules_next_dist_20ud_8w._.js:2099
[  502240ms] [ERROR] ./src/components/ui/multi-select.tsx:145:13
Expected '</', got ';'
  143 |               </button>
  144 |             );
> 145 |           });
      |             ^
  146 |           },
  147 |           document.body
  148 |         )}

Parsing ecmascript source code failed

Import traces:
  Client Component Browser:
    ./src/components/ui/multi-select.tsx [Client Component Browser]
    ./src/components/expense-filters.tsx [Client Component Browser]
    ./src/app/expenses/page.tsx [Client Component Browser]
    ./src/app/expenses/page.tsx [Server Component]

  Client Component SSR:
    ./src/components/ui/multi-select.tsx [Client Component SSR]
    ./src/components/expense-filters.tsx [Client Component SSR]
    ./src/app/expenses/page.tsx [Client Component SSR]
    ./src/app/expenses/page.tsx [Server Component] @ http://localhost:3000/_next/static/chunks/node_modules_next_dist_20ud_8w._.js:2099
[  502308ms] [ERROR] ./src/components/ui/multi-select.tsx:145:13
Expected '</', got ';'
  143 |               </button>
  144 |             );
> 145 |           });
      |             ^
  146 |           },
  147 |           document.body
  148 |         )}

Parsing ecmascript source code failed

Import traces:
  Client Component Browser:
    ./src/components/ui/multi-select.tsx [Client Component Browser]
    ./src/components/expense-filters.tsx [Client Component Browser]
    ./src/app/expenses/page.tsx [Client Component Browser]
    ./src/app/expenses/page.tsx [Server Component]

  Client Component SSR:
    ./src/components/ui/multi-select.tsx [Client Component SSR]
    ./src/components/expense-filters.tsx [Client Component SSR]
    ./src/app/expenses/page.tsx [Client Component SSR]
    ./src/app/expenses/page.tsx [Server Component] @ http://localhost:3000/_next/static/chunks/node_modules_next_dist_20ud_8w._.js:2099
[  502367ms] [ERROR] ./src/components/ui/multi-select.tsx:145:13
Expected '</', got ';'
  143 |               </button>
  144 |             );
> 145 |           });
      |             ^
  146 |           },
  147 |           document.body
  148 |         )}

Parsing ecmascript source code failed

Import traces:
  Client Component Browser:
    ./src/components/ui/multi-select.tsx [Client Component Browser]
    ./src/components/expense-filters.tsx [Client Component Browser]
    ./src/app/expenses/page.tsx [Client Component Browser]
    ./src/app/expenses/page.tsx [Server Component]

  Client Component SSR:
    ./src/components/ui/multi-select.tsx [Client Component SSR]
    ./src/components/expense-filters.tsx [Client Component SSR]
    ./src/app/expenses/page.tsx [Client Component SSR]
    ./src/app/expenses/page.tsx [Server Component] @ http://localhost:3000/_next/static/chunks/node_modules_next_dist_20ud_8w._.js:2099
[  502427ms] [ERROR] ./src/components/ui/multi-select.tsx:145:13
Expected '</', got ';'
  143 |               </button>
  144 |             );
> 145 |           });
      |             ^
  146 |           },
  147 |           document.body
  148 |         )}

Parsing ecmascript source code failed

Import traces:
  Client Component Browser:
    ./src/components/ui/multi-select.tsx [Client Component Browser]
    ./src/components/expense-filters.tsx [Client Component Browser]
    ./src/app/expenses/page.tsx [Client Component Browser]
    ./src/app/expenses/page.tsx [Server Component]

  Client Component SSR:
    ./src/components/ui/multi-select.tsx [Client Component SSR]
    ./src/components/expense-filters.tsx [Client Component SSR]
    ./src/app/expenses/page.tsx [Client Component SSR]
    ./src/app/expenses/page.tsx [Server Component] @ http://localhost:3000/_next/static/chunks/node_modules_next_dist_20ud_8w._.js:2099
[  502487ms] [ERROR] ./src/components/ui/multi-select.tsx:145:13
Expected '</', got ';'
  143 |               </button>
  144 |             );
> 145 |           });
      |             ^
  146 |           },
  147 |           document.body
  148 |         )}

Parsing ecmascript source code failed

Import traces:
  Client Component Browser:
    ./src/components/ui/multi-select.tsx [Client Component Browser]
    ./src/components/expense-filters.tsx [Client Component Browser]
    ./src/app/expenses/page.tsx [Client Component Browser]
    ./src/app/expenses/page.tsx [Server Component]

  Client Component SSR:
    ./src/components/ui/multi-select.tsx [Client Component SSR]
    ./src/components/expense-filters.tsx [Client Component SSR]
    ./src/app/expenses/page.tsx [Client Component SSR]
    ./src/app/expenses/page.tsx [Server Component] @ http://localhost:3000/_next/static/chunks/node_modules_next_dist_20ud_8w._.js:2099
[  502548ms] [ERROR] ./src/components/ui/multi-select.tsx:145:13
Expected '</', got ';'
  143 |               </button>
  144 |             );
> 145 |           });
      |             ^
  146 |           },
  147 |           document.body
  148 |         )}

Parsing ecmascript source code failed

Import traces:
  Client Component Browser:
    ./src/components/ui/multi-select.tsx [Client Component Browser]
    ./src/components/expense-filters.tsx [Client Component Browser]
    ./src/app/expenses/page.tsx [Client Component Browser]
    ./src/app/expenses/page.tsx [Server Component]

  Client Component SSR:
    ./src/components/ui/multi-select.tsx [Client Component SSR]
    ./src/components/expense-filters.tsx [Client Component SSR]
    ./src/app/expenses/page.tsx [Client Component SSR]
    ./src/app/expenses/page.tsx [Server Component] @ http://localhost:3000/_next/static/chunks/node_modules_next_dist_20ud_8w._.js:2099
[  502609ms] [ERROR] ./src/components/ui/multi-select.tsx:145:13
Expected '</', got ';'
  143 |               </button>
  144 |             );
> 145 |           });
      |             ^
  146 |           },
  147 |           document.body
  148 |         )}

Parsing ecmascript source code failed

Import traces:
  Client Component Browser:
    ./src/components/ui/multi-select.tsx [Client Component Browser]
    ./src/components/expense-filters.tsx [Client Component Browser]
    ./src/app/expenses/page.tsx [Client Component Browser]
    ./src/app/expenses/page.tsx [Server Component]

  Client Component SSR:
    ./src/components/ui/multi-select.tsx [Client Component SSR]
    ./src/components/expense-filters.tsx [Client Component SSR]
    ./src/app/expenses/page.tsx [Client Component SSR]
    ./src/app/expenses/page.tsx [Server Component] @ http://localhost:3000/_next/static/chunks/node_modules_next_dist_20ud_8w._.js:2099
[  502671ms] [ERROR] ./src/components/ui/multi-select.tsx:145:13
Expected '</', got ';'
  143 |               </button>
  144 |             );
> 145 |           });
      |             ^
  146 |           },
  147 |           document.body
  148 |         )}

Parsing ecmascript source code failed

Import traces:
  Client Component Browser:
    ./src/components/ui/multi-select.tsx [Client Component Browser]
    ./src/components/expense-filters.tsx [Client Component Browser]
    ./src/app/expenses/page.tsx [Client Component Browser]
    ./src/app/expenses/page.tsx [Server Component]

  Client Component SSR:
    ./src/components/ui/multi-select.tsx [Client Component SSR]
    ./src/components/expense-filters.tsx [Client Component SSR]
    ./src/app/expenses/page.tsx [Client Component SSR]
    ./src/app/expenses/page.tsx [Server Component] @ http://localhost:3000/_next/static/chunks/node_modules_next_dist_20ud_8w._.js:2099
[  502732ms] [ERROR] ./src/components/ui/multi-select.tsx:145:13
Expected '</', got ';'
  143 |               </button>
  144 |             );
> 145 |           });
      |             ^
  146 |           },
  147 |           document.body
  148 |         )}

Parsing ecmascript source code failed

Import traces:
  Client Component Browser:
    ./src/components/ui/multi-select.tsx [Client Component Browser]
    ./src/components/expense-filters.tsx [Client Component Browser]
    ./src/app/expenses/page.tsx [Client Component Browser]
    ./src/app/expenses/page.tsx [Server Component]

  Client Component SSR:
    ./src/components/ui/multi-select.tsx [Client Component SSR]
    ./src/components/expense-filters.tsx [Client Component SSR]
    ./src/app/expenses/page.tsx [Client Component SSR]
    ./src/app/expenses/page.tsx [Server Component] @ http://localhost:3000/_next/static/chunks/node_modules_next_dist_20ud_8w._.js:2099
[  502792ms] [ERROR] ./src/components/ui/multi-select.tsx:145:13
Expected '</', got ';'
  143 |               </button>
  144 |             );
> 145 |           });
      |             ^
  146 |           },
  147 |           document.body
  148 |         )}

Parsing ecmascript source code failed

Import traces:
  Client Component Browser:
    ./src/components/ui/multi-select.tsx [Client Component Browser]
    ./src/components/expense-filters.tsx [Client Component Browser]
    ./src/app/expenses/page.tsx [Client Component Browser]
    ./src/app/expenses/page.tsx [Server Component]

  Client Component SSR:
    ./src/components/ui/multi-select.tsx [Client Component SSR]
    ./src/components/expense-filters.tsx [Client Component SSR]
    ./src/app/expenses/page.tsx [Client Component SSR]
    ./src/app/expenses/page.tsx [Server Component] @ http://localhost:3000/_next/static/chunks/node_modules_next_dist_20ud_8w._.js:2099
[  502853ms] [ERROR] ./src/components/ui/multi-select.tsx:145:13
Expected '</', got ';'
  143 |               </button>
  144 |             );
> 145 |           });
      |             ^
  146 |           },
  147 |           document.body
  148 |         )}

Parsing ecmascript source code failed

Import traces:
  Client Component Browser:
    ./src/components/ui/multi-select.tsx [Client Component Browser]
    ./src/components/expense-filters.tsx [Client Component Browser]
    ./src/app/expenses/page.tsx [Client Component Browser]
    ./src/app/expenses/page.tsx [Server Component]

  Client Component SSR:
    ./src/components/ui/multi-select.tsx [Client Component SSR]
    ./src/components/expense-filters.tsx [Client Component SSR]
    ./src/app/expenses/page.tsx [Client Component SSR]
    ./src/app/expenses/page.tsx [Server Component] @ http://localhost:3000/_next/static/chunks/node_modules_next_dist_20ud_8w._.js:2099
[  502914ms] [ERROR] ./src/components/ui/multi-select.tsx:145:13
Expected '</', got ';'
  143 |               </button>
  144 |             );
> 145 |           });
      |             ^
  146 |           },
  147 |           document.body
  148 |         )}

Parsing ecmascript source code failed

Import traces:
  Client Component Browser:
    ./src/components/ui/multi-select.tsx [Client Component Browser]
    ./src/components/expense-filters.tsx [Client Component Browser]
    ./src/app/expenses/page.tsx [Client Component Browser]
    ./src/app/expenses/page.tsx [Server Component]

  Client Component SSR:
    ./src/components/ui/multi-select.tsx [Client Component SSR]
    ./src/components/expense-filters.tsx [Client Component SSR]
    ./src/app/expenses/page.tsx [Client Component SSR]
    ./src/app/expenses/page.tsx [Server Component] @ http://localhost:3000/_next/static/chunks/node_modules_next_dist_20ud_8w._.js:2099
[  502977ms] [ERROR] ./src/components/ui/multi-select.tsx:145:13
Expected '</', got ';'
  143 |               </button>
  144 |             );
> 145 |           });
      |             ^
  146 |           },
  147 |           document.body
  148 |         )}

Parsing ecmascript source code failed

Import traces:
  Client Component Browser:
    ./src/components/ui/multi-select.tsx [Client Component Browser]
    ./src/components/expense-filters.tsx [Client Component Browser]
    ./src/app/expenses/page.tsx [Client Component Browser]
    ./src/app/expenses/page.tsx [Server Component]

  Client Component SSR:
    ./src/components/ui/multi-select.tsx [Client Component SSR]
    ./src/components/expense-filters.tsx [Client Component SSR]
    ./src/app/expenses/page.tsx [Client Component SSR]
    ./src/app/expenses/page.tsx [Server Component] @ http://localhost:3000/_next/static/chunks/node_modules_next_dist_20ud_8w._.js:2099
[  503037ms] [ERROR] ./src/components/ui/multi-select.tsx:145:13
Expected '</', got ';'
  143 |               </button>
  144 |             );
> 145 |           });
      |             ^
  146 |           },
  147 |           document.body
  148 |         )}

Parsing ecmascript source code failed

Import traces:
  Client Component Browser:
    ./src/components/ui/multi-select.tsx [Client Component Browser]
    ./src/components/expense-filters.tsx [Client Component Browser]
    ./src/app/expenses/page.tsx [Client Component Browser]
    ./src/app/expenses/page.tsx [Server Component]

  Client Component SSR:
    ./src/components/ui/multi-select.tsx [Client Component SSR]
    ./src/components/expense-filters.tsx [Client Component SSR]
    ./src/app/expenses/page.tsx [Client Component SSR]
    ./src/app/expenses/page.tsx [Server Component] @ http://localhost:3000/_next/static/chunks/node_modules_next_dist_20ud_8w._.js:2099
[  503099ms] [ERROR] ./src/components/ui/multi-select.tsx:145:13
Expected '</', got ';'
  143 |               </button>
  144 |             );
> 145 |           });
      |             ^
  146 |           },
  147 |           document.body
  148 |         )}

Parsing ecmascript source code failed

Import traces:
  Client Component Browser:
    ./src/components/ui/multi-select.tsx [Client Component Browser]
    ./src/components/expense-filters.tsx [Client Component Browser]
    ./src/app/expenses/page.tsx [Client Component Browser]
    ./src/app/expenses/page.tsx [Server Component]

  Client Component SSR:
    ./src/components/ui/multi-select.tsx [Client Component SSR]
    ./src/components/expense-filters.tsx [Client Component SSR]
    ./src/app/expenses/page.tsx [Client Component SSR]
    ./src/app/expenses/page.tsx [Server Component] @ http://localhost:3000/_next/static/chunks/node_modules_next_dist_20ud_8w._.js:2099
[  503162ms] [ERROR] ./src/components/ui/multi-select.tsx:145:13
Expected '</', got ';'
  143 |               </button>
  144 |             );
> 145 |           });
      |             ^
  146 |           },
  147 |           document.body
  148 |         )}

Parsing ecmascript source code failed

Import traces:
  Client Component Browser:
    ./src/components/ui/multi-select.tsx [Client Component Browser]
    ./src/components/expense-filters.tsx [Client Component Browser]
    ./src/app/expenses/page.tsx [Client Component Browser]
    ./src/app/expenses/page.tsx [Server Component]

  Client Component SSR:
    ./src/components/ui/multi-select.tsx [Client Component SSR]
    ./src/components/expense-filters.tsx [Client Component SSR]
    ./src/app/expenses/page.tsx [Client Component SSR]
    ./src/app/expenses/page.tsx [Server Component] @ http://localhost:3000/_next/static/chunks/node_modules_next_dist_20ud_8w._.js:2099
[  503222ms] [ERROR] ./src/components/ui/multi-select.tsx:145:13
Expected '</', got ';'
  143 |               </button>
  144 |             );
> 145 |           });
      |             ^
  146 |           },
  147 |           document.body
  148 |         )}

Parsing ecmascript source code failed

Import traces:
  Client Component Browser:
    ./src/components/ui/multi-select.tsx [Client Component Browser]
    ./src/components/expense-filters.tsx [Client Component Browser]
    ./src/app/expenses/page.tsx [Client Component Browser]
    ./src/app/expenses/page.tsx [Server Component]

  Client Component SSR:
    ./src/components/ui/multi-select.tsx [Client Component SSR]
    ./src/components/expense-filters.tsx [Client Component SSR]
    ./src/app/expenses/page.tsx [Client Component SSR]
    ./src/app/expenses/page.tsx [Server Component] @ http://localhost:3000/_next/static/chunks/node_modules_next_dist_20ud_8w._.js:2099
[  503288ms] [ERROR] ./src/components/ui/multi-select.tsx:145:13
Expected '</', got ';'
  143 |               </button>
  144 |             );
> 145 |           });
      |             ^
  146 |           },
  147 |           document.body
  148 |         )}

Parsing ecmascript source code failed

Import traces:
  Client Component Browser:
    ./src/components/ui/multi-select.tsx [Client Component Browser]
    ./src/components/expense-filters.tsx [Client Component Browser]
    ./src/app/expenses/page.tsx [Client Component Browser]
    ./src/app/expenses/page.tsx [Server Component]

  Client Component SSR:
    ./src/components/ui/multi-select.tsx [Client Component SSR]
    ./src/components/expense-filters.tsx [Client Component SSR]
    ./src/app/expenses/page.tsx [Client Component SSR]
    ./src/app/expenses/page.tsx [Server Component] @ http://localhost:3000/_next/static/chunks/node_modules_next_dist_20ud_8w._.js:2099
[  503346ms] [ERROR] ./src/components/ui/multi-select.tsx:145:13
Expected '</', got ';'
  143 |               </button>
  144 |             );
> 145 |           });
      |             ^
  146 |           },
  147 |           document.body
  148 |         )}

Parsing ecmascript source code failed

Import traces:
  Client Component Browser:
    ./src/components/ui/multi-select.tsx [Client Component Browser]
    ./src/components/expense-filters.tsx [Client Component Browser]
    ./src/app/expenses/page.tsx [Client Component Browser]
    ./src/app/expenses/page.tsx [Server Component]

  Client Component SSR:
    ./src/components/ui/multi-select.tsx [Client Component SSR]
    ./src/components/expense-filters.tsx [Client Component SSR]
    ./src/app/expenses/page.tsx [Client Component SSR]
    ./src/app/expenses/page.tsx [Server Component] @ http://localhost:3000/_next/static/chunks/node_modules_next_dist_20ud_8w._.js:2099
[  503408ms] [ERROR] ./src/components/ui/multi-select.tsx:145:13
Expected '</', got ';'
  143 |               </button>
  144 |             );
> 145 |           });
      |             ^
  146 |           },
  147 |           document.body
  148 |         )}

Parsing ecmascript source code failed

Import traces:
  Client Component Browser:
    ./src/components/ui/multi-select.tsx [Client Component Browser]
    ./src/components/expense-filters.tsx [Client Component Browser]
    ./src/app/expenses/page.tsx [Client Component Browser]
    ./src/app/expenses/page.tsx [Server Component]

  Client Component SSR:
    ./src/components/ui/multi-select.tsx [Client Component SSR]
    ./src/components/expense-filters.tsx [Client Component SSR]
    ./src/app/expenses/page.tsx [Client Component SSR]
    ./src/app/expenses/page.tsx [Server Component] @ http://localhost:3000/_next/static/chunks/node_modules_next_dist_20ud_8w._.js:2099
[  503470ms] [ERROR] ./src/components/ui/multi-select.tsx:145:13
Expected '</', got ';'
  143 |               </button>
  144 |             );
> 145 |           });
      |             ^
  146 |           },
  147 |           document.body
  148 |         )}

Parsing ecmascript source code failed

Import traces:
  Client Component Browser:
    ./src/components/ui/multi-select.tsx [Client Component Browser]
    ./src/components/expense-filters.tsx [Client Component Browser]
    ./src/app/expenses/page.tsx [Client Component Browser]
    ./src/app/expenses/page.tsx [Server Component]

  Client Component SSR:
    ./src/components/ui/multi-select.tsx [Client Component SSR]
    ./src/components/expense-filters.tsx [Client Component SSR]
    ./src/app/expenses/page.tsx [Client Component SSR]
    ./src/app/expenses/page.tsx [Server Component] @ http://localhost:3000/_next/static/chunks/node_modules_next_dist_20ud_8w._.js:2099
[  503530ms] [ERROR] ./src/components/ui/multi-select.tsx:145:13
Expected '</', got ';'
  143 |               </button>
  144 |             );
> 145 |           });
      |             ^
  146 |           },
  147 |           document.body
  148 |         )}

Parsing ecmascript source code failed

Import traces:
  Client Component Browser:
    ./src/components/ui/multi-select.tsx [Client Component Browser]
    ./src/components/expense-filters.tsx [Client Component Browser]
    ./src/app/expenses/page.tsx [Client Component Browser]
    ./src/app/expenses/page.tsx [Server Component]

  Client Component SSR:
    ./src/components/ui/multi-select.tsx [Client Component SSR]
    ./src/components/expense-filters.tsx [Client Component SSR]
    ./src/app/expenses/page.tsx [Client Component SSR]
    ./src/app/expenses/page.tsx [Server Component] @ http://localhost:3000/_next/static/chunks/node_modules_next_dist_20ud_8w._.js:2099
[  503591ms] [ERROR] ./src/components/ui/multi-select.tsx:145:13
Expected '</', got ';'
  143 |               </button>
  144 |             );
> 145 |           });
      |             ^
  146 |           },
  147 |           document.body
  148 |         )}

Parsing ecmascript source code failed

Import traces:
  Client Component Browser:
    ./src/components/ui/multi-select.tsx [Client Component Browser]
    ./src/components/expense-filters.tsx [Client Component Browser]
    ./src/app/expenses/page.tsx [Client Component Browser]
    ./src/app/expenses/page.tsx [Server Component]

  Client Component SSR:
    ./src/components/ui/multi-select.tsx [Client Component SSR]
    ./src/components/expense-filters.tsx [Client Component SSR]
    ./src/app/expenses/page.tsx [Client Component SSR]
    ./src/app/expenses/page.tsx [Server Component] @ http://localhost:3000/_next/static/chunks/node_modules_next_dist_20ud_8w._.js:2099
[  503654ms] [ERROR] ./src/components/ui/multi-select.tsx:145:13
Expected '</', got ';'
  143 |               </button>
  144 |             );
> 145 |           });
      |             ^
  146 |           },
  147 |           document.body
  148 |         )}

Parsing ecmascript source code failed

Import traces:
  Client Component Browser:
    ./src/components/ui/multi-select.tsx [Client Component Browser]
    ./src/components/expense-filters.tsx [Client Component Browser]
    ./src/app/expenses/page.tsx [Client Component Browser]
    ./src/app/expenses/page.tsx [Server Component]

  Client Component SSR:
    ./src/components/ui/multi-select.tsx [Client Component SSR]
    ./src/components/expense-filters.tsx [Client Component SSR]
    ./src/app/expenses/page.tsx [Client Component SSR]
    ./src/app/expenses/page.tsx [Server Component] @ http://localhost:3000/_next/static/chunks/node_modules_next_dist_20ud_8w._.js:2099
[  503715ms] [ERROR] ./src/components/ui/multi-select.tsx:145:13
Expected '</', got ';'
  143 |               </button>
  144 |             );
> 145 |           });
      |             ^
  146 |           },
  147 |           document.body
  148 |         )}

Parsing ecmascript source code failed

Import traces:
  Client Component Browser:
    ./src/components/ui/multi-select.tsx [Client Component Browser]
    ./src/components/expense-filters.tsx [Client Component Browser]
    ./src/app/expenses/page.tsx [Client Component Browser]
    ./src/app/expenses/page.tsx [Server Component]

  Client Component SSR:
    ./src/components/ui/multi-select.tsx [Client Component SSR]
    ./src/components/expense-filters.tsx [Client Component SSR]
    ./src/app/expenses/page.tsx [Client Component SSR]
    ./src/app/expenses/page.tsx [Server Component] @ http://localhost:3000/_next/static/chunks/node_modules_next_dist_20ud_8w._.js:2099
[  503778ms] [ERROR] ./src/components/ui/multi-select.tsx:145:13
Expected '</', got ';'
  143 |               </button>
  144 |             );
> 145 |           });
      |             ^
  146 |           },
  147 |           document.body
  148 |         )}

Parsing ecmascript source code failed

Import traces:
  Client Component Browser:
    ./src/components/ui/multi-select.tsx [Client Component Browser]
    ./src/components/expense-filters.tsx [Client Component Browser]
    ./src/app/expenses/page.tsx [Client Component Browser]
    ./src/app/expenses/page.tsx [Server Component]

  Client Component SSR:
    ./src/components/ui/multi-select.tsx [Client Component SSR]
    ./src/components/expense-filters.tsx [Client Component SSR]
    ./src/app/expenses/page.tsx [Client Component SSR]
    ./src/app/expenses/page.tsx [Server Component] @ http://localhost:3000/_next/static/chunks/node_modules_next_dist_20ud_8w._.js:2099
[  503846ms] [ERROR] ./src/components/ui/multi-select.tsx:145:13
Expected '</', got ';'
  143 |               </button>
  144 |             );
> 145 |           });
      |             ^
  146 |           },
  147 |           document.body
  148 |         )}

Parsing ecmascript source code failed

Import traces:
  Client Component Browser:
    ./src/components/ui/multi-select.tsx [Client Component Browser]
    ./src/components/expense-filters.tsx [Client Component Browser]
    ./src/app/expenses/page.tsx [Client Component Browser]
    ./src/app/expenses/page.tsx [Server Component]

  Client Component SSR:
    ./src/components/ui/multi-select.tsx [Client Component SSR]
    ./src/components/expense-filters.tsx [Client Component SSR]
    ./src/app/expenses/page.tsx [Client Component SSR]
    ./src/app/expenses/page.tsx [Server Component] @ http://localhost:3000/_next/static/chunks/node_modules_next_dist_20ud_8w._.js:2099
[  503904ms] [ERROR] ./src/components/ui/multi-select.tsx:145:13
Expected '</', got ';'
  143 |               </button>
  144 |             );
> 145 |           });
      |             ^
  146 |           },
  147 |           document.body
  148 |         )}

Parsing ecmascript source code failed

Import traces:
  Client Component Browser:
    ./src/components/ui/multi-select.tsx [Client Component Browser]
    ./src/components/expense-filters.tsx [Client Component Browser]
    ./src/app/expenses/page.tsx [Client Component Browser]
    ./src/app/expenses/page.tsx [Server Component]

  Client Component SSR:
    ./src/components/ui/multi-select.tsx [Client Component SSR]
    ./src/components/expense-filters.tsx [Client Component SSR]
    ./src/app/expenses/page.tsx [Client Component SSR]
    ./src/app/expenses/page.tsx [Server Component] @ http://localhost:3000/_next/static/chunks/node_modules_next_dist_20ud_8w._.js:2099
[  503964ms] [ERROR] ./src/components/ui/multi-select.tsx:145:13
Expected '</', got ';'
  143 |               </button>
  144 |             );
> 145 |           });
      |             ^
  146 |           },
  147 |           document.body
  148 |         )}

Parsing ecmascript source code failed

Import traces:
  Client Component Browser:
    ./src/components/ui/multi-select.tsx [Client Component Browser]
    ./src/components/expense-filters.tsx [Client Component Browser]
    ./src/app/expenses/page.tsx [Client Component Browser]
    ./src/app/expenses/page.tsx [Server Component]

  Client Component SSR:
    ./src/components/ui/multi-select.tsx [Client Component SSR]
    ./src/components/expense-filters.tsx [Client Component SSR]
    ./src/app/expenses/page.tsx [Client Component SSR]
    ./src/app/expenses/page.tsx [Server Component] @ http://localhost:3000/_next/static/chunks/node_modules_next_dist_20ud_8w._.js:2099
[  504034ms] [ERROR] ./src/components/ui/multi-select.tsx:145:13
Expected '</', got ';'
  143 |               </button>
  144 |             );
> 145 |           });
      |             ^
  146 |           },
  147 |           document.body
  148 |         )}

Parsing ecmascript source code failed

Import traces:
  Client Component Browser:
    ./src/components/ui/multi-select.tsx [Client Component Browser]
    ./src/components/expense-filters.tsx [Client Component Browser]
    ./src/app/expenses/page.tsx [Client Component Browser]
    ./src/app/expenses/page.tsx [Server Component]

  Client Component SSR:
    ./src/components/ui/multi-select.tsx [Client Component SSR]
    ./src/components/expense-filters.tsx [Client Component SSR]
    ./src/app/expenses/page.tsx [Client Component SSR]
    ./src/app/expenses/page.tsx [Server Component] @ http://localhost:3000/_next/static/chunks/node_modules_next_dist_20ud_8w._.js:2099
[  504090ms] [ERROR] ./src/components/ui/multi-select.tsx:145:13
Expected '</', got ';'
  143 |               </button>
  144 |             );
> 145 |           });
      |             ^
  146 |           },
  147 |           document.body
  148 |         )}

Parsing ecmascript source code failed

Import traces:
  Client Component Browser:
    ./src/components/ui/multi-select.tsx [Client Component Browser]
    ./src/components/expense-filters.tsx [Client Component Browser]
    ./src/app/expenses/page.tsx [Client Component Browser]
    ./src/app/expenses/page.tsx [Server Component]

  Client Component SSR:
    ./src/components/ui/multi-select.tsx [Client Component SSR]
    ./src/components/expense-filters.tsx [Client Component SSR]
    ./src/app/expenses/page.tsx [Client Component SSR]
    ./src/app/expenses/page.tsx [Server Component] @ http://localhost:3000/_next/static/chunks/node_modules_next_dist_20ud_8w._.js:2099
[  504153ms] [ERROR] ./src/components/ui/multi-select.tsx:145:13
Expected '</', got ';'
  143 |               </button>
  144 |             );
> 145 |           });
      |             ^
  146 |           },
  147 |           document.body
  148 |         )}

Parsing ecmascript source code failed

Import traces:
  Client Component Browser:
    ./src/components/ui/multi-select.tsx [Client Component Browser]
    ./src/components/expense-filters.tsx [Client Component Browser]
    ./src/app/expenses/page.tsx [Client Component Browser]
    ./src/app/expenses/page.tsx [Server Component]

  Client Component SSR:
    ./src/components/ui/multi-select.tsx [Client Component SSR]
    ./src/components/expense-filters.tsx [Client Component SSR]
    ./src/app/expenses/page.tsx [Client Component SSR]
    ./src/app/expenses/page.tsx [Server Component] @ http://localhost:3000/_next/static/chunks/node_modules_next_dist_20ud_8w._.js:2099
[  504215ms] [ERROR] ./src/components/ui/multi-select.tsx:145:13
Expected '</', got ';'
  143 |               </button>
  144 |             );
> 145 |           });
      |             ^
  146 |           },
  147 |           document.body
  148 |         )}

Parsing ecmascript source code failed

Import traces:
  Client Component Browser:
    ./src/components/ui/multi-select.tsx [Client Component Browser]
    ./src/components/expense-filters.tsx [Client Component Browser]
    ./src/app/expenses/page.tsx [Client Component Browser]
    ./src/app/expenses/page.tsx [Server Component]

  Client Component SSR:
    ./src/components/ui/multi-select.tsx [Client Component SSR]
    ./src/components/expense-filters.tsx [Client Component SSR]
    ./src/app/expenses/page.tsx [Client Component SSR]
    ./src/app/expenses/page.tsx [Server Component] @ http://localhost:3000/_next/static/chunks/node_modules_next_dist_20ud_8w._.js:2099
[  504278ms] [ERROR] ./src/components/ui/multi-select.tsx:145:13
Expected '</', got ';'
  143 |               </button>
  144 |             );
> 145 |           });
      |             ^
  146 |           },
  147 |           document.body
  148 |         )}

Parsing ecmascript source code failed

Import traces:
  Client Component Browser:
    ./src/components/ui/multi-select.tsx [Client Component Browser]
    ./src/components/expense-filters.tsx [Client Component Browser]
    ./src/app/expenses/page.tsx [Client Component Browser]
    ./src/app/expenses/page.tsx [Server Component]

  Client Component SSR:
    ./src/components/ui/multi-select.tsx [Client Component SSR]
    ./src/components/expense-filters.tsx [Client Component SSR]
    ./src/app/expenses/page.tsx [Client Component SSR]
    ./src/app/expenses/page.tsx [Server Component] @ http://localhost:3000/_next/static/chunks/node_modules_next_dist_20ud_8w._.js:2099
[  504338ms] [ERROR] ./src/components/ui/multi-select.tsx:145:13
Expected '</', got ';'
  143 |               </button>
  144 |             );
> 145 |           });
      |             ^
  146 |           },
  147 |           document.body
  148 |         )}

Parsing ecmascript source code failed

Import traces:
  Client Component Browser:
    ./src/components/ui/multi-select.tsx [Client Component Browser]
    ./src/components/expense-filters.tsx [Client Component Browser]
    ./src/app/expenses/page.tsx [Client Component Browser]
    ./src/app/expenses/page.tsx [Server Component]

  Client Component SSR:
    ./src/components/ui/multi-select.tsx [Client Component SSR]
    ./src/components/expense-filters.tsx [Client Component SSR]
    ./src/app/expenses/page.tsx [Client Component SSR]
    ./src/app/expenses/page.tsx [Server Component] @ http://localhost:3000/_next/static/chunks/node_modules_next_dist_20ud_8w._.js:2099
[  504399ms] [ERROR] ./src/components/ui/multi-select.tsx:145:13
Expected '</', got ';'
  143 |               </button>
  144 |             );
> 145 |           });
      |             ^
  146 |           },
  147 |           document.body
  148 |         )}

Parsing ecmascript source code failed

Import traces:
  Client Component Browser:
    ./src/components/ui/multi-select.tsx [Client Component Browser]
    ./src/components/expense-filters.tsx [Client Component Browser]
    ./src/app/expenses/page.tsx [Client Component Browser]
    ./src/app/expenses/page.tsx [Server Component]

  Client Component SSR:
    ./src/components/ui/multi-select.tsx [Client Component SSR]
    ./src/components/expense-filters.tsx [Client Component SSR]
    ./src/app/expenses/page.tsx [Client Component SSR]
    ./src/app/expenses/page.tsx [Server Component] @ http://localhost:3000/_next/static/chunks/node_modules_next_dist_20ud_8w._.js:2099
[  504463ms] [ERROR] ./src/components/ui/multi-select.tsx:145:13
Expected '</', got ';'
  143 |               </button>
  144 |             );
> 145 |           });
      |             ^
  146 |           },
  147 |           document.body
  148 |         )}

Parsing ecmascript source code failed

Import traces:
  Client Component Browser:
    ./src/components/ui/multi-select.tsx [Client Component Browser]
    ./src/components/expense-filters.tsx [Client Component Browser]
    ./src/app/expenses/page.tsx [Client Component Browser]
    ./src/app/expenses/page.tsx [Server Component]

  Client Component SSR:
    ./src/components/ui/multi-select.tsx [Client Component SSR]
    ./src/components/expense-filters.tsx [Client Component SSR]
    ./src/app/expenses/page.tsx [Client Component SSR]
    ./src/app/expenses/page.tsx [Server Component] @ http://localhost:3000/_next/static/chunks/node_modules_next_dist_20ud_8w._.js:2099
[  504525ms] [ERROR] ./src/components/ui/multi-select.tsx:145:13
Expected '</', got ';'
  143 |               </button>
  144 |             );
> 145 |           });
      |             ^
  146 |           },
  147 |           document.body
  148 |         )}

Parsing ecmascript source code failed

Import traces:
  Client Component Browser:
    ./src/components/ui/multi-select.tsx [Client Component Browser]
    ./src/components/expense-filters.tsx [Client Component Browser]
    ./src/app/expenses/page.tsx [Client Component Browser]
    ./src/app/expenses/page.tsx [Server Component]

  Client Component SSR:
    ./src/components/ui/multi-select.tsx [Client Component SSR]
    ./src/components/expense-filters.tsx [Client Component SSR]
    ./src/app/expenses/page.tsx [Client Component SSR]
    ./src/app/expenses/page.tsx [Server Component] @ http://localhost:3000/_next/static/chunks/node_modules_next_dist_20ud_8w._.js:2099
[  504588ms] [ERROR] ./src/components/ui/multi-select.tsx:145:13
Expected '</', got ';'
  143 |               </button>
  144 |             );
> 145 |           });
      |             ^
  146 |           },
  147 |           document.body
  148 |         )}

Parsing ecmascript source code failed

Import traces:
  Client Component Browser:
    ./src/components/ui/multi-select.tsx [Client Component Browser]
    ./src/components/expense-filters.tsx [Client Component Browser]
    ./src/app/expenses/page.tsx [Client Component Browser]
    ./src/app/expenses/page.tsx [Server Component]

  Client Component SSR:
    ./src/components/ui/multi-select.tsx [Client Component SSR]
    ./src/components/expense-filters.tsx [Client Component SSR]
    ./src/app/expenses/page.tsx [Client Component SSR]
    ./src/app/expenses/page.tsx [Server Component] @ http://localhost:3000/_next/static/chunks/node_modules_next_dist_20ud_8w._.js:2099
[  504652ms] [ERROR] ./src/components/ui/multi-select.tsx:145:13
Expected '</', got ';'
  143 |               </button>
  144 |             );
> 145 |           });
      |             ^
  146 |           },
  147 |           document.body
  148 |         )}

Parsing ecmascript source code failed

Import traces:
  Client Component Browser:
    ./src/components/ui/multi-select.tsx [Client Component Browser]
    ./src/components/expense-filters.tsx [Client Component Browser]
    ./src/app/expenses/page.tsx [Client Component Browser]
    ./src/app/expenses/page.tsx [Server Component]

  Client Component SSR:
    ./src/components/ui/multi-select.tsx [Client Component SSR]
    ./src/components/expense-filters.tsx [Client Component SSR]
    ./src/app/expenses/page.tsx [Client Component SSR]
    ./src/app/expenses/page.tsx [Server Component] @ http://localhost:3000/_next/static/chunks/node_modules_next_dist_20ud_8w._.js:2099
[  504714ms] [ERROR] ./src/components/ui/multi-select.tsx:145:13
Expected '</', got ';'
  143 |               </button>
  144 |             );
> 145 |           });
      |             ^
  146 |           },
  147 |           document.body
  148 |         )}

Parsing ecmascript source code failed

Import traces:
  Client Component Browser:
    ./src/components/ui/multi-select.tsx [Client Component Browser]
    ./src/components/expense-filters.tsx [Client Component Browser]
    ./src/app/expenses/page.tsx [Client Component Browser]
    ./src/app/expenses/page.tsx [Server Component]

  Client Component SSR:
    ./src/components/ui/multi-select.tsx [Client Component SSR]
    ./src/components/expense-filters.tsx [Client Component SSR]
    ./src/app/expenses/page.tsx [Client Component SSR]
    ./src/app/expenses/page.tsx [Server Component] @ http://localhost:3000/_next/static/chunks/node_modules_next_dist_20ud_8w._.js:2099
[  504775ms] [ERROR] ./src/components/ui/multi-select.tsx:145:13
Expected '</', got ';'
  143 |               </button>
  144 |             );
> 145 |           });
      |             ^
  146 |           },
  147 |           document.body
  148 |         )}

Parsing ecmascript source code failed

Import traces:
  Client Component Browser:
    ./src/components/ui/multi-select.tsx [Client Component Browser]
    ./src/components/expense-filters.tsx [Client Component Browser]
    ./src/app/expenses/page.tsx [Client Component Browser]
    ./src/app/expenses/page.tsx [Server Component]

  Client Component SSR:
    ./src/components/ui/multi-select.tsx [Client Component SSR]
    ./src/components/expense-filters.tsx [Client Component SSR]
    ./src/app/expenses/page.tsx [Client Component SSR]
    ./src/app/expenses/page.tsx [Server Component] @ http://localhost:3000/_next/static/chunks/node_modules_next_dist_20ud_8w._.js:2099
[  504837ms] [ERROR] ./src/components/ui/multi-select.tsx:145:13
Expected '</', got ';'
  143 |               </button>
  144 |             );
> 145 |           });
      |             ^
  146 |           },
  147 |           document.body
  148 |         )}

Parsing ecmascript source code failed

Import traces:
  Client Component Browser:
    ./src/components/ui/multi-select.tsx [Client Component Browser]
    ./src/components/expense-filters.tsx [Client Component Browser]
    ./src/app/expenses/page.tsx [Client Component Browser]
    ./src/app/expenses/page.tsx [Server Component]

  Client Component SSR:
    ./src/components/ui/multi-select.tsx [Client Component SSR]
    ./src/components/expense-filters.tsx [Client Component SSR]
    ./src/app/expenses/page.tsx [Client Component SSR]
    ./src/app/expenses/page.tsx [Server Component] @ http://localhost:3000/_next/static/chunks/node_modules_next_dist_20ud_8w._.js:2099
[  504900ms] [ERROR] ./src/components/ui/multi-select.tsx:145:13
Expected '</', got ';'
  143 |               </button>
  144 |             );
> 145 |           });
      |             ^
  146 |           },
  147 |           document.body
  148 |         )}

Parsing ecmascript source code failed

Import traces:
  Client Component Browser:
    ./src/components/ui/multi-select.tsx [Client Component Browser]
    ./src/components/expense-filters.tsx [Client Component Browser]
    ./src/app/expenses/page.tsx [Client Component Browser]
    ./src/app/expenses/page.tsx [Server Component]

  Client Component SSR:
    ./src/components/ui/multi-select.tsx [Client Component SSR]
    ./src/components/expense-filters.tsx [Client Component SSR]
    ./src/app/expenses/page.tsx [Client Component SSR]
    ./src/app/expenses/page.tsx [Server Component] @ http://localhost:3000/_next/static/chunks/node_modules_next_dist_20ud_8w._.js:2099
[  504963ms] [ERROR] ./src/components/ui/multi-select.tsx:145:13
Expected '</', got ';'
  143 |               </button>
  144 |             );
> 145 |           });
      |             ^
  146 |           },
  147 |           document.body
  148 |         )}

Parsing ecmascript source code failed

Import traces:
  Client Component Browser:
    ./src/components/ui/multi-select.tsx [Client Component Browser]
    ./src/components/expense-filters.tsx [Client Component Browser]
    ./src/app/expenses/page.tsx [Client Component Browser]
    ./src/app/expenses/page.tsx [Server Component]

  Client Component SSR:
    ./src/components/ui/multi-select.tsx [Client Component SSR]
    ./src/components/expense-filters.tsx [Client Component SSR]
    ./src/app/expenses/page.tsx [Client Component SSR]
    ./src/app/expenses/page.tsx [Server Component] @ http://localhost:3000/_next/static/chunks/node_modules_next_dist_20ud_8w._.js:2099
[  505025ms] [ERROR] ./src/components/ui/multi-select.tsx:145:13
Expected '</', got ';'
  143 |               </button>
  144 |             );
> 145 |           });
      |             ^
  146 |           },
  147 |           document.body
  148 |         )}

Parsing ecmascript source code failed

Import traces:
  Client Component Browser:
    ./src/components/ui/multi-select.tsx [Client Component Browser]
    ./src/components/expense-filters.tsx [Client Component Browser]
    ./src/app/expenses/page.tsx [Client Component Browser]
    ./src/app/expenses/page.tsx [Server Component]

  Client Component SSR:
    ./src/components/ui/multi-select.tsx [Client Component SSR]
    ./src/components/expense-filters.tsx [Client Component SSR]
    ./src/app/expenses/page.tsx [Client Component SSR]
    ./src/app/expenses/page.tsx [Server Component] @ http://localhost:3000/_next/static/chunks/node_modules_next_dist_20ud_8w._.js:2099
[  505088ms] [ERROR] ./src/components/ui/multi-select.tsx:145:13
Expected '</', got ';'
  143 |               </button>
  144 |             );
> 145 |           });
      |             ^
  146 |           },
  147 |           document.body
  148 |         )}

Parsing ecmascript source code failed

Import traces:
  Client Component Browser:
    ./src/components/ui/multi-select.tsx [Client Component Browser]
    ./src/components/expense-filters.tsx [Client Component Browser]
    ./src/app/expenses/page.tsx [Client Component Browser]
    ./src/app/expenses/page.tsx [Server Component]

  Client Component SSR:
    ./src/components/ui/multi-select.tsx [Client Component SSR]
    ./src/components/expense-filters.tsx [Client Component SSR]
    ./src/app/expenses/page.tsx [Client Component SSR]
    ./src/app/expenses/page.tsx [Server Component] @ http://localhost:3000/_next/static/chunks/node_modules_next_dist_20ud_8w._.js:2099
[  505149ms] [ERROR] ./src/components/ui/multi-select.tsx:145:13
Expected '</', got ';'
  143 |               </button>
  144 |             );
> 145 |           });
      |             ^
  146 |           },
  147 |           document.body
  148 |         )}

Parsing ecmascript source code failed

Import traces:
  Client Component Browser:
    ./src/components/ui/multi-select.tsx [Client Component Browser]
    ./src/components/expense-filters.tsx [Client Component Browser]
    ./src/app/expenses/page.tsx [Client Component Browser]
    ./src/app/expenses/page.tsx [Server Component]

  Client Component SSR:
    ./src/components/ui/multi-select.tsx [Client Component SSR]
    ./src/components/expense-filters.tsx [Client Component SSR]
    ./src/app/expenses/page.tsx [Client Component SSR]
    ./src/app/expenses/page.tsx [Server Component] @ http://localhost:3000/_next/static/chunks/node_modules_next_dist_20ud_8w._.js:2099
[  505210ms] [ERROR] ./src/components/ui/multi-select.tsx:145:13
Expected '</', got ';'
  143 |               </button>
  144 |             );
> 145 |           });
      |             ^
  146 |           },
  147 |           document.body
  148 |         )}

Parsing ecmascript source code failed

Import traces:
  Client Component Browser:
    ./src/components/ui/multi-select.tsx [Client Component Browser]
    ./src/components/expense-filters.tsx [Client Component Browser]
    ./src/app/expenses/page.tsx [Client Component Browser]
    ./src/app/expenses/page.tsx [Server Component]

  Client Component SSR:
    ./src/components/ui/multi-select.tsx [Client Component SSR]
    ./src/components/expense-filters.tsx [Client Component SSR]
    ./src/app/expenses/page.tsx [Client Component SSR]
    ./src/app/expenses/page.tsx [Server Component] @ http://localhost:3000/_next/static/chunks/node_modules_next_dist_20ud_8w._.js:2099
[  505273ms] [ERROR] ./src/components/ui/multi-select.tsx:145:13
Expected '</', got ';'
  143 |               </button>
  144 |             );
> 145 |           });
      |             ^
  146 |           },
  147 |           document.body
  148 |         )}

Parsing ecmascript source code failed

Import traces:
  Client Component Browser:
    ./src/components/ui/multi-select.tsx [Client Component Browser]
    ./src/components/expense-filters.tsx [Client Component Browser]
    ./src/app/expenses/page.tsx [Client Component Browser]
    ./src/app/expenses/page.tsx [Server Component]

  Client Component SSR:
    ./src/components/ui/multi-select.tsx [Client Component SSR]
    ./src/components/expense-filters.tsx [Client Component SSR]
    ./src/app/expenses/page.tsx [Client Component SSR]
    ./src/app/expenses/page.tsx [Server Component] @ http://localhost:3000/_next/static/chunks/node_modules_next_dist_20ud_8w._.js:2099
[  505333ms] [ERROR] ./src/components/ui/multi-select.tsx:145:13
Expected '</', got ';'
  143 |               </button>
  144 |             );
> 145 |           });
      |             ^
  146 |           },
  147 |           document.body
  148 |         )}

Parsing ecmascript source code failed

Import traces:
  Client Component Browser:
    ./src/components/ui/multi-select.tsx [Client Component Browser]
    ./src/components/expense-filters.tsx [Client Component Browser]
    ./src/app/expenses/page.tsx [Client Component Browser]
    ./src/app/expenses/page.tsx [Server Component]

  Client Component SSR:
    ./src/components/ui/multi-select.tsx [Client Component SSR]
    ./src/components/expense-filters.tsx [Client Component SSR]
    ./src/app/expenses/page.tsx [Client Component SSR]
    ./src/app/expenses/page.tsx [Server Component] @ http://localhost:3000/_next/static/chunks/node_modules_next_dist_20ud_8w._.js:2099
[  505396ms] [ERROR] ./src/components/ui/multi-select.tsx:145:13
Expected '</', got ';'
  143 |               </button>
  144 |             );
> 145 |           });
      |             ^
  146 |           },
  147 |           document.body
  148 |         )}

Parsing ecmascript source code failed

Import traces:
  Client Component Browser:
    ./src/components/ui/multi-select.tsx [Client Component Browser]
    ./src/components/expense-filters.tsx [Client Component Browser]
    ./src/app/expenses/page.tsx [Client Component Browser]
    ./src/app/expenses/page.tsx [Server Component]

  Client Component SSR:
    ./src/components/ui/multi-select.tsx [Client Component SSR]
    ./src/components/expense-filters.tsx [Client Component SSR]
    ./src/app/expenses/page.tsx [Client Component SSR]
    ./src/app/expenses/page.tsx [Server Component] @ http://localhost:3000/_next/static/chunks/node_modules_next_dist_20ud_8w._.js:2099
[  505457ms] [ERROR] ./src/components/ui/multi-select.tsx:145:13
Expected '</', got ';'
  143 |               </button>
  144 |             );
> 145 |           });
      |             ^
  146 |           },
  147 |           document.body
  148 |         )}

Parsing ecmascript source code failed

Import traces:
  Client Component Browser:
    ./src/components/ui/multi-select.tsx [Client Component Browser]
    ./src/components/expense-filters.tsx [Client Component Browser]
    ./src/app/expenses/page.tsx [Client Component Browser]
    ./src/app/expenses/page.tsx [Server Component]

  Client Component SSR:
    ./src/components/ui/multi-select.tsx [Client Component SSR]
    ./src/components/expense-filters.tsx [Client Component SSR]
    ./src/app/expenses/page.tsx [Client Component SSR]
    ./src/app/expenses/page.tsx [Server Component] @ http://localhost:3000/_next/static/chunks/node_modules_next_dist_20ud_8w._.js:2099
[  505521ms] [ERROR] ./src/components/ui/multi-select.tsx:145:13
Expected '</', got ';'
  143 |               </button>
  144 |             );
> 145 |           });
      |             ^
  146 |           },
  147 |           document.body
  148 |         )}

Parsing ecmascript source code failed

Import traces:
  Client Component Browser:
    ./src/components/ui/multi-select.tsx [Client Component Browser]
    ./src/components/expense-filters.tsx [Client Component Browser]
    ./src/app/expenses/page.tsx [Client Component Browser]
    ./src/app/expenses/page.tsx [Server Component]

  Client Component SSR:
    ./src/components/ui/multi-select.tsx [Client Component SSR]
    ./src/components/expense-filters.tsx [Client Component SSR]
    ./src/app/expenses/page.tsx [Client Component SSR]
    ./src/app/expenses/page.tsx [Server Component] @ http://localhost:3000/_next/static/chunks/node_modules_next_dist_20ud_8w._.js:2099
[  505585ms] [ERROR] ./src/components/ui/multi-select.tsx:145:13
Expected '</', got ';'
  143 |               </button>
  144 |             );
> 145 |           });
      |             ^
  146 |           },
  147 |           document.body
  148 |         )}

Parsing ecmascript source code failed

Import traces:
  Client Component Browser:
    ./src/components/ui/multi-select.tsx [Client Component Browser]
    ./src/components/expense-filters.tsx [Client Component Browser]
    ./src/app/expenses/page.tsx [Client Component Browser]
    ./src/app/expenses/page.tsx [Server Component]

  Client Component SSR:
    ./src/components/ui/multi-select.tsx [Client Component SSR]
    ./src/components/expense-filters.tsx [Client Component SSR]
    ./src/app/expenses/page.tsx [Client Component SSR]
    ./src/app/expenses/page.tsx [Server Component] @ http://localhost:3000/_next/static/chunks/node_modules_next_dist_20ud_8w._.js:2099
[  505646ms] [ERROR] ./src/components/ui/multi-select.tsx:145:13
Expected '</', got ';'
  143 |               </button>
  144 |             );
> 145 |           });
      |             ^
  146 |           },
  147 |           document.body
  148 |         )}

Parsing ecmascript source code failed

Import traces:
  Client Component Browser:
    ./src/components/ui/multi-select.tsx [Client Component Browser]
    ./src/components/expense-filters.tsx [Client Component Browser]
    ./src/app/expenses/page.tsx [Client Component Browser]
    ./src/app/expenses/page.tsx [Server Component]

  Client Component SSR:
    ./src/components/ui/multi-select.tsx [Client Component SSR]
    ./src/components/expense-filters.tsx [Client Component SSR]
    ./src/app/expenses/page.tsx [Client Component SSR]
    ./src/app/expenses/page.tsx [Server Component] @ http://localhost:3000/_next/static/chunks/node_modules_next_dist_20ud_8w._.js:2099
[  505709ms] [ERROR] ./src/components/ui/multi-select.tsx:145:13
Expected '</', got ';'
  143 |               </button>
  144 |             );
> 145 |           });
      |             ^
  146 |           },
  147 |           document.body
  148 |         )}

Parsing ecmascript source code failed

Import traces:
  Client Component Browser:
    ./src/components/ui/multi-select.tsx [Client Component Browser]
    ./src/components/expense-filters.tsx [Client Component Browser]
    ./src/app/expenses/page.tsx [Client Component Browser]
    ./src/app/expenses/page.tsx [Server Component]

  Client Component SSR:
    ./src/components/ui/multi-select.tsx [Client Component SSR]
    ./src/components/expense-filters.tsx [Client Component SSR]
    ./src/app/expenses/page.tsx [Client Component SSR]
    ./src/app/expenses/page.tsx [Server Component] @ http://localhost:3000/_next/static/chunks/node_modules_next_dist_20ud_8w._.js:2099
[  505767ms] [ERROR] ./src/components/ui/multi-select.tsx:145:13
Expected '</', got ';'
  143 |               </button>
  144 |             );
> 145 |           });
      |             ^
  146 |           },
  147 |           document.body
  148 |         )}

Parsing ecmascript source code failed

Import traces:
  Client Component Browser:
    ./src/components/ui/multi-select.tsx [Client Component Browser]
    ./src/components/expense-filters.tsx [Client Component Browser]
    ./src/app/expenses/page.tsx [Client Component Browser]
    ./src/app/expenses/page.tsx [Server Component]

  Client Component SSR:
    ./src/components/ui/multi-select.tsx [Client Component SSR]
    ./src/components/expense-filters.tsx [Client Component SSR]
    ./src/app/expenses/page.tsx [Client Component SSR]
    ./src/app/expenses/page.tsx [Server Component] @ http://localhost:3000/_next/static/chunks/node_modules_next_dist_20ud_8w._.js:2099
[  505830ms] [ERROR] ./src/components/ui/multi-select.tsx:145:13
Expected '</', got ';'
  143 |               </button>
  144 |             );
> 145 |           });
      |             ^
  146 |           },
  147 |           document.body
  148 |         )}

Parsing ecmascript source code failed

Import traces:
  Client Component Browser:
    ./src/components/ui/multi-select.tsx [Client Component Browser]
    ./src/components/expense-filters.tsx [Client Component Browser]
    ./src/app/expenses/page.tsx [Client Component Browser]
    ./src/app/expenses/page.tsx [Server Component]

  Client Component SSR:
    ./src/components/ui/multi-select.tsx [Client Component SSR]
    ./src/components/expense-filters.tsx [Client Component SSR]
    ./src/app/expenses/page.tsx [Client Component SSR]
    ./src/app/expenses/page.tsx [Server Component] @ http://localhost:3000/_next/static/chunks/node_modules_next_dist_20ud_8w._.js:2099
[  505890ms] [ERROR] ./src/components/ui/multi-select.tsx:145:13
Expected '</', got ';'
  143 |               </button>
  144 |             );
> 145 |           });
      |             ^
  146 |           },
  147 |           document.body
  148 |         )}

Parsing ecmascript source code failed

Import traces:
  Client Component Browser:
    ./src/components/ui/multi-select.tsx [Client Component Browser]
    ./src/components/expense-filters.tsx [Client Component Browser]
    ./src/app/expenses/page.tsx [Client Component Browser]
    ./src/app/expenses/page.tsx [Server Component]

  Client Component SSR:
    ./src/components/ui/multi-select.tsx [Client Component SSR]
    ./src/components/expense-filters.tsx [Client Component SSR]
    ./src/app/expenses/page.tsx [Client Component SSR]
    ./src/app/expenses/page.tsx [Server Component] @ http://localhost:3000/_next/static/chunks/node_modules_next_dist_20ud_8w._.js:2099
[  505952ms] [ERROR] ./src/components/ui/multi-select.tsx:145:13
Expected '</', got ';'
  143 |               </button>
  144 |             );
> 145 |           });
      |             ^
  146 |           },
  147 |           document.body
  148 |         )}

Parsing ecmascript source code failed

Import traces:
  Client Component Browser:
    ./src/components/ui/multi-select.tsx [Client Component Browser]
    ./src/components/expense-filters.tsx [Client Component Browser]
    ./src/app/expenses/page.tsx [Client Component Browser]
    ./src/app/expenses/page.tsx [Server Component]

  Client Component SSR:
    ./src/components/ui/multi-select.tsx [Client Component SSR]
    ./src/components/expense-filters.tsx [Client Component SSR]
    ./src/app/expenses/page.tsx [Client Component SSR]
    ./src/app/expenses/page.tsx [Server Component] @ http://localhost:3000/_next/static/chunks/node_modules_next_dist_20ud_8w._.js:2099
[  506014ms] [ERROR] ./src/components/ui/multi-select.tsx:145:13
Expected '</', got ';'
  143 |               </button>
  144 |             );
> 145 |           });
      |             ^
  146 |           },
  147 |           document.body
  148 |         )}

Parsing ecmascript source code failed

Import traces:
  Client Component Browser:
    ./src/components/ui/multi-select.tsx [Client Component Browser]
    ./src/components/expense-filters.tsx [Client Component Browser]
    ./src/app/expenses/page.tsx [Client Component Browser]
    ./src/app/expenses/page.tsx [Server Component]

  Client Component SSR:
    ./src/components/ui/multi-select.tsx [Client Component SSR]
    ./src/components/expense-filters.tsx [Client Component SSR]
    ./src/app/expenses/page.tsx [Client Component SSR]
    ./src/app/expenses/page.tsx [Server Component] @ http://localhost:3000/_next/static/chunks/node_modules_next_dist_20ud_8w._.js:2099
[  506076ms] [ERROR] ./src/components/ui/multi-select.tsx:145:13
Expected '</', got ';'
  143 |               </button>
  144 |             );
> 145 |           });
      |             ^
  146 |           },
  147 |           document.body
  148 |         )}

Parsing ecmascript source code failed

Import traces:
  Client Component Browser:
    ./src/components/ui/multi-select.tsx [Client Component Browser]
    ./src/components/expense-filters.tsx [Client Component Browser]
    ./src/app/expenses/page.tsx [Client Component Browser]
    ./src/app/expenses/page.tsx [Server Component]

  Client Component SSR:
    ./src/components/ui/multi-select.tsx [Client Component SSR]
    ./src/components/expense-filters.tsx [Client Component SSR]
    ./src/app/expenses/page.tsx [Client Component SSR]
    ./src/app/expenses/page.tsx [Server Component] @ http://localhost:3000/_next/static/chunks/node_modules_next_dist_20ud_8w._.js:2099
[  506142ms] [ERROR] ./src/components/ui/multi-select.tsx:145:13
Expected '</', got ';'
  143 |               </button>
  144 |             );
> 145 |           });
      |             ^
  146 |           },
  147 |           document.body
  148 |         )}

Parsing ecmascript source code failed

Import traces:
  Client Component Browser:
    ./src/components/ui/multi-select.tsx [Client Component Browser]
    ./src/components/expense-filters.tsx [Client Component Browser]
    ./src/app/expenses/page.tsx [Client Component Browser]
    ./src/app/expenses/page.tsx [Server Component]

  Client Component SSR:
    ./src/components/ui/multi-select.tsx [Client Component SSR]
    ./src/components/expense-filters.tsx [Client Component SSR]
    ./src/app/expenses/page.tsx [Client Component SSR]
    ./src/app/expenses/page.tsx [Server Component] @ http://localhost:3000/_next/static/chunks/node_modules_next_dist_20ud_8w._.js:2099
[  506201ms] [ERROR] ./src/components/ui/multi-select.tsx:145:13
Expected '</', got ';'
  143 |               </button>
  144 |             );
> 145 |           });
      |             ^
  146 |           },
  147 |           document.body
  148 |         )}

Parsing ecmascript source code failed

Import traces:
  Client Component Browser:
    ./src/components/ui/multi-select.tsx [Client Component Browser]
    ./src/components/expense-filters.tsx [Client Component Browser]
    ./src/app/expenses/page.tsx [Client Component Browser]
    ./src/app/expenses/page.tsx [Server Component]

  Client Component SSR:
    ./src/components/ui/multi-select.tsx [Client Component SSR]
    ./src/components/expense-filters.tsx [Client Component SSR]
    ./src/app/expenses/page.tsx [Client Component SSR]
    ./src/app/expenses/page.tsx [Server Component] @ http://localhost:3000/_next/static/chunks/node_modules_next_dist_20ud_8w._.js:2099
[  506266ms] [ERROR] ./src/components/ui/multi-select.tsx:145:13
Expected '</', got ';'
  143 |               </button>
  144 |             );
> 145 |           });
      |             ^
  146 |           },
  147 |           document.body
  148 |         )}

Parsing ecmascript source code failed

Import traces:
  Client Component Browser:
    ./src/components/ui/multi-select.tsx [Client Component Browser]
    ./src/components/expense-filters.tsx [Client Component Browser]
    ./src/app/expenses/page.tsx [Client Component Browser]
    ./src/app/expenses/page.tsx [Server Component]

  Client Component SSR:
    ./src/components/ui/multi-select.tsx [Client Component SSR]
    ./src/components/expense-filters.tsx [Client Component SSR]
    ./src/app/expenses/page.tsx [Client Component SSR]
    ./src/app/expenses/page.tsx [Server Component] @ http://localhost:3000/_next/static/chunks/node_modules_next_dist_20ud_8w._.js:2099
[  506327ms] [ERROR] ./src/components/ui/multi-select.tsx:145:13
Expected '</', got ';'
  143 |               </button>
  144 |             );
> 145 |           });
      |             ^
  146 |           },
  147 |           document.body
  148 |         )}

Parsing ecmascript source code failed

Import traces:
  Client Component Browser:
    ./src/components/ui/multi-select.tsx [Client Component Browser]
    ./src/components/expense-filters.tsx [Client Component Browser]
    ./src/app/expenses/page.tsx [Client Component Browser]
    ./src/app/expenses/page.tsx [Server Component]

  Client Component SSR:
    ./src/components/ui/multi-select.tsx [Client Component SSR]
    ./src/components/expense-filters.tsx [Client Component SSR]
    ./src/app/expenses/page.tsx [Client Component SSR]
    ./src/app/expenses/page.tsx [Server Component] @ http://localhost:3000/_next/static/chunks/node_modules_next_dist_20ud_8w._.js:2099
[  506388ms] [ERROR] ./src/components/ui/multi-select.tsx:145:13
Expected '</', got ';'
  143 |               </button>
  144 |             );
> 145 |           });
      |             ^
  146 |           },
  147 |           document.body
  148 |         )}

Parsing ecmascript source code failed

Import traces:
  Client Component Browser:
    ./src/components/ui/multi-select.tsx [Client Component Browser]
    ./src/components/expense-filters.tsx [Client Component Browser]
    ./src/app/expenses/page.tsx [Client Component Browser]
    ./src/app/expenses/page.tsx [Server Component]

  Client Component SSR:
    ./src/components/ui/multi-select.tsx [Client Component SSR]
    ./src/components/expense-filters.tsx [Client Component SSR]
    ./src/app/expenses/page.tsx [Client Component SSR]
    ./src/app/expenses/page.tsx [Server Component] @ http://localhost:3000/_next/static/chunks/node_modules_next_dist_20ud_8w._.js:2099
[  506452ms] [ERROR] ./src/components/ui/multi-select.tsx:145:13
Expected '</', got ';'
  143 |               </button>
  144 |             );
> 145 |           });
      |             ^
  146 |           },
  147 |           document.body
  148 |         )}

Parsing ecmascript source code failed

Import traces:
  Client Component Browser:
    ./src/components/ui/multi-select.tsx [Client Component Browser]
    ./src/components/expense-filters.tsx [Client Component Browser]
    ./src/app/expenses/page.tsx [Client Component Browser]
    ./src/app/expenses/page.tsx [Server Component]

  Client Component SSR:
    ./src/components/ui/multi-select.tsx [Client Component SSR]
    ./src/components/expense-filters.tsx [Client Component SSR]
    ./src/app/expenses/page.tsx [Client Component SSR]
    ./src/app/expenses/page.tsx [Server Component] @ http://localhost:3000/_next/static/chunks/node_modules_next_dist_20ud_8w._.js:2099
[  506514ms] [ERROR] ./src/components/ui/multi-select.tsx:145:13
Expected '</', got ';'
  143 |               </button>
  144 |             );
> 145 |           });
      |             ^
  146 |           },
  147 |           document.body
  148 |         )}

Parsing ecmascript source code failed

Import traces:
  Client Component Browser:
    ./src/components/ui/multi-select.tsx [Client Component Browser]
    ./src/components/expense-filters.tsx [Client Component Browser]
    ./src/app/expenses/page.tsx [Client Component Browser]
    ./src/app/expenses/page.tsx [Server Component]

  Client Component SSR:
    ./src/components/ui/multi-select.tsx [Client Component SSR]
    ./src/components/expense-filters.tsx [Client Component SSR]
    ./src/app/expenses/page.tsx [Client Component SSR]
    ./src/app/expenses/page.tsx [Server Component] @ http://localhost:3000/_next/static/chunks/node_modules_next_dist_20ud_8w._.js:2099
[  506575ms] [ERROR] ./src/components/ui/multi-select.tsx:145:13
Expected '</', got ';'
  143 |               </button>
  144 |             );
> 145 |           });
      |             ^
  146 |           },
  147 |           document.body
  148 |         )}

Parsing ecmascript source code failed

Import traces:
  Client Component Browser:
    ./src/components/ui/multi-select.tsx [Client Component Browser]
    ./src/components/expense-filters.tsx [Client Component Browser]
    ./src/app/expenses/page.tsx [Client Component Browser]
    ./src/app/expenses/page.tsx [Server Component]

  Client Component SSR:
    ./src/components/ui/multi-select.tsx [Client Component SSR]
    ./src/components/expense-filters.tsx [Client Component SSR]
    ./src/app/expenses/page.tsx [Client Component SSR]
    ./src/app/expenses/page.tsx [Server Component] @ http://localhost:3000/_next/static/chunks/node_modules_next_dist_20ud_8w._.js:2099
[  506640ms] [ERROR] ./src/components/ui/multi-select.tsx:145:13
Expected '</', got ';'
  143 |               </button>
  144 |             );
> 145 |           });
      |             ^
  146 |           },
  147 |           document.body
  148 |         )}

Parsing ecmascript source code failed

Import traces:
  Client Component Browser:
    ./src/components/ui/multi-select.tsx [Client Component Browser]
    ./src/components/expense-filters.tsx [Client Component Browser]
    ./src/app/expenses/page.tsx [Client Component Browser]
    ./src/app/expenses/page.tsx [Server Component]

  Client Component SSR:
    ./src/components/ui/multi-select.tsx [Client Component SSR]
    ./src/components/expense-filters.tsx [Client Component SSR]
    ./src/app/expenses/page.tsx [Client Component SSR]
    ./src/app/expenses/page.tsx [Server Component] @ http://localhost:3000/_next/static/chunks/node_modules_next_dist_20ud_8w._.js:2099
[  506701ms] [ERROR] ./src/components/ui/multi-select.tsx:145:13
Expected '</', got ';'
  143 |               </button>
  144 |             );
> 145 |           });
      |             ^
  146 |           },
  147 |           document.body
  148 |         )}

Parsing ecmascript source code failed

Import traces:
  Client Component Browser:
    ./src/components/ui/multi-select.tsx [Client Component Browser]
    ./src/components/expense-filters.tsx [Client Component Browser]
    ./src/app/expenses/page.tsx [Client Component Browser]
    ./src/app/expenses/page.tsx [Server Component]

  Client Component SSR:
    ./src/components/ui/multi-select.tsx [Client Component SSR]
    ./src/components/expense-filters.tsx [Client Component SSR]
    ./src/app/expenses/page.tsx [Client Component SSR]
    ./src/app/expenses/page.tsx [Server Component] @ http://localhost:3000/_next/static/chunks/node_modules_next_dist_20ud_8w._.js:2099
[  506765ms] [ERROR] ./src/components/ui/multi-select.tsx:145:13
Expected '</', got ';'
  143 |               </button>
  144 |             );
> 145 |           });
      |             ^
  146 |           },
  147 |           document.body
  148 |         )}

Parsing ecmascript source code failed

Import traces:
  Client Component Browser:
    ./src/components/ui/multi-select.tsx [Client Component Browser]
    ./src/components/expense-filters.tsx [Client Component Browser]
    ./src/app/expenses/page.tsx [Client Component Browser]
    ./src/app/expenses/page.tsx [Server Component]

  Client Component SSR:
    ./src/components/ui/multi-select.tsx [Client Component SSR]
    ./src/components/expense-filters.tsx [Client Component SSR]
    ./src/app/expenses/page.tsx [Client Component SSR]
    ./src/app/expenses/page.tsx [Server Component] @ http://localhost:3000/_next/static/chunks/node_modules_next_dist_20ud_8w._.js:2099
[  506824ms] [ERROR] ./src/components/ui/multi-select.tsx:145:13
Expected '</', got ';'
  143 |               </button>
  144 |             );
> 145 |           });
      |             ^
  146 |           },
  147 |           document.body
  148 |         )}

Parsing ecmascript source code failed

Import traces:
  Client Component Browser:
    ./src/components/ui/multi-select.tsx [Client Component Browser]
    ./src/components/expense-filters.tsx [Client Component Browser]
    ./src/app/expenses/page.tsx [Client Component Browser]
    ./src/app/expenses/page.tsx [Server Component]

  Client Component SSR:
    ./src/components/ui/multi-select.tsx [Client Component SSR]
    ./src/components/expense-filters.tsx [Client Component SSR]
    ./src/app/expenses/page.tsx [Client Component SSR]
    ./src/app/expenses/page.tsx [Server Component] @ http://localhost:3000/_next/static/chunks/node_modules_next_dist_20ud_8w._.js:2099
[  506885ms] [ERROR] ./src/components/ui/multi-select.tsx:145:13
Expected '</', got ';'
  143 |               </button>
  144 |             );
> 145 |           });
      |             ^
  146 |           },
  147 |           document.body
  148 |         )}

Parsing ecmascript source code failed

Import traces:
  Client Component Browser:
    ./src/components/ui/multi-select.tsx [Client Component Browser]
    ./src/components/expense-filters.tsx [Client Component Browser]
    ./src/app/expenses/page.tsx [Client Component Browser]
    ./src/app/expenses/page.tsx [Server Component]

  Client Component SSR:
    ./src/components/ui/multi-select.tsx [Client Component SSR]
    ./src/components/expense-filters.tsx [Client Component SSR]
    ./src/app/expenses/page.tsx [Client Component SSR]
    ./src/app/expenses/page.tsx [Server Component] @ http://localhost:3000/_next/static/chunks/node_modules_next_dist_20ud_8w._.js:2099
[  506948ms] [ERROR] ./src/components/ui/multi-select.tsx:145:13
Expected '</', got ';'
  143 |               </button>
  144 |             );
> 145 |           });
      |             ^
  146 |           },
  147 |           document.body
  148 |         )}

Parsing ecmascript source code failed

Import traces:
  Client Component Browser:
    ./src/components/ui/multi-select.tsx [Client Component Browser]
    ./src/components/expense-filters.tsx [Client Component Browser]
    ./src/app/expenses/page.tsx [Client Component Browser]
    ./src/app/expenses/page.tsx [Server Component]

  Client Component SSR:
    ./src/components/ui/multi-select.tsx [Client Component SSR]
    ./src/components/expense-filters.tsx [Client Component SSR]
    ./src/app/expenses/page.tsx [Client Component SSR]
    ./src/app/expenses/page.tsx [Server Component] @ http://localhost:3000/_next/static/chunks/node_modules_next_dist_20ud_8w._.js:2099
[  507010ms] [ERROR] ./src/components/ui/multi-select.tsx:145:13
Expected '</', got ';'
  143 |               </button>
  144 |             );
> 145 |           });
      |             ^
  146 |           },
  147 |           document.body
  148 |         )}

Parsing ecmascript source code failed

Import traces:
  Client Component Browser:
    ./src/components/ui/multi-select.tsx [Client Component Browser]
    ./src/components/expense-filters.tsx [Client Component Browser]
    ./src/app/expenses/page.tsx [Client Component Browser]
    ./src/app/expenses/page.tsx [Server Component]

  Client Component SSR:
    ./src/components/ui/multi-select.tsx [Client Component SSR]
    ./src/components/expense-filters.tsx [Client Component SSR]
    ./src/app/expenses/page.tsx [Client Component SSR]
    ./src/app/expenses/page.tsx [Server Component] @ http://localhost:3000/_next/static/chunks/node_modules_next_dist_20ud_8w._.js:2099
[  507072ms] [ERROR] ./src/components/ui/multi-select.tsx:145:13
Expected '</', got ';'
  143 |               </button>
  144 |             );
> 145 |           });
      |             ^
  146 |           },
  147 |           document.body
  148 |         )}

Parsing ecmascript source code failed

Import traces:
  Client Component Browser:
    ./src/components/ui/multi-select.tsx [Client Component Browser]
    ./src/components/expense-filters.tsx [Client Component Browser]
    ./src/app/expenses/page.tsx [Client Component Browser]
    ./src/app/expenses/page.tsx [Server Component]

  Client Component SSR:
    ./src/components/ui/multi-select.tsx [Client Component SSR]
    ./src/components/expense-filters.tsx [Client Component SSR]
    ./src/app/expenses/page.tsx [Client Component SSR]
    ./src/app/expenses/page.tsx [Server Component] @ http://localhost:3000/_next/static/chunks/node_modules_next_dist_20ud_8w._.js:2099
[  507136ms] [ERROR] ./src/components/ui/multi-select.tsx:145:13
Expected '</', got ';'
  143 |               </button>
  144 |             );
> 145 |           });
      |             ^
  146 |           },
  147 |           document.body
  148 |         )}

Parsing ecmascript source code failed

Import traces:
  Client Component Browser:
    ./src/components/ui/multi-select.tsx [Client Component Browser]
    ./src/components/expense-filters.tsx [Client Component Browser]
    ./src/app/expenses/page.tsx [Client Component Browser]
    ./src/app/expenses/page.tsx [Server Component]

  Client Component SSR:
    ./src/components/ui/multi-select.tsx [Client Component SSR]
    ./src/components/expense-filters.tsx [Client Component SSR]
    ./src/app/expenses/page.tsx [Client Component SSR]
    ./src/app/expenses/page.tsx [Server Component] @ http://localhost:3000/_next/static/chunks/node_modules_next_dist_20ud_8w._.js:2099
[  507198ms] [ERROR] ./src/components/ui/multi-select.tsx:145:13
Expected '</', got ';'
  143 |               </button>
  144 |             );
> 145 |           });
      |             ^
  146 |           },
  147 |           document.body
  148 |         )}

Parsing ecmascript source code failed

Import traces:
  Client Component Browser:
    ./src/components/ui/multi-select.tsx [Client Component Browser]
    ./src/components/expense-filters.tsx [Client Component Browser]
    ./src/app/expenses/page.tsx [Client Component Browser]
    ./src/app/expenses/page.tsx [Server Component]

  Client Component SSR:
    ./src/components/ui/multi-select.tsx [Client Component SSR]
    ./src/components/expense-filters.tsx [Client Component SSR]
    ./src/app/expenses/page.tsx [Client Component SSR]
    ./src/app/expenses/page.tsx [Server Component] @ http://localhost:3000/_next/static/chunks/node_modules_next_dist_20ud_8w._.js:2099
[  507258ms] [ERROR] ./src/components/ui/multi-select.tsx:145:13
Expected '</', got ';'
  143 |               </button>
  144 |             );
> 145 |           });
      |             ^
  146 |           },
  147 |           document.body
  148 |         )}

Parsing ecmascript source code failed

Import traces:
  Client Component Browser:
    ./src/components/ui/multi-select.tsx [Client Component Browser]
    ./src/components/expense-filters.tsx [Client Component Browser]
    ./src/app/expenses/page.tsx [Client Component Browser]
    ./src/app/expenses/page.tsx [Server Component]

  Client Component SSR:
    ./src/components/ui/multi-select.tsx [Client Component SSR]
    ./src/components/expense-filters.tsx [Client Component SSR]
    ./src/app/expenses/page.tsx [Client Component SSR]
    ./src/app/expenses/page.tsx [Server Component] @ http://localhost:3000/_next/static/chunks/node_modules_next_dist_20ud_8w._.js:2099
[  507320ms] [ERROR] ./src/components/ui/multi-select.tsx:145:13
Expected '</', got ';'
  143 |               </button>
  144 |             );
> 145 |           });
      |             ^
  146 |           },
  147 |           document.body
  148 |         )}

Parsing ecmascript source code failed

Import traces:
  Client Component Browser:
    ./src/components/ui/multi-select.tsx [Client Component Browser]
    ./src/components/expense-filters.tsx [Client Component Browser]
    ./src/app/expenses/page.tsx [Client Component Browser]
    ./src/app/expenses/page.tsx [Server Component]

  Client Component SSR:
    ./src/components/ui/multi-select.tsx [Client Component SSR]
    ./src/components/expense-filters.tsx [Client Component SSR]
    ./src/app/expenses/page.tsx [Client Component SSR]
    ./src/app/expenses/page.tsx [Server Component] @ http://localhost:3000/_next/static/chunks/node_modules_next_dist_20ud_8w._.js:2099
[  507389ms] [ERROR] ./src/components/ui/multi-select.tsx:145:13
Expected '</', got ';'
  143 |               </button>
  144 |             );
> 145 |           });
      |             ^
  146 |           },
  147 |           document.body
  148 |         )}

Parsing ecmascript source code failed

Import traces:
  Client Component Browser:
    ./src/components/ui/multi-select.tsx [Client Component Browser]
    ./src/components/expense-filters.tsx [Client Component Browser]
    ./src/app/expenses/page.tsx [Client Component Browser]
    ./src/app/expenses/page.tsx [Server Component]

  Client Component SSR:
    ./src/components/ui/multi-select.tsx [Client Component SSR]
    ./src/components/expense-filters.tsx [Client Component SSR]
    ./src/app/expenses/page.tsx [Client Component SSR]
    ./src/app/expenses/page.tsx [Server Component] @ http://localhost:3000/_next/static/chunks/node_modules_next_dist_20ud_8w._.js:2099
[  507442ms] [ERROR] ./src/components/ui/multi-select.tsx:145:13
Expected '</', got ';'
  143 |               </button>
  144 |             );
> 145 |           });
      |             ^
  146 |           },
  147 |           document.body
  148 |         )}

Parsing ecmascript source code failed

Import traces:
  Client Component Browser:
    ./src/components/ui/multi-select.tsx [Client Component Browser]
    ./src/components/expense-filters.tsx [Client Component Browser]
    ./src/app/expenses/page.tsx [Client Component Browser]
    ./src/app/expenses/page.tsx [Server Component]

  Client Component SSR:
    ./src/components/ui/multi-select.tsx [Client Component SSR]
    ./src/components/expense-filters.tsx [Client Component SSR]
    ./src/app/expenses/page.tsx [Client Component SSR]
    ./src/app/expenses/page.tsx [Server Component] @ http://localhost:3000/_next/static/chunks/node_modules_next_dist_20ud_8w._.js:2099
[  507503ms] [ERROR] ./src/components/ui/multi-select.tsx:145:13
Expected '</', got ';'
  143 |               </button>
  144 |             );
> 145 |           });
      |             ^
  146 |           },
  147 |           document.body
  148 |         )}

Parsing ecmascript source code failed

Import traces:
  Client Component Browser:
    ./src/components/ui/multi-select.tsx [Client Component Browser]
    ./src/components/expense-filters.tsx [Client Component Browser]
    ./src/app/expenses/page.tsx [Client Component Browser]
    ./src/app/expenses/page.tsx [Server Component]

  Client Component SSR:
    ./src/components/ui/multi-select.tsx [Client Component SSR]
    ./src/components/expense-filters.tsx [Client Component SSR]
    ./src/app/expenses/page.tsx [Client Component SSR]
    ./src/app/expenses/page.tsx [Server Component] @ http://localhost:3000/_next/static/chunks/node_modules_next_dist_20ud_8w._.js:2099
[  507595ms] [ERROR] ./src/components/ui/multi-select.tsx:145:13
Expected '</', got ';'
  143 |               </button>
  144 |             );
> 145 |           });
      |             ^
  146 |           },
  147 |           document.body
  148 |         )}

Parsing ecmascript source code failed

Import traces:
  Client Component Browser:
    ./src/components/ui/multi-select.tsx [Client Component Browser]
    ./src/components/expense-filters.tsx [Client Component Browser]
    ./src/app/expenses/page.tsx [Client Component Browser]
    ./src/app/expenses/page.tsx [Server Component]

  Client Component SSR:
    ./src/components/ui/multi-select.tsx [Client Component SSR]
    ./src/components/expense-filters.tsx [Client Component SSR]
    ./src/app/expenses/page.tsx [Client Component SSR]
    ./src/app/expenses/page.tsx [Server Component] @ http://localhost:3000/_next/static/chunks/node_modules_next_dist_20ud_8w._.js:2099
[  507658ms] [ERROR] ./src/components/ui/multi-select.tsx:145:13
Expected '</', got ';'
  143 |               </button>
  144 |             );
> 145 |           });
      |             ^
  146 |           },
  147 |           document.body
  148 |         )}

Parsing ecmascript source code failed

Import traces:
  Client Component Browser:
    ./src/components/ui/multi-select.tsx [Client Component Browser]
    ./src/components/expense-filters.tsx [Client Component Browser]
    ./src/app/expenses/page.tsx [Client Component Browser]
    ./src/app/expenses/page.tsx [Server Component]

  Client Component SSR:
    ./src/components/ui/multi-select.tsx [Client Component SSR]
    ./src/components/expense-filters.tsx [Client Component SSR]
    ./src/app/expenses/page.tsx [Client Component SSR]
    ./src/app/expenses/page.tsx [Server Component] @ http://localhost:3000/_next/static/chunks/node_modules_next_dist_20ud_8w._.js:2099
[  507720ms] [ERROR] ./src/components/ui/multi-select.tsx:145:13
Expected '</', got ';'
  143 |               </button>
  144 |             );
> 145 |           });
      |             ^
  146 |           },
  147 |           document.body
  148 |         )}

Parsing ecmascript source code failed

Import traces:
  Client Component Browser:
    ./src/components/ui/multi-select.tsx [Client Component Browser]
    ./src/components/expense-filters.tsx [Client Component Browser]
    ./src/app/expenses/page.tsx [Client Component Browser]
    ./src/app/expenses/page.tsx [Server Component]

  Client Component SSR:
    ./src/components/ui/multi-select.tsx [Client Component SSR]
    ./src/components/expense-filters.tsx [Client Component SSR]
    ./src/app/expenses/page.tsx [Client Component SSR]
    ./src/app/expenses/page.tsx [Server Component] @ http://localhost:3000/_next/static/chunks/node_modules_next_dist_20ud_8w._.js:2099
[  507781ms] [ERROR] ./src/components/ui/multi-select.tsx:145:13
Expected '</', got ';'
  143 |               </button>
  144 |             );
> 145 |           });
      |             ^
  146 |           },
  147 |           document.body
  148 |         )}

Parsing ecmascript source code failed

Import traces:
  Client Component Browser:
    ./src/components/ui/multi-select.tsx [Client Component Browser]
    ./src/components/expense-filters.tsx [Client Component Browser]
    ./src/app/expenses/page.tsx [Client Component Browser]
    ./src/app/expenses/page.tsx [Server Component]

  Client Component SSR:
    ./src/components/ui/multi-select.tsx [Client Component SSR]
    ./src/components/expense-filters.tsx [Client Component SSR]
    ./src/app/expenses/page.tsx [Client Component SSR]
    ./src/app/expenses/page.tsx [Server Component] @ http://localhost:3000/_next/static/chunks/node_modules_next_dist_20ud_8w._.js:2099
[  507845ms] [ERROR] ./src/components/ui/multi-select.tsx:145:13
Expected '</', got ';'
  143 |               </button>
  144 |             );
> 145 |           });
      |             ^
  146 |           },
  147 |           document.body
  148 |         )}

Parsing ecmascript source code failed

Import traces:
  Client Component Browser:
    ./src/components/ui/multi-select.tsx [Client Component Browser]
    ./src/components/expense-filters.tsx [Client Component Browser]
    ./src/app/expenses/page.tsx [Client Component Browser]
    ./src/app/expenses/page.tsx [Server Component]

  Client Component SSR:
    ./src/components/ui/multi-select.tsx [Client Component SSR]
    ./src/components/expense-filters.tsx [Client Component SSR]
    ./src/app/expenses/page.tsx [Client Component SSR]
    ./src/app/expenses/page.tsx [Server Component] @ http://localhost:3000/_next/static/chunks/node_modules_next_dist_20ud_8w._.js:2099
[  507908ms] [ERROR] ./src/components/ui/multi-select.tsx:145:13
Expected '</', got ';'
  143 |               </button>
  144 |             );
> 145 |           });
      |             ^
  146 |           },
  147 |           document.body
  148 |         )}

Parsing ecmascript source code failed

Import traces:
  Client Component Browser:
    ./src/components/ui/multi-select.tsx [Client Component Browser]
    ./src/components/expense-filters.tsx [Client Component Browser]
    ./src/app/expenses/page.tsx [Client Component Browser]
    ./src/app/expenses/page.tsx [Server Component]

  Client Component SSR:
    ./src/components/ui/multi-select.tsx [Client Component SSR]
    ./src/components/expense-filters.tsx [Client Component SSR]
    ./src/app/expenses/page.tsx [Client Component SSR]
    ./src/app/expenses/page.tsx [Server Component] @ http://localhost:3000/_next/static/chunks/node_modules_next_dist_20ud_8w._.js:2099
[  507971ms] [ERROR] ./src/components/ui/multi-select.tsx:145:13
Expected '</', got ';'
  143 |               </button>
  144 |             );
> 145 |           });
      |             ^
  146 |           },
  147 |           document.body
  148 |         )}

Parsing ecmascript source code failed

Import traces:
  Client Component Browser:
    ./src/components/ui/multi-select.tsx [Client Component Browser]
    ./src/components/expense-filters.tsx [Client Component Browser]
    ./src/app/expenses/page.tsx [Client Component Browser]
    ./src/app/expenses/page.tsx [Server Component]

  Client Component SSR:
    ./src/components/ui/multi-select.tsx [Client Component SSR]
    ./src/components/expense-filters.tsx [Client Component SSR]
    ./src/app/expenses/page.tsx [Client Component SSR]
    ./src/app/expenses/page.tsx [Server Component] @ http://localhost:3000/_next/static/chunks/node_modules_next_dist_20ud_8w._.js:2099
[  508033ms] [ERROR] ./src/components/ui/multi-select.tsx:145:13
Expected '</', got ';'
  143 |               </button>
  144 |             );
> 145 |           });
      |             ^
  146 |           },
  147 |           document.body
  148 |         )}

Parsing ecmascript source code failed

Import traces:
  Client Component Browser:
    ./src/components/ui/multi-select.tsx [Client Component Browser]
    ./src/components/expense-filters.tsx [Client Component Browser]
    ./src/app/expenses/page.tsx [Client Component Browser]
    ./src/app/expenses/page.tsx [Server Component]

  Client Component SSR:
    ./src/components/ui/multi-select.tsx [Client Component SSR]
    ./src/components/expense-filters.tsx [Client Component SSR]
    ./src/app/expenses/page.tsx [Client Component SSR]
    ./src/app/expenses/page.tsx [Server Component] @ http://localhost:3000/_next/static/chunks/node_modules_next_dist_20ud_8w._.js:2099
[  508095ms] [ERROR] ./src/components/ui/multi-select.tsx:145:13
Expected '</', got ';'
  143 |               </button>
  144 |             );
> 145 |           });
      |             ^
  146 |           },
  147 |           document.body
  148 |         )}

Parsing ecmascript source code failed

Import traces:
  Client Component Browser:
    ./src/components/ui/multi-select.tsx [Client Component Browser]
    ./src/components/expense-filters.tsx [Client Component Browser]
    ./src/app/expenses/page.tsx [Client Component Browser]
    ./src/app/expenses/page.tsx [Server Component]

  Client Component SSR:
    ./src/components/ui/multi-select.tsx [Client Component SSR]
    ./src/components/expense-filters.tsx [Client Component SSR]
    ./src/app/expenses/page.tsx [Client Component SSR]
    ./src/app/expenses/page.tsx [Server Component] @ http://localhost:3000/_next/static/chunks/node_modules_next_dist_20ud_8w._.js:2099
[  508158ms] [ERROR] ./src/components/ui/multi-select.tsx:145:13
Expected '</', got ';'
  143 |               </button>
  144 |             );
> 145 |           });
      |             ^
  146 |           },
  147 |           document.body
  148 |         )}

Parsing ecmascript source code failed

Import traces:
  Client Component Browser:
    ./src/components/ui/multi-select.tsx [Client Component Browser]
    ./src/components/expense-filters.tsx [Client Component Browser]
    ./src/app/expenses/page.tsx [Client Component Browser]
    ./src/app/expenses/page.tsx [Server Component]

  Client Component SSR:
    ./src/components/ui/multi-select.tsx [Client Component SSR]
    ./src/components/expense-filters.tsx [Client Component SSR]
    ./src/app/expenses/page.tsx [Client Component SSR]
    ./src/app/expenses/page.tsx [Server Component] @ http://localhost:3000/_next/static/chunks/node_modules_next_dist_20ud_8w._.js:2099
[  508220ms] [ERROR] ./src/components/ui/multi-select.tsx:145:13
Expected '</', got ';'
  143 |               </button>
  144 |             );
> 145 |           });
      |             ^
  146 |           },
  147 |           document.body
  148 |         )}

Parsing ecmascript source code failed

Import traces:
  Client Component Browser:
    ./src/components/ui/multi-select.tsx [Client Component Browser]
    ./src/components/expense-filters.tsx [Client Component Browser]
    ./src/app/expenses/page.tsx [Client Component Browser]
    ./src/app/expenses/page.tsx [Server Component]

  Client Component SSR:
    ./src/components/ui/multi-select.tsx [Client Component SSR]
    ./src/components/expense-filters.tsx [Client Component SSR]
    ./src/app/expenses/page.tsx [Client Component SSR]
    ./src/app/expenses/page.tsx [Server Component] @ http://localhost:3000/_next/static/chunks/node_modules_next_dist_20ud_8w._.js:2099
[  508284ms] [ERROR] ./src/components/ui/multi-select.tsx:145:13
Expected '</', got ';'
  143 |               </button>
  144 |             );
> 145 |           });
      |             ^
  146 |           },
  147 |           document.body
  148 |         )}

Parsing ecmascript source code failed

Import traces:
  Client Component Browser:
    ./src/components/ui/multi-select.tsx [Client Component Browser]
    ./src/components/expense-filters.tsx [Client Component Browser]
    ./src/app/expenses/page.tsx [Client Component Browser]
    ./src/app/expenses/page.tsx [Server Component]

  Client Component SSR:
    ./src/components/ui/multi-select.tsx [Client Component SSR]
    ./src/components/expense-filters.tsx [Client Component SSR]
    ./src/app/expenses/page.tsx [Client Component SSR]
    ./src/app/expenses/page.tsx [Server Component] @ http://localhost:3000/_next/static/chunks/node_modules_next_dist_20ud_8w._.js:2099
[  508344ms] [ERROR] ./src/components/ui/multi-select.tsx:145:13
Expected '</', got ';'
  143 |               </button>
  144 |             );
> 145 |           });
      |             ^
  146 |           },
  147 |           document.body
  148 |         )}

Parsing ecmascript source code failed

Import traces:
  Client Component Browser:
    ./src/components/ui/multi-select.tsx [Client Component Browser]
    ./src/components/expense-filters.tsx [Client Component Browser]
    ./src/app/expenses/page.tsx [Client Component Browser]
    ./src/app/expenses/page.tsx [Server Component]

  Client Component SSR:
    ./src/components/ui/multi-select.tsx [Client Component SSR]
    ./src/components/expense-filters.tsx [Client Component SSR]
    ./src/app/expenses/page.tsx [Client Component SSR]
    ./src/app/expenses/page.tsx [Server Component] @ http://localhost:3000/_next/static/chunks/node_modules_next_dist_20ud_8w._.js:2099
[  508409ms] [ERROR] ./src/components/ui/multi-select.tsx:145:13
Expected '</', got ';'
  143 |               </button>
  144 |             );
> 145 |           });
      |             ^
  146 |           },
  147 |           document.body
  148 |         )}

Parsing ecmascript source code failed

Import traces:
  Client Component Browser:
    ./src/components/ui/multi-select.tsx [Client Component Browser]
    ./src/components/expense-filters.tsx [Client Component Browser]
    ./src/app/expenses/page.tsx [Client Component Browser]
    ./src/app/expenses/page.tsx [Server Component]

  Client Component SSR:
    ./src/components/ui/multi-select.tsx [Client Component SSR]
    ./src/components/expense-filters.tsx [Client Component SSR]
    ./src/app/expenses/page.tsx [Client Component SSR]
    ./src/app/expenses/page.tsx [Server Component] @ http://localhost:3000/_next/static/chunks/node_modules_next_dist_20ud_8w._.js:2099
[  508470ms] [ERROR] ./src/components/ui/multi-select.tsx:145:13
Expected '</', got ';'
  143 |               </button>
  144 |             );
> 145 |           });
      |             ^
  146 |           },
  147 |           document.body
  148 |         )}

Parsing ecmascript source code failed

Import traces:
  Client Component Browser:
    ./src/components/ui/multi-select.tsx [Client Component Browser]
    ./src/components/expense-filters.tsx [Client Component Browser]
    ./src/app/expenses/page.tsx [Client Component Browser]
    ./src/app/expenses/page.tsx [Server Component]

  Client Component SSR:
    ./src/components/ui/multi-select.tsx [Client Component SSR]
    ./src/components/expense-filters.tsx [Client Component SSR]
    ./src/app/expenses/page.tsx [Client Component SSR]
    ./src/app/expenses/page.tsx [Server Component] @ http://localhost:3000/_next/static/chunks/node_modules_next_dist_20ud_8w._.js:2099
[  508534ms] [ERROR] ./src/components/ui/multi-select.tsx:145:13
Expected '</', got ';'
  143 |               </button>
  144 |             );
> 145 |           });
      |             ^
  146 |           },
  147 |           document.body
  148 |         )}

Parsing ecmascript source code failed

Import traces:
  Client Component Browser:
    ./src/components/ui/multi-select.tsx [Client Component Browser]
    ./src/components/expense-filters.tsx [Client Component Browser]
    ./src/app/expenses/page.tsx [Client Component Browser]
    ./src/app/expenses/page.tsx [Server Component]

  Client Component SSR:
    ./src/components/ui/multi-select.tsx [Client Component SSR]
    ./src/components/expense-filters.tsx [Client Component SSR]
    ./src/app/expenses/page.tsx [Client Component SSR]
    ./src/app/expenses/page.tsx [Server Component] @ http://localhost:3000/_next/static/chunks/node_modules_next_dist_20ud_8w._.js:2099
[  508593ms] [ERROR] ./src/components/ui/multi-select.tsx:145:13
Expected '</', got ';'
  143 |               </button>
  144 |             );
> 145 |           });
      |             ^
  146 |           },
  147 |           document.body
  148 |         )}

Parsing ecmascript source code failed

Import traces:
  Client Component Browser:
    ./src/components/ui/multi-select.tsx [Client Component Browser]
    ./src/components/expense-filters.tsx [Client Component Browser]
    ./src/app/expenses/page.tsx [Client Component Browser]
    ./src/app/expenses/page.tsx [Server Component]

  Client Component SSR:
    ./src/components/ui/multi-select.tsx [Client Component SSR]
    ./src/components/expense-filters.tsx [Client Component SSR]
    ./src/app/expenses/page.tsx [Client Component SSR]
    ./src/app/expenses/page.tsx [Server Component] @ http://localhost:3000/_next/static/chunks/node_modules_next_dist_20ud_8w._.js:2099
[  508655ms] [ERROR] ./src/components/ui/multi-select.tsx:145:13
Expected '</', got ';'
  143 |               </button>
  144 |             );
> 145 |           });
      |             ^
  146 |           },
  147 |           document.body
  148 |         )}

Parsing ecmascript source code failed

Import traces:
  Client Component Browser:
    ./src/components/ui/multi-select.tsx [Client Component Browser]
    ./src/components/expense-filters.tsx [Client Component Browser]
    ./src/app/expenses/page.tsx [Client Component Browser]
    ./src/app/expenses/page.tsx [Server Component]

  Client Component SSR:
    ./src/components/ui/multi-select.tsx [Client Component SSR]
    ./src/components/expense-filters.tsx [Client Component SSR]
    ./src/app/expenses/page.tsx [Client Component SSR]
    ./src/app/expenses/page.tsx [Server Component] @ http://localhost:3000/_next/static/chunks/node_modules_next_dist_20ud_8w._.js:2099
[  508720ms] [ERROR] ./src/components/ui/multi-select.tsx:145:13
Expected '</', got ';'
  143 |               </button>
  144 |             );
> 145 |           });
      |             ^
  146 |           },
  147 |           document.body
  148 |         )}

Parsing ecmascript source code failed

Import traces:
  Client Component Browser:
    ./src/components/ui/multi-select.tsx [Client Component Browser]
    ./src/components/expense-filters.tsx [Client Component Browser]
    ./src/app/expenses/page.tsx [Client Component Browser]
    ./src/app/expenses/page.tsx [Server Component]

  Client Component SSR:
    ./src/components/ui/multi-select.tsx [Client Component SSR]
    ./src/components/expense-filters.tsx [Client Component SSR]
    ./src/app/expenses/page.tsx [Client Component SSR]
    ./src/app/expenses/page.tsx [Server Component] @ http://localhost:3000/_next/static/chunks/node_modules_next_dist_20ud_8w._.js:2099
[  508778ms] [ERROR] ./src/components/ui/multi-select.tsx:145:13
Expected '</', got ';'
  143 |               </button>
  144 |             );
> 145 |           });
      |             ^
  146 |           },
  147 |           document.body
  148 |         )}

Parsing ecmascript source code failed

Import traces:
  Client Component Browser:
    ./src/components/ui/multi-select.tsx [Client Component Browser]
    ./src/components/expense-filters.tsx [Client Component Browser]
    ./src/app/expenses/page.tsx [Client Component Browser]
    ./src/app/expenses/page.tsx [Server Component]

  Client Component SSR:
    ./src/components/ui/multi-select.tsx [Client Component SSR]
    ./src/components/expense-filters.tsx [Client Component SSR]
    ./src/app/expenses/page.tsx [Client Component SSR]
    ./src/app/expenses/page.tsx [Server Component] @ http://localhost:3000/_next/static/chunks/node_modules_next_dist_20ud_8w._.js:2099
[  508842ms] [ERROR] ./src/components/ui/multi-select.tsx:145:13
Expected '</', got ';'
  143 |               </button>
  144 |             );
> 145 |           });
      |             ^
  146 |           },
  147 |           document.body
  148 |         )}

Parsing ecmascript source code failed

Import traces:
  Client Component Browser:
    ./src/components/ui/multi-select.tsx [Client Component Browser]
    ./src/components/expense-filters.tsx [Client Component Browser]
    ./src/app/expenses/page.tsx [Client Component Browser]
    ./src/app/expenses/page.tsx [Server Component]

  Client Component SSR:
    ./src/components/ui/multi-select.tsx [Client Component SSR]
    ./src/components/expense-filters.tsx [Client Component SSR]
    ./src/app/expenses/page.tsx [Client Component SSR]
    ./src/app/expenses/page.tsx [Server Component] @ http://localhost:3000/_next/static/chunks/node_modules_next_dist_20ud_8w._.js:2099
[  508902ms] [ERROR] ./src/components/ui/multi-select.tsx:145:13
Expected '</', got ';'
  143 |               </button>
  144 |             );
> 145 |           });
      |             ^
  146 |           },
  147 |           document.body
  148 |         )}

Parsing ecmascript source code failed

Import traces:
  Client Component Browser:
    ./src/components/ui/multi-select.tsx [Client Component Browser]
    ./src/components/expense-filters.tsx [Client Component Browser]
    ./src/app/expenses/page.tsx [Client Component Browser]
    ./src/app/expenses/page.tsx [Server Component]

  Client Component SSR:
    ./src/components/ui/multi-select.tsx [Client Component SSR]
    ./src/components/expense-filters.tsx [Client Component SSR]
    ./src/app/expenses/page.tsx [Client Component SSR]
    ./src/app/expenses/page.tsx [Server Component] @ http://localhost:3000/_next/static/chunks/node_modules_next_dist_20ud_8w._.js:2099
[  508964ms] [ERROR] ./src/components/ui/multi-select.tsx:145:13
Expected '</', got ';'
  143 |               </button>
  144 |             );
> 145 |           });
      |             ^
  146 |           },
  147 |           document.body
  148 |         )}

Parsing ecmascript source code failed

Import traces:
  Client Component Browser:
    ./src/components/ui/multi-select.tsx [Client Component Browser]
    ./src/components/expense-filters.tsx [Client Component Browser]
    ./src/app/expenses/page.tsx [Client Component Browser]
    ./src/app/expenses/page.tsx [Server Component]

  Client Component SSR:
    ./src/components/ui/multi-select.tsx [Client Component SSR]
    ./src/components/expense-filters.tsx [Client Component SSR]
    ./src/app/expenses/page.tsx [Client Component SSR]
    ./src/app/expenses/page.tsx [Server Component] @ http://localhost:3000/_next/static/chunks/node_modules_next_dist_20ud_8w._.js:2099
[  509025ms] [ERROR] ./src/components/ui/multi-select.tsx:145:13
Expected '</', got ';'
  143 |               </button>
  144 |             );
> 145 |           });
      |             ^
  146 |           },
  147 |           document.body
  148 |         )}

Parsing ecmascript source code failed

Import traces:
  Client Component Browser:
    ./src/components/ui/multi-select.tsx [Client Component Browser]
    ./src/components/expense-filters.tsx [Client Component Browser]
    ./src/app/expenses/page.tsx [Client Component Browser]
    ./src/app/expenses/page.tsx [Server Component]

  Client Component SSR:
    ./src/components/ui/multi-select.tsx [Client Component SSR]
    ./src/components/expense-filters.tsx [Client Component SSR]
    ./src/app/expenses/page.tsx [Client Component SSR]
    ./src/app/expenses/page.tsx [Server Component] @ http://localhost:3000/_next/static/chunks/node_modules_next_dist_20ud_8w._.js:2099
[  509089ms] [ERROR] ./src/components/ui/multi-select.tsx:145:13
Expected '</', got ';'
  143 |               </button>
  144 |             );
> 145 |           });
      |             ^
  146 |           },
  147 |           document.body
  148 |         )}

Parsing ecmascript source code failed

Import traces:
  Client Component Browser:
    ./src/components/ui/multi-select.tsx [Client Component Browser]
    ./src/components/expense-filters.tsx [Client Component Browser]
    ./src/app/expenses/page.tsx [Client Component Browser]
    ./src/app/expenses/page.tsx [Server Component]

  Client Component SSR:
    ./src/components/ui/multi-select.tsx [Client Component SSR]
    ./src/components/expense-filters.tsx [Client Component SSR]
    ./src/app/expenses/page.tsx [Client Component SSR]
    ./src/app/expenses/page.tsx [Server Component] @ http://localhost:3000/_next/static/chunks/node_modules_next_dist_20ud_8w._.js:2099
[  509151ms] [ERROR] ./src/components/ui/multi-select.tsx:145:13
Expected '</', got ';'
  143 |               </button>
  144 |             );
> 145 |           });
      |             ^
  146 |           },
  147 |           document.body
  148 |         )}

Parsing ecmascript source code failed

Import traces:
  Client Component Browser:
    ./src/components/ui/multi-select.tsx [Client Component Browser]
    ./src/components/expense-filters.tsx [Client Component Browser]
    ./src/app/expenses/page.tsx [Client Component Browser]
    ./src/app/expenses/page.tsx [Server Component]

  Client Component SSR:
    ./src/components/ui/multi-select.tsx [Client Component SSR]
    ./src/components/expense-filters.tsx [Client Component SSR]
    ./src/app/expenses/page.tsx [Client Component SSR]
    ./src/app/expenses/page.tsx [Server Component] @ http://localhost:3000/_next/static/chunks/node_modules_next_dist_20ud_8w._.js:2099
[  509212ms] [ERROR] ./src/components/ui/multi-select.tsx:145:13
Expected '</', got ';'
  143 |               </button>
  144 |             );
> 145 |           });
      |             ^
  146 |           },
  147 |           document.body
  148 |         )}

Parsing ecmascript source code failed

Import traces:
  Client Component Browser:
    ./src/components/ui/multi-select.tsx [Client Component Browser]
    ./src/components/expense-filters.tsx [Client Component Browser]
    ./src/app/expenses/page.tsx [Client Component Browser]
    ./src/app/expenses/page.tsx [Server Component]

  Client Component SSR:
    ./src/components/ui/multi-select.tsx [Client Component SSR]
    ./src/components/expense-filters.tsx [Client Component SSR]
    ./src/app/expenses/page.tsx [Client Component SSR]
    ./src/app/expenses/page.tsx [Server Component] @ http://localhost:3000/_next/static/chunks/node_modules_next_dist_20ud_8w._.js:2099
[  509273ms] [ERROR] ./src/components/ui/multi-select.tsx:145:13
Expected '</', got ';'
  143 |               </button>
  144 |             );
> 145 |           });
      |             ^
  146 |           },
  147 |           document.body
  148 |         )}

Parsing ecmascript source code failed

Import traces:
  Client Component Browser:
    ./src/components/ui/multi-select.tsx [Client Component Browser]
    ./src/components/expense-filters.tsx [Client Component Browser]
    ./src/app/expenses/page.tsx [Client Component Browser]
    ./src/app/expenses/page.tsx [Server Component]

  Client Component SSR:
    ./src/components/ui/multi-select.tsx [Client Component SSR]
    ./src/components/expense-filters.tsx [Client Component SSR]
    ./src/app/expenses/page.tsx [Client Component SSR]
    ./src/app/expenses/page.tsx [Server Component] @ http://localhost:3000/_next/static/chunks/node_modules_next_dist_20ud_8w._.js:2099
[  509338ms] [ERROR] ./src/components/ui/multi-select.tsx:145:13
Expected '</', got ';'
  143 |               </button>
  144 |             );
> 145 |           });
      |             ^
  146 |           },
  147 |           document.body
  148 |         )}

Parsing ecmascript source code failed

Import traces:
  Client Component Browser:
    ./src/components/ui/multi-select.tsx [Client Component Browser]
    ./src/components/expense-filters.tsx [Client Component Browser]
    ./src/app/expenses/page.tsx [Client Component Browser]
    ./src/app/expenses/page.tsx [Server Component]

  Client Component SSR:
    ./src/components/ui/multi-select.tsx [Client Component SSR]
    ./src/components/expense-filters.tsx [Client Component SSR]
    ./src/app/expenses/page.tsx [Client Component SSR]
    ./src/app/expenses/page.tsx [Server Component] @ http://localhost:3000/_next/static/chunks/node_modules_next_dist_20ud_8w._.js:2099
[  509398ms] [ERROR] ./src/components/ui/multi-select.tsx:145:13
Expected '</', got ';'
  143 |               </button>
  144 |             );
> 145 |           });
      |             ^
  146 |           },
  147 |           document.body
  148 |         )}

Parsing ecmascript source code failed

Import traces:
  Client Component Browser:
    ./src/components/ui/multi-select.tsx [Client Component Browser]
    ./src/components/expense-filters.tsx [Client Component Browser]
    ./src/app/expenses/page.tsx [Client Component Browser]
    ./src/app/expenses/page.tsx [Server Component]

  Client Component SSR:
    ./src/components/ui/multi-select.tsx [Client Component SSR]
    ./src/components/expense-filters.tsx [Client Component SSR]
    ./src/app/expenses/page.tsx [Client Component SSR]
    ./src/app/expenses/page.tsx [Server Component] @ http://localhost:3000/_next/static/chunks/node_modules_next_dist_20ud_8w._.js:2099
[  509463ms] [ERROR] ./src/components/ui/multi-select.tsx:145:13
Expected '</', got ';'
  143 |               </button>
  144 |             );
> 145 |           });
      |             ^
  146 |           },
  147 |           document.body
  148 |         )}

Parsing ecmascript source code failed

Import traces:
  Client Component Browser:
    ./src/components/ui/multi-select.tsx [Client Component Browser]
    ./src/components/expense-filters.tsx [Client Component Browser]
    ./src/app/expenses/page.tsx [Client Component Browser]
    ./src/app/expenses/page.tsx [Server Component]

  Client Component SSR:
    ./src/components/ui/multi-select.tsx [Client Component SSR]
    ./src/components/expense-filters.tsx [Client Component SSR]
    ./src/app/expenses/page.tsx [Client Component SSR]
    ./src/app/expenses/page.tsx [Server Component] @ http://localhost:3000/_next/static/chunks/node_modules_next_dist_20ud_8w._.js:2099
[  509522ms] [ERROR] ./src/components/ui/multi-select.tsx:145:13
Expected '</', got ';'
  143 |               </button>
  144 |             );
> 145 |           });
      |             ^
  146 |           },
  147 |           document.body
  148 |         )}

Parsing ecmascript source code failed

Import traces:
  Client Component Browser:
    ./src/components/ui/multi-select.tsx [Client Component Browser]
    ./src/components/expense-filters.tsx [Client Component Browser]
    ./src/app/expenses/page.tsx [Client Component Browser]
    ./src/app/expenses/page.tsx [Server Component]

  Client Component SSR:
    ./src/components/ui/multi-select.tsx [Client Component SSR]
    ./src/components/expense-filters.tsx [Client Component SSR]
    ./src/app/expenses/page.tsx [Client Component SSR]
    ./src/app/expenses/page.tsx [Server Component] @ http://localhost:3000/_next/static/chunks/node_modules_next_dist_20ud_8w._.js:2099
[  509584ms] [ERROR] ./src/components/ui/multi-select.tsx:145:13
Expected '</', got ';'
  143 |               </button>
  144 |             );
> 145 |           });
      |             ^
  146 |           },
  147 |           document.body
  148 |         )}

Parsing ecmascript source code failed

Import traces:
  Client Component Browser:
    ./src/components/ui/multi-select.tsx [Client Component Browser]
    ./src/components/expense-filters.tsx [Client Component Browser]
    ./src/app/expenses/page.tsx [Client Component Browser]
    ./src/app/expenses/page.tsx [Server Component]

  Client Component SSR:
    ./src/components/ui/multi-select.tsx [Client Component SSR]
    ./src/components/expense-filters.tsx [Client Component SSR]
    ./src/app/expenses/page.tsx [Client Component SSR]
    ./src/app/expenses/page.tsx [Server Component] @ http://localhost:3000/_next/static/chunks/node_modules_next_dist_20ud_8w._.js:2099
[  509647ms] [ERROR] ./src/components/ui/multi-select.tsx:145:13
Expected '</', got ';'
  143 |               </button>
  144 |             );
> 145 |           });
      |             ^
  146 |           },
  147 |           document.body
  148 |         )}

Parsing ecmascript source code failed

Import traces:
  Client Component Browser:
    ./src/components/ui/multi-select.tsx [Client Component Browser]
    ./src/components/expense-filters.tsx [Client Component Browser]
    ./src/app/expenses/page.tsx [Client Component Browser]
    ./src/app/expenses/page.tsx [Server Component]

  Client Component SSR:
    ./src/components/ui/multi-select.tsx [Client Component SSR]
    ./src/components/expense-filters.tsx [Client Component SSR]
    ./src/app/expenses/page.tsx [Client Component SSR]
    ./src/app/expenses/page.tsx [Server Component] @ http://localhost:3000/_next/static/chunks/node_modules_next_dist_20ud_8w._.js:2099
[  509710ms] [ERROR] ./src/components/ui/multi-select.tsx:145:13
Expected '</', got ';'
  143 |               </button>
  144 |             );
> 145 |           });
      |             ^
  146 |           },
  147 |           document.body
  148 |         )}

Parsing ecmascript source code failed

Import traces:
  Client Component Browser:
    ./src/components/ui/multi-select.tsx [Client Component Browser]
    ./src/components/expense-filters.tsx [Client Component Browser]
    ./src/app/expenses/page.tsx [Client Component Browser]
    ./src/app/expenses/page.tsx [Server Component]

  Client Component SSR:
    ./src/components/ui/multi-select.tsx [Client Component SSR]
    ./src/components/expense-filters.tsx [Client Component SSR]
    ./src/app/expenses/page.tsx [Client Component SSR]
    ./src/app/expenses/page.tsx [Server Component] @ http://localhost:3000/_next/static/chunks/node_modules_next_dist_20ud_8w._.js:2099
[  509776ms] [ERROR] ./src/components/ui/multi-select.tsx:145:13
Expected '</', got ';'
  143 |               </button>
  144 |             );
> 145 |           });
      |             ^
  146 |           },
  147 |           document.body
  148 |         )}

Parsing ecmascript source code failed

Import traces:
  Client Component Browser:
    ./src/components/ui/multi-select.tsx [Client Component Browser]
    ./src/components/expense-filters.tsx [Client Component Browser]
    ./src/app/expenses/page.tsx [Client Component Browser]
    ./src/app/expenses/page.tsx [Server Component]

  Client Component SSR:
    ./src/components/ui/multi-select.tsx [Client Component SSR]
    ./src/components/expense-filters.tsx [Client Component SSR]
    ./src/app/expenses/page.tsx [Client Component SSR]
    ./src/app/expenses/page.tsx [Server Component] @ http://localhost:3000/_next/static/chunks/node_modules_next_dist_20ud_8w._.js:2099
[  509834ms] [ERROR] ./src/components/ui/multi-select.tsx:145:13
Expected '</', got ';'
  143 |               </button>
  144 |             );
> 145 |           });
      |             ^
  146 |           },
  147 |           document.body
  148 |         )}

Parsing ecmascript source code failed

Import traces:
  Client Component Browser:
    ./src/components/ui/multi-select.tsx [Client Component Browser]
    ./src/components/expense-filters.tsx [Client Component Browser]
    ./src/app/expenses/page.tsx [Client Component Browser]
    ./src/app/expenses/page.tsx [Server Component]

  Client Component SSR:
    ./src/components/ui/multi-select.tsx [Client Component SSR]
    ./src/components/expense-filters.tsx [Client Component SSR]
    ./src/app/expenses/page.tsx [Client Component SSR]
    ./src/app/expenses/page.tsx [Server Component] @ http://localhost:3000/_next/static/chunks/node_modules_next_dist_20ud_8w._.js:2099
[  509897ms] [ERROR] ./src/components/ui/multi-select.tsx:145:13
Expected '</', got ';'
  143 |               </button>
  144 |             );
> 145 |           });
      |             ^
  146 |           },
  147 |           document.body
  148 |         )}

Parsing ecmascript source code failed

Import traces:
  Client Component Browser:
    ./src/components/ui/multi-select.tsx [Client Component Browser]
    ./src/components/expense-filters.tsx [Client Component Browser]
    ./src/app/expenses/page.tsx [Client Component Browser]
    ./src/app/expenses/page.tsx [Server Component]

  Client Component SSR:
    ./src/components/ui/multi-select.tsx [Client Component SSR]
    ./src/components/expense-filters.tsx [Client Component SSR]
    ./src/app/expenses/page.tsx [Client Component SSR]
    ./src/app/expenses/page.tsx [Server Component] @ http://localhost:3000/_next/static/chunks/node_modules_next_dist_20ud_8w._.js:2099
[  509958ms] [ERROR] ./src/components/ui/multi-select.tsx:145:13
Expected '</', got ';'
  143 |               </button>
  144 |             );
> 145 |           });
      |             ^
  146 |           },
  147 |           document.body
  148 |         )}

Parsing ecmascript source code failed

Import traces:
  Client Component Browser:
    ./src/components/ui/multi-select.tsx [Client Component Browser]
    ./src/components/expense-filters.tsx [Client Component Browser]
    ./src/app/expenses/page.tsx [Client Component Browser]
    ./src/app/expenses/page.tsx [Server Component]

  Client Component SSR:
    ./src/components/ui/multi-select.tsx [Client Component SSR]
    ./src/components/expense-filters.tsx [Client Component SSR]
    ./src/app/expenses/page.tsx [Client Component SSR]
    ./src/app/expenses/page.tsx [Server Component] @ http://localhost:3000/_next/static/chunks/node_modules_next_dist_20ud_8w._.js:2099
[  510019ms] [ERROR] ./src/components/ui/multi-select.tsx:145:13
Expected '</', got ';'
  143 |               </button>
  144 |             );
> 145 |           });
      |             ^
  146 |           },
  147 |           document.body
  148 |         )}

Parsing ecmascript source code failed

Import traces:
  Client Component Browser:
    ./src/components/ui/multi-select.tsx [Client Component Browser]
    ./src/components/expense-filters.tsx [Client Component Browser]
    ./src/app/expenses/page.tsx [Client Component Browser]
    ./src/app/expenses/page.tsx [Server Component]

  Client Component SSR:
    ./src/components/ui/multi-select.tsx [Client Component SSR]
    ./src/components/expense-filters.tsx [Client Component SSR]
    ./src/app/expenses/page.tsx [Client Component SSR]
    ./src/app/expenses/page.tsx [Server Component] @ http://localhost:3000/_next/static/chunks/node_modules_next_dist_20ud_8w._.js:2099
[  510081ms] [ERROR] ./src/components/ui/multi-select.tsx:145:13
Expected '</', got ';'
  143 |               </button>
  144 |             );
> 145 |           });
      |             ^
  146 |           },
  147 |           document.body
  148 |         )}

Parsing ecmascript source code failed

Import traces:
  Client Component Browser:
    ./src/components/ui/multi-select.tsx [Client Component Browser]
    ./src/components/expense-filters.tsx [Client Component Browser]
    ./src/app/expenses/page.tsx [Client Component Browser]
    ./src/app/expenses/page.tsx [Server Component]

  Client Component SSR:
    ./src/components/ui/multi-select.tsx [Client Component SSR]
    ./src/components/expense-filters.tsx [Client Component SSR]
    ./src/app/expenses/page.tsx [Client Component SSR]
    ./src/app/expenses/page.tsx [Server Component] @ http://localhost:3000/_next/static/chunks/node_modules_next_dist_20ud_8w._.js:2099
[  510145ms] [ERROR] ./src/components/ui/multi-select.tsx:145:13
Expected '</', got ';'
  143 |               </button>
  144 |             );
> 145 |           });
      |             ^
  146 |           },
  147 |           document.body
  148 |         )}

Parsing ecmascript source code failed

Import traces:
  Client Component Browser:
    ./src/components/ui/multi-select.tsx [Client Component Browser]
    ./src/components/expense-filters.tsx [Client Component Browser]
    ./src/app/expenses/page.tsx [Client Component Browser]
    ./src/app/expenses/page.tsx [Server Component]

  Client Component SSR:
    ./src/components/ui/multi-select.tsx [Client Component SSR]
    ./src/components/expense-filters.tsx [Client Component SSR]
    ./src/app/expenses/page.tsx [Client Component SSR]
    ./src/app/expenses/page.tsx [Server Component] @ http://localhost:3000/_next/static/chunks/node_modules_next_dist_20ud_8w._.js:2099
[  510207ms] [ERROR] ./src/components/ui/multi-select.tsx:145:13
Expected '</', got ';'
  143 |               </button>
  144 |             );
> 145 |           });
      |             ^
  146 |           },
  147 |           document.body
  148 |         )}

Parsing ecmascript source code failed

Import traces:
  Client Component Browser:
    ./src/components/ui/multi-select.tsx [Client Component Browser]
    ./src/components/expense-filters.tsx [Client Component Browser]
    ./src/app/expenses/page.tsx [Client Component Browser]
    ./src/app/expenses/page.tsx [Server Component]

  Client Component SSR:
    ./src/components/ui/multi-select.tsx [Client Component SSR]
    ./src/components/expense-filters.tsx [Client Component SSR]
    ./src/app/expenses/page.tsx [Client Component SSR]
    ./src/app/expenses/page.tsx [Server Component] @ http://localhost:3000/_next/static/chunks/node_modules_next_dist_20ud_8w._.js:2099
[  510268ms] [ERROR] ./src/components/ui/multi-select.tsx:145:13
Expected '</', got ';'
  143 |               </button>
  144 |             );
> 145 |           });
      |             ^
  146 |           },
  147 |           document.body
  148 |         )}

Parsing ecmascript source code failed

Import traces:
  Client Component Browser:
    ./src/components/ui/multi-select.tsx [Client Component Browser]
    ./src/components/expense-filters.tsx [Client Component Browser]
    ./src/app/expenses/page.tsx [Client Component Browser]
    ./src/app/expenses/page.tsx [Server Component]

  Client Component SSR:
    ./src/components/ui/multi-select.tsx [Client Component SSR]
    ./src/components/expense-filters.tsx [Client Component SSR]
    ./src/app/expenses/page.tsx [Client Component SSR]
    ./src/app/expenses/page.tsx [Server Component] @ http://localhost:3000/_next/static/chunks/node_modules_next_dist_20ud_8w._.js:2099
[  510332ms] [ERROR] ./src/components/ui/multi-select.tsx:145:13
Expected '</', got ';'
  143 |               </button>
  144 |             );
> 145 |           });
      |             ^
  146 |           },
  147 |           document.body
  148 |         )}

Parsing ecmascript source code failed

Import traces:
  Client Component Browser:
    ./src/components/ui/multi-select.tsx [Client Component Browser]
    ./src/components/expense-filters.tsx [Client Component Browser]
    ./src/app/expenses/page.tsx [Client Component Browser]
    ./src/app/expenses/page.tsx [Server Component]

  Client Component SSR:
    ./src/components/ui/multi-select.tsx [Client Component SSR]
    ./src/components/expense-filters.tsx [Client Component SSR]
    ./src/app/expenses/page.tsx [Client Component SSR]
    ./src/app/expenses/page.tsx [Server Component] @ http://localhost:3000/_next/static/chunks/node_modules_next_dist_20ud_8w._.js:2099
[  510395ms] [ERROR] ./src/components/ui/multi-select.tsx:145:13
Expected '</', got ';'
  143 |               </button>
  144 |             );
> 145 |           });
      |             ^
  146 |           },
  147 |           document.body
  148 |         )}

Parsing ecmascript source code failed

Import traces:
  Client Component Browser:
    ./src/components/ui/multi-select.tsx [Client Component Browser]
    ./src/components/expense-filters.tsx [Client Component Browser]
    ./src/app/expenses/page.tsx [Client Component Browser]
    ./src/app/expenses/page.tsx [Server Component]

  Client Component SSR:
    ./src/components/ui/multi-select.tsx [Client Component SSR]
    ./src/components/expense-filters.tsx [Client Component SSR]
    ./src/app/expenses/page.tsx [Client Component SSR]
    ./src/app/expenses/page.tsx [Server Component] @ http://localhost:3000/_next/static/chunks/node_modules_next_dist_20ud_8w._.js:2099
[  510462ms] [ERROR] ./src/components/ui/multi-select.tsx:145:13
Expected '</', got ';'
  143 |               </button>
  144 |             );
> 145 |           });
      |             ^
  146 |           },
  147 |           document.body
  148 |         )}

Parsing ecmascript source code failed

Import traces:
  Client Component Browser:
    ./src/components/ui/multi-select.tsx [Client Component Browser]
    ./src/components/expense-filters.tsx [Client Component Browser]
    ./src/app/expenses/page.tsx [Client Component Browser]
    ./src/app/expenses/page.tsx [Server Component]

  Client Component SSR:
    ./src/components/ui/multi-select.tsx [Client Component SSR]
    ./src/components/expense-filters.tsx [Client Component SSR]
    ./src/app/expenses/page.tsx [Client Component SSR]
    ./src/app/expenses/page.tsx [Server Component] @ http://localhost:3000/_next/static/chunks/node_modules_next_dist_20ud_8w._.js:2099
[  510518ms] [ERROR] ./src/components/ui/multi-select.tsx:145:13
Expected '</', got ';'
  143 |               </button>
  144 |             );
> 145 |           });
      |             ^
  146 |           },
  147 |           document.body
  148 |         )}

Parsing ecmascript source code failed

Import traces:
  Client Component Browser:
    ./src/components/ui/multi-select.tsx [Client Component Browser]
    ./src/components/expense-filters.tsx [Client Component Browser]
    ./src/app/expenses/page.tsx [Client Component Browser]
    ./src/app/expenses/page.tsx [Server Component]

  Client Component SSR:
    ./src/components/ui/multi-select.tsx [Client Component SSR]
    ./src/components/expense-filters.tsx [Client Component SSR]
    ./src/app/expenses/page.tsx [Client Component SSR]
    ./src/app/expenses/page.tsx [Server Component] @ http://localhost:3000/_next/static/chunks/node_modules_next_dist_20ud_8w._.js:2099
[  510582ms] [ERROR] ./src/components/ui/multi-select.tsx:145:13
Expected '</', got ';'
  143 |               </button>
  144 |             );
> 145 |           });
      |             ^
  146 |           },
  147 |           document.body
  148 |         )}

Parsing ecmascript source code failed

Import traces:
  Client Component Browser:
    ./src/components/ui/multi-select.tsx [Client Component Browser]
    ./src/components/expense-filters.tsx [Client Component Browser]
    ./src/app/expenses/page.tsx [Client Component Browser]
    ./src/app/expenses/page.tsx [Server Component]

  Client Component SSR:
    ./src/components/ui/multi-select.tsx [Client Component SSR]
    ./src/components/expense-filters.tsx [Client Component SSR]
    ./src/app/expenses/page.tsx [Client Component SSR]
    ./src/app/expenses/page.tsx [Server Component] @ http://localhost:3000/_next/static/chunks/node_modules_next_dist_20ud_8w._.js:2099
[  510645ms] [ERROR] ./src/components/ui/multi-select.tsx:145:13
Expected '</', got ';'
  143 |               </button>
  144 |             );
> 145 |           });
      |             ^
  146 |           },
  147 |           document.body
  148 |         )}

Parsing ecmascript source code failed

Import traces:
  Client Component Browser:
    ./src/components/ui/multi-select.tsx [Client Component Browser]
    ./src/components/expense-filters.tsx [Client Component Browser]
    ./src/app/expenses/page.tsx [Client Component Browser]
    ./src/app/expenses/page.tsx [Server Component]

  Client Component SSR:
    ./src/components/ui/multi-select.tsx [Client Component SSR]
    ./src/components/expense-filters.tsx [Client Component SSR]
    ./src/app/expenses/page.tsx [Client Component SSR]
    ./src/app/expenses/page.tsx [Server Component] @ http://localhost:3000/_next/static/chunks/node_modules_next_dist_20ud_8w._.js:2099
[  510705ms] [ERROR] ./src/components/ui/multi-select.tsx:145:13
Expected '</', got ';'
  143 |               </button>
  144 |             );
> 145 |           });
      |             ^
  146 |           },
  147 |           document.body
  148 |         )}

Parsing ecmascript source code failed

Import traces:
  Client Component Browser:
    ./src/components/ui/multi-select.tsx [Client Component Browser]
    ./src/components/expense-filters.tsx [Client Component Browser]
    ./src/app/expenses/page.tsx [Client Component Browser]
    ./src/app/expenses/page.tsx [Server Component]

  Client Component SSR:
    ./src/components/ui/multi-select.tsx [Client Component SSR]
    ./src/components/expense-filters.tsx [Client Component SSR]
    ./src/app/expenses/page.tsx [Client Component SSR]
    ./src/app/expenses/page.tsx [Server Component] @ http://localhost:3000/_next/static/chunks/node_modules_next_dist_20ud_8w._.js:2099
[  510767ms] [ERROR] ./src/components/ui/multi-select.tsx:145:13
Expected '</', got ';'
  143 |               </button>
  144 |             );
> 145 |           });
      |             ^
  146 |           },
  147 |           document.body
  148 |         )}

Parsing ecmascript source code failed

Import traces:
  Client Component Browser:
    ./src/components/ui/multi-select.tsx [Client Component Browser]
    ./src/components/expense-filters.tsx [Client Component Browser]
    ./src/app/expenses/page.tsx [Client Component Browser]
    ./src/app/expenses/page.tsx [Server Component]

  Client Component SSR:
    ./src/components/ui/multi-select.tsx [Client Component SSR]
    ./src/components/expense-filters.tsx [Client Component SSR]
    ./src/app/expenses/page.tsx [Client Component SSR]
    ./src/app/expenses/page.tsx [Server Component] @ http://localhost:3000/_next/static/chunks/node_modules_next_dist_20ud_8w._.js:2099
[  510837ms] [ERROR] ./src/components/ui/multi-select.tsx:145:13
Expected '</', got ';'
  143 |               </button>
  144 |             );
> 145 |           });
      |             ^
  146 |           },
  147 |           document.body
  148 |         )}

Parsing ecmascript source code failed

Import traces:
  Client Component Browser:
    ./src/components/ui/multi-select.tsx [Client Component Browser]
    ./src/components/expense-filters.tsx [Client Component Browser]
    ./src/app/expenses/page.tsx [Client Component Browser]
    ./src/app/expenses/page.tsx [Server Component]

  Client Component SSR:
    ./src/components/ui/multi-select.tsx [Client Component SSR]
    ./src/components/expense-filters.tsx [Client Component SSR]
    ./src/app/expenses/page.tsx [Client Component SSR]
    ./src/app/expenses/page.tsx [Server Component] @ http://localhost:3000/_next/static/chunks/node_modules_next_dist_20ud_8w._.js:2099
[  510890ms] [ERROR] ./src/components/ui/multi-select.tsx:145:13
Expected '</', got ';'
  143 |               </button>
  144 |             );
> 145 |           });
      |             ^
  146 |           },
  147 |           document.body
  148 |         )}

Parsing ecmascript source code failed

Import traces:
  Client Component Browser:
    ./src/components/ui/multi-select.tsx [Client Component Browser]
    ./src/components/expense-filters.tsx [Client Component Browser]
    ./src/app/expenses/page.tsx [Client Component Browser]
    ./src/app/expenses/page.tsx [Server Component]

  Client Component SSR:
    ./src/components/ui/multi-select.tsx [Client Component SSR]
    ./src/components/expense-filters.tsx [Client Component SSR]
    ./src/app/expenses/page.tsx [Client Component SSR]
    ./src/app/expenses/page.tsx [Server Component] @ http://localhost:3000/_next/static/chunks/node_modules_next_dist_20ud_8w._.js:2099
[  510952ms] [ERROR] ./src/components/ui/multi-select.tsx:145:13
Expected '</', got ';'
  143 |               </button>
  144 |             );
> 145 |           });
      |             ^
  146 |           },
  147 |           document.body
  148 |         )}

Parsing ecmascript source code failed

Import traces:
  Client Component Browser:
    ./src/components/ui/multi-select.tsx [Client Component Browser]
    ./src/components/expense-filters.tsx [Client Component Browser]
    ./src/app/expenses/page.tsx [Client Component Browser]
    ./src/app/expenses/page.tsx [Server Component]

  Client Component SSR:
    ./src/components/ui/multi-select.tsx [Client Component SSR]
    ./src/components/expense-filters.tsx [Client Component SSR]
    ./src/app/expenses/page.tsx [Client Component SSR]
    ./src/app/expenses/page.tsx [Server Component] @ http://localhost:3000/_next/static/chunks/node_modules_next_dist_20ud_8w._.js:2099
[  511013ms] [ERROR] ./src/components/ui/multi-select.tsx:145:13
Expected '</', got ';'
  143 |               </button>
  144 |             );
> 145 |           });
      |             ^
  146 |           },
  147 |           document.body
  148 |         )}

Parsing ecmascript source code failed

Import traces:
  Client Component Browser:
    ./src/components/ui/multi-select.tsx [Client Component Browser]
    ./src/components/expense-filters.tsx [Client Component Browser]
    ./src/app/expenses/page.tsx [Client Component Browser]
    ./src/app/expenses/page.tsx [Server Component]

  Client Component SSR:
    ./src/components/ui/multi-select.tsx [Client Component SSR]
    ./src/components/expense-filters.tsx [Client Component SSR]
    ./src/app/expenses/page.tsx [Client Component SSR]
    ./src/app/expenses/page.tsx [Server Component] @ http://localhost:3000/_next/static/chunks/node_modules_next_dist_20ud_8w._.js:2099
[  511076ms] [ERROR] ./src/components/ui/multi-select.tsx:145:13
Expected '</', got ';'
  143 |               </button>
  144 |             );
> 145 |           });
      |             ^
  146 |           },
  147 |           document.body
  148 |         )}

Parsing ecmascript source code failed

Import traces:
  Client Component Browser:
    ./src/components/ui/multi-select.tsx [Client Component Browser]
    ./src/components/expense-filters.tsx [Client Component Browser]
    ./src/app/expenses/page.tsx [Client Component Browser]
    ./src/app/expenses/page.tsx [Server Component]

  Client Component SSR:
    ./src/components/ui/multi-select.tsx [Client Component SSR]
    ./src/components/expense-filters.tsx [Client Component SSR]
    ./src/app/expenses/page.tsx [Client Component SSR]
    ./src/app/expenses/page.tsx [Server Component] @ http://localhost:3000/_next/static/chunks/node_modules_next_dist_20ud_8w._.js:2099
[  511139ms] [ERROR] ./src/components/ui/multi-select.tsx:145:13
Expected '</', got ';'
  143 |               </button>
  144 |             );
> 145 |           });
      |             ^
  146 |           },
  147 |           document.body
  148 |         )}

Parsing ecmascript source code failed

Import traces:
  Client Component Browser:
    ./src/components/ui/multi-select.tsx [Client Component Browser]
    ./src/components/expense-filters.tsx [Client Component Browser]
    ./src/app/expenses/page.tsx [Client Component Browser]
    ./src/app/expenses/page.tsx [Server Component]

  Client Component SSR:
    ./src/components/ui/multi-select.tsx [Client Component SSR]
    ./src/components/expense-filters.tsx [Client Component SSR]
    ./src/app/expenses/page.tsx [Client Component SSR]
    ./src/app/expenses/page.tsx [Server Component] @ http://localhost:3000/_next/static/chunks/node_modules_next_dist_20ud_8w._.js:2099
[  511199ms] [ERROR] ./src/components/ui/multi-select.tsx:145:13
Expected '</', got ';'
  143 |               </button>
  144 |             );
> 145 |           });
      |             ^
  146 |           },
  147 |           document.body
  148 |         )}

Parsing ecmascript source code failed

Import traces:
  Client Component Browser:
    ./src/components/ui/multi-select.tsx [Client Component Browser]
    ./src/components/expense-filters.tsx [Client Component Browser]
    ./src/app/expenses/page.tsx [Client Component Browser]
    ./src/app/expenses/page.tsx [Server Component]

  Client Component SSR:
    ./src/components/ui/multi-select.tsx [Client Component SSR]
    ./src/components/expense-filters.tsx [Client Component SSR]
    ./src/app/expenses/page.tsx [Client Component SSR]
    ./src/app/expenses/page.tsx [Server Component] @ http://localhost:3000/_next/static/chunks/node_modules_next_dist_20ud_8w._.js:2099
[  511260ms] [ERROR] ./src/components/ui/multi-select.tsx:145:13
Expected '</', got ';'
  143 |               </button>
  144 |             );
> 145 |           });
      |             ^
  146 |           },
  147 |           document.body
  148 |         )}

Parsing ecmascript source code failed

Import traces:
  Client Component Browser:
    ./src/components/ui/multi-select.tsx [Client Component Browser]
    ./src/components/expense-filters.tsx [Client Component Browser]
    ./src/app/expenses/page.tsx [Client Component Browser]
    ./src/app/expenses/page.tsx [Server Component]

  Client Component SSR:
    ./src/components/ui/multi-select.tsx [Client Component SSR]
    ./src/components/expense-filters.tsx [Client Component SSR]
    ./src/app/expenses/page.tsx [Client Component SSR]
    ./src/app/expenses/page.tsx [Server Component] @ http://localhost:3000/_next/static/chunks/node_modules_next_dist_20ud_8w._.js:2099
[  511325ms] [ERROR] ./src/components/ui/multi-select.tsx:145:13
Expected '</', got ';'
  143 |               </button>
  144 |             );
> 145 |           });
      |             ^
  146 |           },
  147 |           document.body
  148 |         )}

Parsing ecmascript source code failed

Import traces:
  Client Component Browser:
    ./src/components/ui/multi-select.tsx [Client Component Browser]
    ./src/components/expense-filters.tsx [Client Component Browser]
    ./src/app/expenses/page.tsx [Client Component Browser]
    ./src/app/expenses/page.tsx [Server Component]

  Client Component SSR:
    ./src/components/ui/multi-select.tsx [Client Component SSR]
    ./src/components/expense-filters.tsx [Client Component SSR]
    ./src/app/expenses/page.tsx [Client Component SSR]
    ./src/app/expenses/page.tsx [Server Component] @ http://localhost:3000/_next/static/chunks/node_modules_next_dist_20ud_8w._.js:2099
[  511387ms] [ERROR] ./src/components/ui/multi-select.tsx:145:13
Expected '</', got ';'
  143 |               </button>
  144 |             );
> 145 |           });
      |             ^
  146 |           },
  147 |           document.body
  148 |         )}

Parsing ecmascript source code failed

Import traces:
  Client Component Browser:
    ./src/components/ui/multi-select.tsx [Client Component Browser]
    ./src/components/expense-filters.tsx [Client Component Browser]
    ./src/app/expenses/page.tsx [Client Component Browser]
    ./src/app/expenses/page.tsx [Server Component]

  Client Component SSR:
    ./src/components/ui/multi-select.tsx [Client Component SSR]
    ./src/components/expense-filters.tsx [Client Component SSR]
    ./src/app/expenses/page.tsx [Client Component SSR]
    ./src/app/expenses/page.tsx [Server Component] @ http://localhost:3000/_next/static/chunks/node_modules_next_dist_20ud_8w._.js:2099
[  511450ms] [ERROR] ./src/components/ui/multi-select.tsx:145:13
Expected '</', got ';'
  143 |               </button>
  144 |             );
> 145 |           });
      |             ^
  146 |           },
  147 |           document.body
  148 |         )}

Parsing ecmascript source code failed

Import traces:
  Client Component Browser:
    ./src/components/ui/multi-select.tsx [Client Component Browser]
    ./src/components/expense-filters.tsx [Client Component Browser]
    ./src/app/expenses/page.tsx [Client Component Browser]
    ./src/app/expenses/page.tsx [Server Component]

  Client Component SSR:
    ./src/components/ui/multi-select.tsx [Client Component SSR]
    ./src/components/expense-filters.tsx [Client Component SSR]
    ./src/app/expenses/page.tsx [Client Component SSR]
    ./src/app/expenses/page.tsx [Server Component] @ http://localhost:3000/_next/static/chunks/node_modules_next_dist_20ud_8w._.js:2099
[  511512ms] [ERROR] ./src/components/ui/multi-select.tsx:145:13
Expected '</', got ';'
  143 |               </button>
  144 |             );
> 145 |           });
      |             ^
  146 |           },
  147 |           document.body
  148 |         )}

Parsing ecmascript source code failed

Import traces:
  Client Component Browser:
    ./src/components/ui/multi-select.tsx [Client Component Browser]
    ./src/components/expense-filters.tsx [Client Component Browser]
    ./src/app/expenses/page.tsx [Client Component Browser]
    ./src/app/expenses/page.tsx [Server Component]

  Client Component SSR:
    ./src/components/ui/multi-select.tsx [Client Component SSR]
    ./src/components/expense-filters.tsx [Client Component SSR]
    ./src/app/expenses/page.tsx [Client Component SSR]
    ./src/app/expenses/page.tsx [Server Component] @ http://localhost:3000/_next/static/chunks/node_modules_next_dist_20ud_8w._.js:2099
[  511575ms] [ERROR] ./src/components/ui/multi-select.tsx:145:13
Expected '</', got ';'
  143 |               </button>
  144 |             );
> 145 |           });
      |             ^
  146 |           },
  147 |           document.body
  148 |         )}

Parsing ecmascript source code failed

Import traces:
  Client Component Browser:
    ./src/components/ui/multi-select.tsx [Client Component Browser]
    ./src/components/expense-filters.tsx [Client Component Browser]
    ./src/app/expenses/page.tsx [Client Component Browser]
    ./src/app/expenses/page.tsx [Server Component]

  Client Component SSR:
    ./src/components/ui/multi-select.tsx [Client Component SSR]
    ./src/components/expense-filters.tsx [Client Component SSR]
    ./src/app/expenses/page.tsx [Client Component SSR]
    ./src/app/expenses/page.tsx [Server Component] @ http://localhost:3000/_next/static/chunks/node_modules_next_dist_20ud_8w._.js:2099
[  511636ms] [ERROR] ./src/components/ui/multi-select.tsx:145:13
Expected '</', got ';'
  143 |               </button>
  144 |             );
> 145 |           });
      |             ^
  146 |           },
  147 |           document.body
  148 |         )}

Parsing ecmascript source code failed

Import traces:
  Client Component Browser:
    ./src/components/ui/multi-select.tsx [Client Component Browser]
    ./src/components/expense-filters.tsx [Client Component Browser]
    ./src/app/expenses/page.tsx [Client Component Browser]
    ./src/app/expenses/page.tsx [Server Component]

  Client Component SSR:
    ./src/components/ui/multi-select.tsx [Client Component SSR]
    ./src/components/expense-filters.tsx [Client Component SSR]
    ./src/app/expenses/page.tsx [Client Component SSR]
    ./src/app/expenses/page.tsx [Server Component] @ http://localhost:3000/_next/static/chunks/node_modules_next_dist_20ud_8w._.js:2099
[  511699ms] [ERROR] ./src/components/ui/multi-select.tsx:145:13
Expected '</', got ';'
  143 |               </button>
  144 |             );
> 145 |           });
      |             ^
  146 |           },
  147 |           document.body
  148 |         )}

Parsing ecmascript source code failed

Import traces:
  Client Component Browser:
    ./src/components/ui/multi-select.tsx [Client Component Browser]
    ./src/components/expense-filters.tsx [Client Component Browser]
    ./src/app/expenses/page.tsx [Client Component Browser]
    ./src/app/expenses/page.tsx [Server Component]

  Client Component SSR:
    ./src/components/ui/multi-select.tsx [Client Component SSR]
    ./src/components/expense-filters.tsx [Client Component SSR]
    ./src/app/expenses/page.tsx [Client Component SSR]
    ./src/app/expenses/page.tsx [Server Component] @ http://localhost:3000/_next/static/chunks/node_modules_next_dist_20ud_8w._.js:2099
[  511757ms] [ERROR] ./src/components/ui/multi-select.tsx:145:13
Expected '</', got ';'
  143 |               </button>
  144 |             );
> 145 |           });
      |             ^
  146 |           },
  147 |           document.body
  148 |         )}

Parsing ecmascript source code failed

Import traces:
  Client Component Browser:
    ./src/components/ui/multi-select.tsx [Client Component Browser]
    ./src/components/expense-filters.tsx [Client Component Browser]
    ./src/app/expenses/page.tsx [Client Component Browser]
    ./src/app/expenses/page.tsx [Server Component]

  Client Component SSR:
    ./src/components/ui/multi-select.tsx [Client Component SSR]
    ./src/components/expense-filters.tsx [Client Component SSR]
    ./src/app/expenses/page.tsx [Client Component SSR]
    ./src/app/expenses/page.tsx [Server Component] @ http://localhost:3000/_next/static/chunks/node_modules_next_dist_20ud_8w._.js:2099
[  511820ms] [ERROR] ./src/components/ui/multi-select.tsx:145:13
Expected '</', got ';'
  143 |               </button>
  144 |             );
> 145 |           });
      |             ^
  146 |           },
  147 |           document.body
  148 |         )}

Parsing ecmascript source code failed

Import traces:
  Client Component Browser:
    ./src/components/ui/multi-select.tsx [Client Component Browser]
    ./src/components/expense-filters.tsx [Client Component Browser]
    ./src/app/expenses/page.tsx [Client Component Browser]
    ./src/app/expenses/page.tsx [Server Component]

  Client Component SSR:
    ./src/components/ui/multi-select.tsx [Client Component SSR]
    ./src/components/expense-filters.tsx [Client Component SSR]
    ./src/app/expenses/page.tsx [Client Component SSR]
    ./src/app/expenses/page.tsx [Server Component] @ http://localhost:3000/_next/static/chunks/node_modules_next_dist_20ud_8w._.js:2099
[  511880ms] [ERROR] ./src/components/ui/multi-select.tsx:145:13
Expected '</', got ';'
  143 |               </button>
  144 |             );
> 145 |           });
      |             ^
  146 |           },
  147 |           document.body
  148 |         )}

Parsing ecmascript source code failed

Import traces:
  Client Component Browser:
    ./src/components/ui/multi-select.tsx [Client Component Browser]
    ./src/components/expense-filters.tsx [Client Component Browser]
    ./src/app/expenses/page.tsx [Client Component Browser]
    ./src/app/expenses/page.tsx [Server Component]

  Client Component SSR:
    ./src/components/ui/multi-select.tsx [Client Component SSR]
    ./src/components/expense-filters.tsx [Client Component SSR]
    ./src/app/expenses/page.tsx [Client Component SSR]
    ./src/app/expenses/page.tsx [Server Component] @ http://localhost:3000/_next/static/chunks/node_modules_next_dist_20ud_8w._.js:2099
[  511942ms] [ERROR] ./src/components/ui/multi-select.tsx:145:13
Expected '</', got ';'
  143 |               </button>
  144 |             );
> 145 |           });
      |             ^
  146 |           },
  147 |           document.body
  148 |         )}

Parsing ecmascript source code failed

Import traces:
  Client Component Browser:
    ./src/components/ui/multi-select.tsx [Client Component Browser]
    ./src/components/expense-filters.tsx [Client Component Browser]
    ./src/app/expenses/page.tsx [Client Component Browser]
    ./src/app/expenses/page.tsx [Server Component]

  Client Component SSR:
    ./src/components/ui/multi-select.tsx [Client Component SSR]
    ./src/components/expense-filters.tsx [Client Component SSR]
    ./src/app/expenses/page.tsx [Client Component SSR]
    ./src/app/expenses/page.tsx [Server Component] @ http://localhost:3000/_next/static/chunks/node_modules_next_dist_20ud_8w._.js:2099
[  512004ms] [ERROR] ./src/components/ui/multi-select.tsx:145:13
Expected '</', got ';'
  143 |               </button>
  144 |             );
> 145 |           });
      |             ^
  146 |           },
  147 |           document.body
  148 |         )}

Parsing ecmascript source code failed

Import traces:
  Client Component Browser:
    ./src/components/ui/multi-select.tsx [Client Component Browser]
    ./src/components/expense-filters.tsx [Client Component Browser]
    ./src/app/expenses/page.tsx [Client Component Browser]
    ./src/app/expenses/page.tsx [Server Component]

  Client Component SSR:
    ./src/components/ui/multi-select.tsx [Client Component SSR]
    ./src/components/expense-filters.tsx [Client Component SSR]
    ./src/app/expenses/page.tsx [Client Component SSR]
    ./src/app/expenses/page.tsx [Server Component] @ http://localhost:3000/_next/static/chunks/node_modules_next_dist_20ud_8w._.js:2099
[  512068ms] [ERROR] ./src/components/ui/multi-select.tsx:145:13
Expected '</', got ';'
  143 |               </button>
  144 |             );
> 145 |           });
      |             ^
  146 |           },
  147 |           document.body
  148 |         )}

Parsing ecmascript source code failed

Import traces:
  Client Component Browser:
    ./src/components/ui/multi-select.tsx [Client Component Browser]
    ./src/components/expense-filters.tsx [Client Component Browser]
    ./src/app/expenses/page.tsx [Client Component Browser]
    ./src/app/expenses/page.tsx [Server Component]

  Client Component SSR:
    ./src/components/ui/multi-select.tsx [Client Component SSR]
    ./src/components/expense-filters.tsx [Client Component SSR]
    ./src/app/expenses/page.tsx [Client Component SSR]
    ./src/app/expenses/page.tsx [Server Component] @ http://localhost:3000/_next/static/chunks/node_modules_next_dist_20ud_8w._.js:2099
[  512132ms] [ERROR] ./src/components/ui/multi-select.tsx:145:13
Expected '</', got ';'
  143 |               </button>
  144 |             );
> 145 |           });
      |             ^
  146 |           },
  147 |           document.body
  148 |         )}

Parsing ecmascript source code failed

Import traces:
  Client Component Browser:
    ./src/components/ui/multi-select.tsx [Client Component Browser]
    ./src/components/expense-filters.tsx [Client Component Browser]
    ./src/app/expenses/page.tsx [Client Component Browser]
    ./src/app/expenses/page.tsx [Server Component]

  Client Component SSR:
    ./src/components/ui/multi-select.tsx [Client Component SSR]
    ./src/components/expense-filters.tsx [Client Component SSR]
    ./src/app/expenses/page.tsx [Client Component SSR]
    ./src/app/expenses/page.tsx [Server Component] @ http://localhost:3000/_next/static/chunks/node_modules_next_dist_20ud_8w._.js:2099
[  512192ms] [ERROR] ./src/components/ui/multi-select.tsx:145:13
Expected '</', got ';'
  143 |               </button>
  144 |             );
> 145 |           });
      |             ^
  146 |           },
  147 |           document.body
  148 |         )}

Parsing ecmascript source code failed

Import traces:
  Client Component Browser:
    ./src/components/ui/multi-select.tsx [Client Component Browser]
    ./src/components/expense-filters.tsx [Client Component Browser]
    ./src/app/expenses/page.tsx [Client Component Browser]
    ./src/app/expenses/page.tsx [Server Component]

  Client Component SSR:
    ./src/components/ui/multi-select.tsx [Client Component SSR]
    ./src/components/expense-filters.tsx [Client Component SSR]
    ./src/app/expenses/page.tsx [Client Component SSR]
    ./src/app/expenses/page.tsx [Server Component] @ http://localhost:3000/_next/static/chunks/node_modules_next_dist_20ud_8w._.js:2099
[  512252ms] [ERROR] ./src/components/ui/multi-select.tsx:145:13
Expected '</', got ';'
  143 |               </button>
  144 |             );
> 145 |           });
      |             ^
  146 |           },
  147 |           document.body
  148 |         )}

Parsing ecmascript source code failed

Import traces:
  Client Component Browser:
    ./src/components/ui/multi-select.tsx [Client Component Browser]
    ./src/components/expense-filters.tsx [Client Component Browser]
    ./src/app/expenses/page.tsx [Client Component Browser]
    ./src/app/expenses/page.tsx [Server Component]

  Client Component SSR:
    ./src/components/ui/multi-select.tsx [Client Component SSR]
    ./src/components/expense-filters.tsx [Client Component SSR]
    ./src/app/expenses/page.tsx [Client Component SSR]
    ./src/app/expenses/page.tsx [Server Component] @ http://localhost:3000/_next/static/chunks/node_modules_next_dist_20ud_8w._.js:2099
[  512317ms] [ERROR] ./src/components/ui/multi-select.tsx:145:13
Expected '</', got ';'
  143 |               </button>
  144 |             );
> 145 |           });
      |             ^
  146 |           },
  147 |           document.body
  148 |         )}

Parsing ecmascript source code failed

Import traces:
  Client Component Browser:
    ./src/components/ui/multi-select.tsx [Client Component Browser]
    ./src/components/expense-filters.tsx [Client Component Browser]
    ./src/app/expenses/page.tsx [Client Component Browser]
    ./src/app/expenses/page.tsx [Server Component]

  Client Component SSR:
    ./src/components/ui/multi-select.tsx [Client Component SSR]
    ./src/components/expense-filters.tsx [Client Component SSR]
    ./src/app/expenses/page.tsx [Client Component SSR]
    ./src/app/expenses/page.tsx [Server Component] @ http://localhost:3000/_next/static/chunks/node_modules_next_dist_20ud_8w._.js:2099
[  512378ms] [ERROR] ./src/components/ui/multi-select.tsx:145:13
Expected '</', got ';'
  143 |               </button>
  144 |             );
> 145 |           });
      |             ^
  146 |           },
  147 |           document.body
  148 |         )}

Parsing ecmascript source code failed

Import traces:
  Client Component Browser:
    ./src/components/ui/multi-select.tsx [Client Component Browser]
    ./src/components/expense-filters.tsx [Client Component Browser]
    ./src/app/expenses/page.tsx [Client Component Browser]
    ./src/app/expenses/page.tsx [Server Component]

  Client Component SSR:
    ./src/components/ui/multi-select.tsx [Client Component SSR]
    ./src/components/expense-filters.tsx [Client Component SSR]
    ./src/app/expenses/page.tsx [Client Component SSR]
    ./src/app/expenses/page.tsx [Server Component] @ http://localhost:3000/_next/static/chunks/node_modules_next_dist_20ud_8w._.js:2099
[  512442ms] [ERROR] ./src/components/ui/multi-select.tsx:145:13
Expected '</', got ';'
  143 |               </button>
  144 |             );
> 145 |           });
      |             ^
  146 |           },
  147 |           document.body
  148 |         )}

Parsing ecmascript source code failed

Import traces:
  Client Component Browser:
    ./src/components/ui/multi-select.tsx [Client Component Browser]
    ./src/components/expense-filters.tsx [Client Component Browser]
    ./src/app/expenses/page.tsx [Client Component Browser]
    ./src/app/expenses/page.tsx [Server Component]

  Client Component SSR:
    ./src/components/ui/multi-select.tsx [Client Component SSR]
    ./src/components/expense-filters.tsx [Client Component SSR]
    ./src/app/expenses/page.tsx [Client Component SSR]
    ./src/app/expenses/page.tsx [Server Component] @ http://localhost:3000/_next/static/chunks/node_modules_next_dist_20ud_8w._.js:2099
[  512502ms] [ERROR] ./src/components/ui/multi-select.tsx:145:13
Expected '</', got ';'
  143 |               </button>
  144 |             );
> 145 |           });
      |             ^
  146 |           },
  147 |           document.body
  148 |         )}

Parsing ecmascript source code failed

Import traces:
  Client Component Browser:
    ./src/components/ui/multi-select.tsx [Client Component Browser]
    ./src/components/expense-filters.tsx [Client Component Browser]
    ./src/app/expenses/page.tsx [Client Component Browser]
    ./src/app/expenses/page.tsx [Server Component]

  Client Component SSR:
    ./src/components/ui/multi-select.tsx [Client Component SSR]
    ./src/components/expense-filters.tsx [Client Component SSR]
    ./src/app/expenses/page.tsx [Client Component SSR]
    ./src/app/expenses/page.tsx [Server Component] @ http://localhost:3000/_next/static/chunks/node_modules_next_dist_20ud_8w._.js:2099
[  512567ms] [ERROR] ./src/components/ui/multi-select.tsx:145:13
Expected '</', got ';'
  143 |               </button>
  144 |             );
> 145 |           });
      |             ^
  146 |           },
  147 |           document.body
  148 |         )}

Parsing ecmascript source code failed

Import traces:
  Client Component Browser:
    ./src/components/ui/multi-select.tsx [Client Component Browser]
    ./src/components/expense-filters.tsx [Client Component Browser]
    ./src/app/expenses/page.tsx [Client Component Browser]
    ./src/app/expenses/page.tsx [Server Component]

  Client Component SSR:
    ./src/components/ui/multi-select.tsx [Client Component SSR]
    ./src/components/expense-filters.tsx [Client Component SSR]
    ./src/app/expenses/page.tsx [Client Component SSR]
    ./src/app/expenses/page.tsx [Server Component] @ http://localhost:3000/_next/static/chunks/node_modules_next_dist_20ud_8w._.js:2099
[  512627ms] [ERROR] ./src/components/ui/multi-select.tsx:145:13
Expected '</', got ';'
  143 |               </button>
  144 |             );
> 145 |           });
      |             ^
  146 |           },
  147 |           document.body
  148 |         )}

Parsing ecmascript source code failed

Import traces:
  Client Component Browser:
    ./src/components/ui/multi-select.tsx [Client Component Browser]
    ./src/components/expense-filters.tsx [Client Component Browser]
    ./src/app/expenses/page.tsx [Client Component Browser]
    ./src/app/expenses/page.tsx [Server Component]

  Client Component SSR:
    ./src/components/ui/multi-select.tsx [Client Component SSR]
    ./src/components/expense-filters.tsx [Client Component SSR]
    ./src/app/expenses/page.tsx [Client Component SSR]
    ./src/app/expenses/page.tsx [Server Component] @ http://localhost:3000/_next/static/chunks/node_modules_next_dist_20ud_8w._.js:2099
[  512706ms] [ERROR] ./src/components/ui/multi-select.tsx:145:13
Expected '</', got ';'
  143 |               </button>
  144 |             );
> 145 |           });
      |             ^
  146 |           },
  147 |           document.body
  148 |         )}

Parsing ecmascript source code failed

Import traces:
  Client Component Browser:
    ./src/components/ui/multi-select.tsx [Client Component Browser]
    ./src/components/expense-filters.tsx [Client Component Browser]
    ./src/app/expenses/page.tsx [Client Component Browser]
    ./src/app/expenses/page.tsx [Server Component]

  Client Component SSR:
    ./src/components/ui/multi-select.tsx [Client Component SSR]
    ./src/components/expense-filters.tsx [Client Component SSR]
    ./src/app/expenses/page.tsx [Client Component SSR]
    ./src/app/expenses/page.tsx [Server Component] @ http://localhost:3000/_next/static/chunks/node_modules_next_dist_20ud_8w._.js:2099
[  512765ms] [ERROR] ./src/components/ui/multi-select.tsx:145:13
Expected '</', got ';'
  143 |               </button>
  144 |             );
> 145 |           });
      |             ^
  146 |           },
  147 |           document.body
  148 |         )}

Parsing ecmascript source code failed

Import traces:
  Client Component Browser:
    ./src/components/ui/multi-select.tsx [Client Component Browser]
    ./src/components/expense-filters.tsx [Client Component Browser]
    ./src/app/expenses/page.tsx [Client Component Browser]
    ./src/app/expenses/page.tsx [Server Component]

  Client Component SSR:
    ./src/components/ui/multi-select.tsx [Client Component SSR]
    ./src/components/expense-filters.tsx [Client Component SSR]
    ./src/app/expenses/page.tsx [Client Component SSR]
    ./src/app/expenses/page.tsx [Server Component] @ http://localhost:3000/_next/static/chunks/node_modules_next_dist_20ud_8w._.js:2099
[  512827ms] [ERROR] ./src/components/ui/multi-select.tsx:145:13
Expected '</', got ';'
  143 |               </button>
  144 |             );
> 145 |           });
      |             ^
  146 |           },
  147 |           document.body
  148 |         )}

Parsing ecmascript source code failed

Import traces:
  Client Component Browser:
    ./src/components/ui/multi-select.tsx [Client Component Browser]
    ./src/components/expense-filters.tsx [Client Component Browser]
    ./src/app/expenses/page.tsx [Client Component Browser]
    ./src/app/expenses/page.tsx [Server Component]

  Client Component SSR:
    ./src/components/ui/multi-select.tsx [Client Component SSR]
    ./src/components/expense-filters.tsx [Client Component SSR]
    ./src/app/expenses/page.tsx [Client Component SSR]
    ./src/app/expenses/page.tsx [Server Component] @ http://localhost:3000/_next/static/chunks/node_modules_next_dist_20ud_8w._.js:2099
[  512890ms] [ERROR] ./src/components/ui/multi-select.tsx:145:13
Expected '</', got ';'
  143 |               </button>
  144 |             );
> 145 |           });
      |             ^
  146 |           },
  147 |           document.body
  148 |         )}

Parsing ecmascript source code failed

Import traces:
  Client Component Browser:
    ./src/components/ui/multi-select.tsx [Client Component Browser]
    ./src/components/expense-filters.tsx [Client Component Browser]
    ./src/app/expenses/page.tsx [Client Component Browser]
    ./src/app/expenses/page.tsx [Server Component]

  Client Component SSR:
    ./src/components/ui/multi-select.tsx [Client Component SSR]
    ./src/components/expense-filters.tsx [Client Component SSR]
    ./src/app/expenses/page.tsx [Client Component SSR]
    ./src/app/expenses/page.tsx [Server Component] @ http://localhost:3000/_next/static/chunks/node_modules_next_dist_20ud_8w._.js:2099
[  512953ms] [ERROR] ./src/components/ui/multi-select.tsx:145:13
Expected '</', got ';'
  143 |               </button>
  144 |             );
> 145 |           });
      |             ^
  146 |           },
  147 |           document.body
  148 |         )}

Parsing ecmascript source code failed

Import traces:
  Client Component Browser:
    ./src/components/ui/multi-select.tsx [Client Component Browser]
    ./src/components/expense-filters.tsx [Client Component Browser]
    ./src/app/expenses/page.tsx [Client Component Browser]
    ./src/app/expenses/page.tsx [Server Component]

  Client Component SSR:
    ./src/components/ui/multi-select.tsx [Client Component SSR]
    ./src/components/expense-filters.tsx [Client Component SSR]
    ./src/app/expenses/page.tsx [Client Component SSR]
    ./src/app/expenses/page.tsx [Server Component] @ http://localhost:3000/_next/static/chunks/node_modules_next_dist_20ud_8w._.js:2099
[  513015ms] [ERROR] ./src/components/ui/multi-select.tsx:145:13
Expected '</', got ';'
  143 |               </button>
  144 |             );
> 145 |           });
      |             ^
  146 |           },
  147 |           document.body
  148 |         )}

Parsing ecmascript source code failed

Import traces:
  Client Component Browser:
    ./src/components/ui/multi-select.tsx [Client Component Browser]
    ./src/components/expense-filters.tsx [Client Component Browser]
    ./src/app/expenses/page.tsx [Client Component Browser]
    ./src/app/expenses/page.tsx [Server Component]

  Client Component SSR:
    ./src/components/ui/multi-select.tsx [Client Component SSR]
    ./src/components/expense-filters.tsx [Client Component SSR]
    ./src/app/expenses/page.tsx [Client Component SSR]
    ./src/app/expenses/page.tsx [Server Component] @ http://localhost:3000/_next/static/chunks/node_modules_next_dist_20ud_8w._.js:2099
[  513077ms] [ERROR] ./src/components/ui/multi-select.tsx:145:13
Expected '</', got ';'
  143 |               </button>
  144 |             );
> 145 |           });
      |             ^
  146 |           },
  147 |           document.body
  148 |         )}

Parsing ecmascript source code failed

Import traces:
  Client Component Browser:
    ./src/components/ui/multi-select.tsx [Client Component Browser]
    ./src/components/expense-filters.tsx [Client Component Browser]
    ./src/app/expenses/page.tsx [Client Component Browser]
    ./src/app/expenses/page.tsx [Server Component]

  Client Component SSR:
    ./src/components/ui/multi-select.tsx [Client Component SSR]
    ./src/components/expense-filters.tsx [Client Component SSR]
    ./src/app/expenses/page.tsx [Client Component SSR]
    ./src/app/expenses/page.tsx [Server Component] @ http://localhost:3000/_next/static/chunks/node_modules_next_dist_20ud_8w._.js:2099
[  513141ms] [ERROR] ./src/components/ui/multi-select.tsx:145:13
Expected '</', got ';'
  143 |               </button>
  144 |             );
> 145 |           });
      |             ^
  146 |           },
  147 |           document.body
  148 |         )}

Parsing ecmascript source code failed

Import traces:
  Client Component Browser:
    ./src/components/ui/multi-select.tsx [Client Component Browser]
    ./src/components/expense-filters.tsx [Client Component Browser]
    ./src/app/expenses/page.tsx [Client Component Browser]
    ./src/app/expenses/page.tsx [Server Component]

  Client Component SSR:
    ./src/components/ui/multi-select.tsx [Client Component SSR]
    ./src/components/expense-filters.tsx [Client Component SSR]
    ./src/app/expenses/page.tsx [Client Component SSR]
    ./src/app/expenses/page.tsx [Server Component] @ http://localhost:3000/_next/static/chunks/node_modules_next_dist_20ud_8w._.js:2099
[  513201ms] [ERROR] ./src/components/ui/multi-select.tsx:145:13
Expected '</', got ';'
  143 |               </button>
  144 |             );
> 145 |           });
      |             ^
  146 |           },
  147 |           document.body
  148 |         )}

Parsing ecmascript source code failed

Import traces:
  Client Component Browser:
    ./src/components/ui/multi-select.tsx [Client Component Browser]
    ./src/components/expense-filters.tsx [Client Component Browser]
    ./src/app/expenses/page.tsx [Client Component Browser]
    ./src/app/expenses/page.tsx [Server Component]

  Client Component SSR:
    ./src/components/ui/multi-select.tsx [Client Component SSR]
    ./src/components/expense-filters.tsx [Client Component SSR]
    ./src/app/expenses/page.tsx [Client Component SSR]
    ./src/app/expenses/page.tsx [Server Component] @ http://localhost:3000/_next/static/chunks/node_modules_next_dist_20ud_8w._.js:2099
[  513264ms] [ERROR] ./src/components/ui/multi-select.tsx:145:13
Expected '</', got ';'
  143 |               </button>
  144 |             );
> 145 |           });
      |             ^
  146 |           },
  147 |           document.body
  148 |         )}

Parsing ecmascript source code failed

Import traces:
  Client Component Browser:
    ./src/components/ui/multi-select.tsx [Client Component Browser]
    ./src/components/expense-filters.tsx [Client Component Browser]
    ./src/app/expenses/page.tsx [Client Component Browser]
    ./src/app/expenses/page.tsx [Server Component]

  Client Component SSR:
    ./src/components/ui/multi-select.tsx [Client Component SSR]
    ./src/components/expense-filters.tsx [Client Component SSR]
    ./src/app/expenses/page.tsx [Client Component SSR]
    ./src/app/expenses/page.tsx [Server Component] @ http://localhost:3000/_next/static/chunks/node_modules_next_dist_20ud_8w._.js:2099
[  513325ms] [ERROR] ./src/components/ui/multi-select.tsx:145:13
Expected '</', got ';'
  143 |               </button>
  144 |             );
> 145 |           });
      |             ^
  146 |           },
  147 |           document.body
  148 |         )}

Parsing ecmascript source code failed

Import traces:
  Client Component Browser:
    ./src/components/ui/multi-select.tsx [Client Component Browser]
    ./src/components/expense-filters.tsx [Client Component Browser]
    ./src/app/expenses/page.tsx [Client Component Browser]
    ./src/app/expenses/page.tsx [Server Component]

  Client Component SSR:
    ./src/components/ui/multi-select.tsx [Client Component SSR]
    ./src/components/expense-filters.tsx [Client Component SSR]
    ./src/app/expenses/page.tsx [Client Component SSR]
    ./src/app/expenses/page.tsx [Server Component] @ http://localhost:3000/_next/static/chunks/node_modules_next_dist_20ud_8w._.js:2099
[  513387ms] [ERROR] ./src/components/ui/multi-select.tsx:145:13
Expected '</', got ';'
  143 |               </button>
  144 |             );
> 145 |           });
      |             ^
  146 |           },
  147 |           document.body
  148 |         )}

Parsing ecmascript source code failed

Import traces:
  Client Component Browser:
    ./src/components/ui/multi-select.tsx [Client Component Browser]
    ./src/components/expense-filters.tsx [Client Component Browser]
    ./src/app/expenses/page.tsx [Client Component Browser]
    ./src/app/expenses/page.tsx [Server Component]

  Client Component SSR:
    ./src/components/ui/multi-select.tsx [Client Component SSR]
    ./src/components/expense-filters.tsx [Client Component SSR]
    ./src/app/expenses/page.tsx [Client Component SSR]
    ./src/app/expenses/page.tsx [Server Component] @ http://localhost:3000/_next/static/chunks/node_modules_next_dist_20ud_8w._.js:2099
[  513450ms] [ERROR] ./src/components/ui/multi-select.tsx:145:13
Expected '</', got ';'
  143 |               </button>
  144 |             );
> 145 |           });
      |             ^
  146 |           },
  147 |           document.body
  148 |         )}

Parsing ecmascript source code failed

Import traces:
  Client Component Browser:
    ./src/components/ui/multi-select.tsx [Client Component Browser]
    ./src/components/expense-filters.tsx [Client Component Browser]
    ./src/app/expenses/page.tsx [Client Component Browser]
    ./src/app/expenses/page.tsx [Server Component]

  Client Component SSR:
    ./src/components/ui/multi-select.tsx [Client Component SSR]
    ./src/components/expense-filters.tsx [Client Component SSR]
    ./src/app/expenses/page.tsx [Client Component SSR]
    ./src/app/expenses/page.tsx [Server Component] @ http://localhost:3000/_next/static/chunks/node_modules_next_dist_20ud_8w._.js:2099
[  513512ms] [ERROR] ./src/components/ui/multi-select.tsx:145:13
Expected '</', got ';'
  143 |               </button>
  144 |             );
> 145 |           });
      |             ^
  146 |           },
  147 |           document.body
  148 |         )}

Parsing ecmascript source code failed

Import traces:
  Client Component Browser:
    ./src/components/ui/multi-select.tsx [Client Component Browser]
    ./src/components/expense-filters.tsx [Client Component Browser]
    ./src/app/expenses/page.tsx [Client Component Browser]
    ./src/app/expenses/page.tsx [Server Component]

  Client Component SSR:
    ./src/components/ui/multi-select.tsx [Client Component SSR]
    ./src/components/expense-filters.tsx [Client Component SSR]
    ./src/app/expenses/page.tsx [Client Component SSR]
    ./src/app/expenses/page.tsx [Server Component] @ http://localhost:3000/_next/static/chunks/node_modules_next_dist_20ud_8w._.js:2099
[  513576ms] [ERROR] ./src/components/ui/multi-select.tsx:145:13
Expected '</', got ';'
  143 |               </button>
  144 |             );
> 145 |           });
      |             ^
  146 |           },
  147 |           document.body
  148 |         )}

Parsing ecmascript source code failed

Import traces:
  Client Component Browser:
    ./src/components/ui/multi-select.tsx [Client Component Browser]
    ./src/components/expense-filters.tsx [Client Component Browser]
    ./src/app/expenses/page.tsx [Client Component Browser]
    ./src/app/expenses/page.tsx [Server Component]

  Client Component SSR:
    ./src/components/ui/multi-select.tsx [Client Component SSR]
    ./src/components/expense-filters.tsx [Client Component SSR]
    ./src/app/expenses/page.tsx [Client Component SSR]
    ./src/app/expenses/page.tsx [Server Component] @ http://localhost:3000/_next/static/chunks/node_modules_next_dist_20ud_8w._.js:2099
[  513639ms] [ERROR] ./src/components/ui/multi-select.tsx:145:13
Expected '</', got ';'
  143 |               </button>
  144 |             );
> 145 |           });
      |             ^
  146 |           },
  147 |           document.body
  148 |         )}

Parsing ecmascript source code failed

Import traces:
  Client Component Browser:
    ./src/components/ui/multi-select.tsx [Client Component Browser]
    ./src/components/expense-filters.tsx [Client Component Browser]
    ./src/app/expenses/page.tsx [Client Component Browser]
    ./src/app/expenses/page.tsx [Server Component]

  Client Component SSR:
    ./src/components/ui/multi-select.tsx [Client Component SSR]
    ./src/components/expense-filters.tsx [Client Component SSR]
    ./src/app/expenses/page.tsx [Client Component SSR]
    ./src/app/expenses/page.tsx [Server Component] @ http://localhost:3000/_next/static/chunks/node_modules_next_dist_20ud_8w._.js:2099
[  513699ms] [ERROR] ./src/components/ui/multi-select.tsx:145:13
Expected '</', got ';'
  143 |               </button>
  144 |             );
> 145 |           });
      |             ^
  146 |           },
  147 |           document.body
  148 |         )}

Parsing ecmascript source code failed

Import traces:
  Client Component Browser:
    ./src/components/ui/multi-select.tsx [Client Component Browser]
    ./src/components/expense-filters.tsx [Client Component Browser]
    ./src/app/expenses/page.tsx [Client Component Browser]
    ./src/app/expenses/page.tsx [Server Component]

  Client Component SSR:
    ./src/components/ui/multi-select.tsx [Client Component SSR]
    ./src/components/expense-filters.tsx [Client Component SSR]
    ./src/app/expenses/page.tsx [Client Component SSR]
    ./src/app/expenses/page.tsx [Server Component] @ http://localhost:3000/_next/static/chunks/node_modules_next_dist_20ud_8w._.js:2099
[  513761ms] [ERROR] ./src/components/ui/multi-select.tsx:145:13
Expected '</', got ';'
  143 |               </button>
  144 |             );
> 145 |           });
      |             ^
  146 |           },
  147 |           document.body
  148 |         )}

Parsing ecmascript source code failed

Import traces:
  Client Component Browser:
    ./src/components/ui/multi-select.tsx [Client Component Browser]
    ./src/components/expense-filters.tsx [Client Component Browser]
    ./src/app/expenses/page.tsx [Client Component Browser]
    ./src/app/expenses/page.tsx [Server Component]

  Client Component SSR:
    ./src/components/ui/multi-select.tsx [Client Component SSR]
    ./src/components/expense-filters.tsx [Client Component SSR]
    ./src/app/expenses/page.tsx [Client Component SSR]
    ./src/app/expenses/page.tsx [Server Component] @ http://localhost:3000/_next/static/chunks/node_modules_next_dist_20ud_8w._.js:2099
[  513825ms] [ERROR] ./src/components/ui/multi-select.tsx:145:13
Expected '</', got ';'
  143 |               </button>
  144 |             );
> 145 |           });
      |             ^
  146 |           },
  147 |           document.body
  148 |         )}

Parsing ecmascript source code failed

Import traces:
  Client Component Browser:
    ./src/components/ui/multi-select.tsx [Client Component Browser]
    ./src/components/expense-filters.tsx [Client Component Browser]
    ./src/app/expenses/page.tsx [Client Component Browser]
    ./src/app/expenses/page.tsx [Server Component]

  Client Component SSR:
    ./src/components/ui/multi-select.tsx [Client Component SSR]
    ./src/components/expense-filters.tsx [Client Component SSR]
    ./src/app/expenses/page.tsx [Client Component SSR]
    ./src/app/expenses/page.tsx [Server Component] @ http://localhost:3000/_next/static/chunks/node_modules_next_dist_20ud_8w._.js:2099
[  513885ms] [ERROR] ./src/components/ui/multi-select.tsx:145:13
Expected '</', got ';'
  143 |               </button>
  144 |             );
> 145 |           });
      |             ^
  146 |           },
  147 |           document.body
  148 |         )}

Parsing ecmascript source code failed

Import traces:
  Client Component Browser:
    ./src/components/ui/multi-select.tsx [Client Component Browser]
    ./src/components/expense-filters.tsx [Client Component Browser]
    ./src/app/expenses/page.tsx [Client Component Browser]
    ./src/app/expenses/page.tsx [Server Component]

  Client Component SSR:
    ./src/components/ui/multi-select.tsx [Client Component SSR]
    ./src/components/expense-filters.tsx [Client Component SSR]
    ./src/app/expenses/page.tsx [Client Component SSR]
    ./src/app/expenses/page.tsx [Server Component] @ http://localhost:3000/_next/static/chunks/node_modules_next_dist_20ud_8w._.js:2099
[  513949ms] [ERROR] ./src/components/ui/multi-select.tsx:145:13
Expected '</', got ';'
  143 |               </button>
  144 |             );
> 145 |           });
      |             ^
  146 |           },
  147 |           document.body
  148 |         )}

Parsing ecmascript source code failed

Import traces:
  Client Component Browser:
    ./src/components/ui/multi-select.tsx [Client Component Browser]
    ./src/components/expense-filters.tsx [Client Component Browser]
    ./src/app/expenses/page.tsx [Client Component Browser]
    ./src/app/expenses/page.tsx [Server Component]

  Client Component SSR:
    ./src/components/ui/multi-select.tsx [Client Component SSR]
    ./src/components/expense-filters.tsx [Client Component SSR]
    ./src/app/expenses/page.tsx [Client Component SSR]
    ./src/app/expenses/page.tsx [Server Component] @ http://localhost:3000/_next/static/chunks/node_modules_next_dist_20ud_8w._.js:2099
[  514011ms] [ERROR] ./src/components/ui/multi-select.tsx:145:13
Expected '</', got ';'
  143 |               </button>
  144 |             );
> 145 |           });
      |             ^
  146 |           },
  147 |           document.body
  148 |         )}

Parsing ecmascript source code failed

Import traces:
  Client Component Browser:
    ./src/components/ui/multi-select.tsx [Client Component Browser]
    ./src/components/expense-filters.tsx [Client Component Browser]
    ./src/app/expenses/page.tsx [Client Component Browser]
    ./src/app/expenses/page.tsx [Server Component]

  Client Component SSR:
    ./src/components/ui/multi-select.tsx [Client Component SSR]
    ./src/components/expense-filters.tsx [Client Component SSR]
    ./src/app/expenses/page.tsx [Client Component SSR]
    ./src/app/expenses/page.tsx [Server Component] @ http://localhost:3000/_next/static/chunks/node_modules_next_dist_20ud_8w._.js:2099
[  514071ms] [ERROR] ./src/components/ui/multi-select.tsx:145:13
Expected '</', got ';'
  143 |               </button>
  144 |             );
> 145 |           });
      |             ^
  146 |           },
  147 |           document.body
  148 |         )}

Parsing ecmascript source code failed

Import traces:
  Client Component Browser:
    ./src/components/ui/multi-select.tsx [Client Component Browser]
    ./src/components/expense-filters.tsx [Client Component Browser]
    ./src/app/expenses/page.tsx [Client Component Browser]
    ./src/app/expenses/page.tsx [Server Component]

  Client Component SSR:
    ./src/components/ui/multi-select.tsx [Client Component SSR]
    ./src/components/expense-filters.tsx [Client Component SSR]
    ./src/app/expenses/page.tsx [Client Component SSR]
    ./src/app/expenses/page.tsx [Server Component] @ http://localhost:3000/_next/static/chunks/node_modules_next_dist_20ud_8w._.js:2099
[  514137ms] [ERROR] ./src/components/ui/multi-select.tsx:145:13
Expected '</', got ';'
  143 |               </button>
  144 |             );
> 145 |           });
      |             ^
  146 |           },
  147 |           document.body
  148 |         )}

Parsing ecmascript source code failed

Import traces:
  Client Component Browser:
    ./src/components/ui/multi-select.tsx [Client Component Browser]
    ./src/components/expense-filters.tsx [Client Component Browser]
    ./src/app/expenses/page.tsx [Client Component Browser]
    ./src/app/expenses/page.tsx [Server Component]

  Client Component SSR:
    ./src/components/ui/multi-select.tsx [Client Component SSR]
    ./src/components/expense-filters.tsx [Client Component SSR]
    ./src/app/expenses/page.tsx [Client Component SSR]
    ./src/app/expenses/page.tsx [Server Component] @ http://localhost:3000/_next/static/chunks/node_modules_next_dist_20ud_8w._.js:2099
[  514199ms] [ERROR] ./src/components/ui/multi-select.tsx:145:13
Expected '</', got ';'
  143 |               </button>
  144 |             );
> 145 |           });
      |             ^
  146 |           },
  147 |           document.body
  148 |         )}

Parsing ecmascript source code failed

Import traces:
  Client Component Browser:
    ./src/components/ui/multi-select.tsx [Client Component Browser]
    ./src/components/expense-filters.tsx [Client Component Browser]
    ./src/app/expenses/page.tsx [Client Component Browser]
    ./src/app/expenses/page.tsx [Server Component]

  Client Component SSR:
    ./src/components/ui/multi-select.tsx [Client Component SSR]
    ./src/components/expense-filters.tsx [Client Component SSR]
    ./src/app/expenses/page.tsx [Client Component SSR]
    ./src/app/expenses/page.tsx [Server Component] @ http://localhost:3000/_next/static/chunks/node_modules_next_dist_20ud_8w._.js:2099
[  514258ms] [ERROR] ./src/components/ui/multi-select.tsx:145:13
Expected '</', got ';'
  143 |               </button>
  144 |             );
> 145 |           });
      |             ^
  146 |           },
  147 |           document.body
  148 |         )}

Parsing ecmascript source code failed

Import traces:
  Client Component Browser:
    ./src/components/ui/multi-select.tsx [Client Component Browser]
    ./src/components/expense-filters.tsx [Client Component Browser]
    ./src/app/expenses/page.tsx [Client Component Browser]
    ./src/app/expenses/page.tsx [Server Component]

  Client Component SSR:
    ./src/components/ui/multi-select.tsx [Client Component SSR]
    ./src/components/expense-filters.tsx [Client Component SSR]
    ./src/app/expenses/page.tsx [Client Component SSR]
    ./src/app/expenses/page.tsx [Server Component] @ http://localhost:3000/_next/static/chunks/node_modules_next_dist_20ud_8w._.js:2099
[  514320ms] [ERROR] ./src/components/ui/multi-select.tsx:145:13
Expected '</', got ';'
  143 |               </button>
  144 |             );
> 145 |           });
      |             ^
  146 |           },
  147 |           document.body
  148 |         )}

Parsing ecmascript source code failed

Import traces:
  Client Component Browser:
    ./src/components/ui/multi-select.tsx [Client Component Browser]
    ./src/components/expense-filters.tsx [Client Component Browser]
    ./src/app/expenses/page.tsx [Client Component Browser]
    ./src/app/expenses/page.tsx [Server Component]

  Client Component SSR:
    ./src/components/ui/multi-select.tsx [Client Component SSR]
    ./src/components/expense-filters.tsx [Client Component SSR]
    ./src/app/expenses/page.tsx [Client Component SSR]
    ./src/app/expenses/page.tsx [Server Component] @ http://localhost:3000/_next/static/chunks/node_modules_next_dist_20ud_8w._.js:2099
[  514381ms] [ERROR] ./src/components/ui/multi-select.tsx:145:13
Expected '</', got ';'
  143 |               </button>
  144 |             );
> 145 |           });
      |             ^
  146 |           },
  147 |           document.body
  148 |         )}

Parsing ecmascript source code failed

Import traces:
  Client Component Browser:
    ./src/components/ui/multi-select.tsx [Client Component Browser]
    ./src/components/expense-filters.tsx [Client Component Browser]
    ./src/app/expenses/page.tsx [Client Component Browser]
    ./src/app/expenses/page.tsx [Server Component]

  Client Component SSR:
    ./src/components/ui/multi-select.tsx [Client Component SSR]
    ./src/components/expense-filters.tsx [Client Component SSR]
    ./src/app/expenses/page.tsx [Client Component SSR]
    ./src/app/expenses/page.tsx [Server Component] @ http://localhost:3000/_next/static/chunks/node_modules_next_dist_20ud_8w._.js:2099
[  514448ms] [ERROR] ./src/components/ui/multi-select.tsx:145:13
Expected '</', got ';'
  143 |               </button>
  144 |             );
> 145 |           });
      |             ^
  146 |           },
  147 |           document.body
  148 |         )}

Parsing ecmascript source code failed

Import traces:
  Client Component Browser:
    ./src/components/ui/multi-select.tsx [Client Component Browser]
    ./src/components/expense-filters.tsx [Client Component Browser]
    ./src/app/expenses/page.tsx [Client Component Browser]
    ./src/app/expenses/page.tsx [Server Component]

  Client Component SSR:
    ./src/components/ui/multi-select.tsx [Client Component SSR]
    ./src/components/expense-filters.tsx [Client Component SSR]
    ./src/app/expenses/page.tsx [Client Component SSR]
    ./src/app/expenses/page.tsx [Server Component] @ http://localhost:3000/_next/static/chunks/node_modules_next_dist_20ud_8w._.js:2099
[  514507ms] [ERROR] ./src/components/ui/multi-select.tsx:145:13
Expected '</', got ';'
  143 |               </button>
  144 |             );
> 145 |           });
      |             ^
  146 |           },
  147 |           document.body
  148 |         )}

Parsing ecmascript source code failed

Import traces:
  Client Component Browser:
    ./src/components/ui/multi-select.tsx [Client Component Browser]
    ./src/components/expense-filters.tsx [Client Component Browser]
    ./src/app/expenses/page.tsx [Client Component Browser]
    ./src/app/expenses/page.tsx [Server Component]

  Client Component SSR:
    ./src/components/ui/multi-select.tsx [Client Component SSR]
    ./src/components/expense-filters.tsx [Client Component SSR]
    ./src/app/expenses/page.tsx [Client Component SSR]
    ./src/app/expenses/page.tsx [Server Component] @ http://localhost:3000/_next/static/chunks/node_modules_next_dist_20ud_8w._.js:2099
[  514569ms] [ERROR] ./src/components/ui/multi-select.tsx:145:13
Expected '</', got ';'
  143 |               </button>
  144 |             );
> 145 |           });
      |             ^
  146 |           },
  147 |           document.body
  148 |         )}

Parsing ecmascript source code failed

Import traces:
  Client Component Browser:
    ./src/components/ui/multi-select.tsx [Client Component Browser]
    ./src/components/expense-filters.tsx [Client Component Browser]
    ./src/app/expenses/page.tsx [Client Component Browser]
    ./src/app/expenses/page.tsx [Server Component]

  Client Component SSR:
    ./src/components/ui/multi-select.tsx [Client Component SSR]
    ./src/components/expense-filters.tsx [Client Component SSR]
    ./src/app/expenses/page.tsx [Client Component SSR]
    ./src/app/expenses/page.tsx [Server Component] @ http://localhost:3000/_next/static/chunks/node_modules_next_dist_20ud_8w._.js:2099
[  514634ms] [ERROR] ./src/components/ui/multi-select.tsx:145:13
Expected '</', got ';'
  143 |               </button>
  144 |             );
> 145 |           });
      |             ^
  146 |           },
  147 |           document.body
  148 |         )}

Parsing ecmascript source code failed

Import traces:
  Client Component Browser:
    ./src/components/ui/multi-select.tsx [Client Component Browser]
    ./src/components/expense-filters.tsx [Client Component Browser]
    ./src/app/expenses/page.tsx [Client Component Browser]
    ./src/app/expenses/page.tsx [Server Component]

  Client Component SSR:
    ./src/components/ui/multi-select.tsx [Client Component SSR]
    ./src/components/expense-filters.tsx [Client Component SSR]
    ./src/app/expenses/page.tsx [Client Component SSR]
    ./src/app/expenses/page.tsx [Server Component] @ http://localhost:3000/_next/static/chunks/node_modules_next_dist_20ud_8w._.js:2099
[  514695ms] [ERROR] ./src/components/ui/multi-select.tsx:145:13
Expected '</', got ';'
  143 |               </button>
  144 |             );
> 145 |           });
      |             ^
  146 |           },
  147 |           document.body
  148 |         )}

Parsing ecmascript source code failed

Import traces:
  Client Component Browser:
    ./src/components/ui/multi-select.tsx [Client Component Browser]
    ./src/components/expense-filters.tsx [Client Component Browser]
    ./src/app/expenses/page.tsx [Client Component Browser]
    ./src/app/expenses/page.tsx [Server Component]

  Client Component SSR:
    ./src/components/ui/multi-select.tsx [Client Component SSR]
    ./src/components/expense-filters.tsx [Client Component SSR]
    ./src/app/expenses/page.tsx [Client Component SSR]
    ./src/app/expenses/page.tsx [Server Component] @ http://localhost:3000/_next/static/chunks/node_modules_next_dist_20ud_8w._.js:2099
[  514772ms] [ERROR] ./src/components/ui/multi-select.tsx:145:13
Expected '</', got ';'
  143 |               </button>
  144 |             );
> 145 |           });
      |             ^
  146 |           },
  147 |           document.body
  148 |         )}

Parsing ecmascript source code failed

Import traces:
  Client Component Browser:
    ./src/components/ui/multi-select.tsx [Client Component Browser]
    ./src/components/expense-filters.tsx [Client Component Browser]
    ./src/app/expenses/page.tsx [Client Component Browser]
    ./src/app/expenses/page.tsx [Server Component]

  Client Component SSR:
    ./src/components/ui/multi-select.tsx [Client Component SSR]
    ./src/components/expense-filters.tsx [Client Component SSR]
    ./src/app/expenses/page.tsx [Client Component SSR]
    ./src/app/expenses/page.tsx [Server Component] @ http://localhost:3000/_next/static/chunks/node_modules_next_dist_20ud_8w._.js:2099
[  514832ms] [ERROR] ./src/components/ui/multi-select.tsx:145:13
Expected '</', got ';'
  143 |               </button>
  144 |             );
> 145 |           });
      |             ^
  146 |           },
  147 |           document.body
  148 |         )}

Parsing ecmascript source code failed

Import traces:
  Client Component Browser:
    ./src/components/ui/multi-select.tsx [Client Component Browser]
    ./src/components/expense-filters.tsx [Client Component Browser]
    ./src/app/expenses/page.tsx [Client Component Browser]
    ./src/app/expenses/page.tsx [Server Component]

  Client Component SSR:
    ./src/components/ui/multi-select.tsx [Client Component SSR]
    ./src/components/expense-filters.tsx [Client Component SSR]
    ./src/app/expenses/page.tsx [Client Component SSR]
    ./src/app/expenses/page.tsx [Server Component] @ http://localhost:3000/_next/static/chunks/node_modules_next_dist_20ud_8w._.js:2099
[  514895ms] [ERROR] ./src/components/ui/multi-select.tsx:145:13
Expected '</', got ';'
  143 |               </button>
  144 |             );
> 145 |           });
      |             ^
  146 |           },
  147 |           document.body
  148 |         )}

Parsing ecmascript source code failed

Import traces:
  Client Component Browser:
    ./src/components/ui/multi-select.tsx [Client Component Browser]
    ./src/components/expense-filters.tsx [Client Component Browser]
    ./src/app/expenses/page.tsx [Client Component Browser]
    ./src/app/expenses/page.tsx [Server Component]

  Client Component SSR:
    ./src/components/ui/multi-select.tsx [Client Component SSR]
    ./src/components/expense-filters.tsx [Client Component SSR]
    ./src/app/expenses/page.tsx [Client Component SSR]
    ./src/app/expenses/page.tsx [Server Component] @ http://localhost:3000/_next/static/chunks/node_modules_next_dist_20ud_8w._.js:2099
[  514957ms] [ERROR] ./src/components/ui/multi-select.tsx:145:13
Expected '</', got ';'
  143 |               </button>
  144 |             );
> 145 |           });
      |             ^
  146 |           },
  147 |           document.body
  148 |         )}

Parsing ecmascript source code failed

Import traces:
  Client Component Browser:
    ./src/components/ui/multi-select.tsx [Client Component Browser]
    ./src/components/expense-filters.tsx [Client Component Browser]
    ./src/app/expenses/page.tsx [Client Component Browser]
    ./src/app/expenses/page.tsx [Server Component]

  Client Component SSR:
    ./src/components/ui/multi-select.tsx [Client Component SSR]
    ./src/components/expense-filters.tsx [Client Component SSR]
    ./src/app/expenses/page.tsx [Client Component SSR]
    ./src/app/expenses/page.tsx [Server Component] @ http://localhost:3000/_next/static/chunks/node_modules_next_dist_20ud_8w._.js:2099
[  515020ms] [ERROR] ./src/components/ui/multi-select.tsx:145:13
Expected '</', got ';'
  143 |               </button>
  144 |             );
> 145 |           });
      |             ^
  146 |           },
  147 |           document.body
  148 |         )}

Parsing ecmascript source code failed

Import traces:
  Client Component Browser:
    ./src/components/ui/multi-select.tsx [Client Component Browser]
    ./src/components/expense-filters.tsx [Client Component Browser]
    ./src/app/expenses/page.tsx [Client Component Browser]
    ./src/app/expenses/page.tsx [Server Component]

  Client Component SSR:
    ./src/components/ui/multi-select.tsx [Client Component SSR]
    ./src/components/expense-filters.tsx [Client Component SSR]
    ./src/app/expenses/page.tsx [Client Component SSR]
    ./src/app/expenses/page.tsx [Server Component] @ http://localhost:3000/_next/static/chunks/node_modules_next_dist_20ud_8w._.js:2099
[  515081ms] [ERROR] ./src/components/ui/multi-select.tsx:145:13
Expected '</', got ';'
  143 |               </button>
  144 |             );
> 145 |           });
      |             ^
  146 |           },
  147 |           document.body
  148 |         )}

Parsing ecmascript source code failed

Import traces:
  Client Component Browser:
    ./src/components/ui/multi-select.tsx [Client Component Browser]
    ./src/components/expense-filters.tsx [Client Component Browser]
    ./src/app/expenses/page.tsx [Client Component Browser]
    ./src/app/expenses/page.tsx [Server Component]

  Client Component SSR:
    ./src/components/ui/multi-select.tsx [Client Component SSR]
    ./src/components/expense-filters.tsx [Client Component SSR]
    ./src/app/expenses/page.tsx [Client Component SSR]
    ./src/app/expenses/page.tsx [Server Component] @ http://localhost:3000/_next/static/chunks/node_modules_next_dist_20ud_8w._.js:2099
[  515143ms] [ERROR] ./src/components/ui/multi-select.tsx:145:13
Expected '</', got ';'
  143 |               </button>
  144 |             );
> 145 |           });
      |             ^
  146 |           },
  147 |           document.body
  148 |         )}

Parsing ecmascript source code failed

Import traces:
  Client Component Browser:
    ./src/components/ui/multi-select.tsx [Client Component Browser]
    ./src/components/expense-filters.tsx [Client Component Browser]
    ./src/app/expenses/page.tsx [Client Component Browser]
    ./src/app/expenses/page.tsx [Server Component]

  Client Component SSR:
    ./src/components/ui/multi-select.tsx [Client Component SSR]
    ./src/components/expense-filters.tsx [Client Component SSR]
    ./src/app/expenses/page.tsx [Client Component SSR]
    ./src/app/expenses/page.tsx [Server Component] @ http://localhost:3000/_next/static/chunks/node_modules_next_dist_20ud_8w._.js:2099
[  515209ms] [ERROR] ./src/components/ui/multi-select.tsx:145:13
Expected '</', got ';'
  143 |               </button>
  144 |             );
> 145 |           });
      |             ^
  146 |           },
  147 |           document.body
  148 |         )}

Parsing ecmascript source code failed

Import traces:
  Client Component Browser:
    ./src/components/ui/multi-select.tsx [Client Component Browser]
    ./src/components/expense-filters.tsx [Client Component Browser]
    ./src/app/expenses/page.tsx [Client Component Browser]
    ./src/app/expenses/page.tsx [Server Component]

  Client Component SSR:
    ./src/components/ui/multi-select.tsx [Client Component SSR]
    ./src/components/expense-filters.tsx [Client Component SSR]
    ./src/app/expenses/page.tsx [Client Component SSR]
    ./src/app/expenses/page.tsx [Server Component] @ http://localhost:3000/_next/static/chunks/node_modules_next_dist_20ud_8w._.js:2099
[  515266ms] [ERROR] ./src/components/ui/multi-select.tsx:145:13
Expected '</', got ';'
  143 |               </button>
  144 |             );
> 145 |           });
      |             ^
  146 |           },
  147 |           document.body
  148 |         )}

Parsing ecmascript source code failed

Import traces:
  Client Component Browser:
    ./src/components/ui/multi-select.tsx [Client Component Browser]
    ./src/components/expense-filters.tsx [Client Component Browser]
    ./src/app/expenses/page.tsx [Client Component Browser]
    ./src/app/expenses/page.tsx [Server Component]

  Client Component SSR:
    ./src/components/ui/multi-select.tsx [Client Component SSR]
    ./src/components/expense-filters.tsx [Client Component SSR]
    ./src/app/expenses/page.tsx [Client Component SSR]
    ./src/app/expenses/page.tsx [Server Component] @ http://localhost:3000/_next/static/chunks/node_modules_next_dist_20ud_8w._.js:2099
[  515329ms] [ERROR] ./src/components/ui/multi-select.tsx:145:13
Expected '</', got ';'
  143 |               </button>
  144 |             );
> 145 |           });
      |             ^
  146 |           },
  147 |           document.body
  148 |         )}

Parsing ecmascript source code failed

Import traces:
  Client Component Browser:
    ./src/components/ui/multi-select.tsx [Client Component Browser]
    ./src/components/expense-filters.tsx [Client Component Browser]
    ./src/app/expenses/page.tsx [Client Component Browser]
    ./src/app/expenses/page.tsx [Server Component]

  Client Component SSR:
    ./src/components/ui/multi-select.tsx [Client Component SSR]
    ./src/components/expense-filters.tsx [Client Component SSR]
    ./src/app/expenses/page.tsx [Client Component SSR]
    ./src/app/expenses/page.tsx [Server Component] @ http://localhost:3000/_next/static/chunks/node_modules_next_dist_20ud_8w._.js:2099
[  515391ms] [ERROR] ./src/components/ui/multi-select.tsx:145:13
Expected '</', got ';'
  143 |               </button>
  144 |             );
> 145 |           });
      |             ^
  146 |           },
  147 |           document.body
  148 |         )}

Parsing ecmascript source code failed

Import traces:
  Client Component Browser:
    ./src/components/ui/multi-select.tsx [Client Component Browser]
    ./src/components/expense-filters.tsx [Client Component Browser]
    ./src/app/expenses/page.tsx [Client Component Browser]
    ./src/app/expenses/page.tsx [Server Component]

  Client Component SSR:
    ./src/components/ui/multi-select.tsx [Client Component SSR]
    ./src/components/expense-filters.tsx [Client Component SSR]
    ./src/app/expenses/page.tsx [Client Component SSR]
    ./src/app/expenses/page.tsx [Server Component] @ http://localhost:3000/_next/static/chunks/node_modules_next_dist_20ud_8w._.js:2099
[  515452ms] [ERROR] ./src/components/ui/multi-select.tsx:145:13
Expected '</', got ';'
  143 |               </button>
  144 |             );
> 145 |           });
      |             ^
  146 |           },
  147 |           document.body
  148 |         )}

Parsing ecmascript source code failed

Import traces:
  Client Component Browser:
    ./src/components/ui/multi-select.tsx [Client Component Browser]
    ./src/components/expense-filters.tsx [Client Component Browser]
    ./src/app/expenses/page.tsx [Client Component Browser]
    ./src/app/expenses/page.tsx [Server Component]

  Client Component SSR:
    ./src/components/ui/multi-select.tsx [Client Component SSR]
    ./src/components/expense-filters.tsx [Client Component SSR]
    ./src/app/expenses/page.tsx [Client Component SSR]
    ./src/app/expenses/page.tsx [Server Component] @ http://localhost:3000/_next/static/chunks/node_modules_next_dist_20ud_8w._.js:2099
[  515517ms] [ERROR] ./src/components/ui/multi-select.tsx:145:13
Expected '</', got ';'
  143 |               </button>
  144 |             );
> 145 |           });
      |             ^
  146 |           },
  147 |           document.body
  148 |         )}

Parsing ecmascript source code failed

Import traces:
  Client Component Browser:
    ./src/components/ui/multi-select.tsx [Client Component Browser]
    ./src/components/expense-filters.tsx [Client Component Browser]
    ./src/app/expenses/page.tsx [Client Component Browser]
    ./src/app/expenses/page.tsx [Server Component]

  Client Component SSR:
    ./src/components/ui/multi-select.tsx [Client Component SSR]
    ./src/components/expense-filters.tsx [Client Component SSR]
    ./src/app/expenses/page.tsx [Client Component SSR]
    ./src/app/expenses/page.tsx [Server Component] @ http://localhost:3000/_next/static/chunks/node_modules_next_dist_20ud_8w._.js:2099
[  515576ms] [ERROR] ./src/components/ui/multi-select.tsx:145:13
Expected '</', got ';'
  143 |               </button>
  144 |             );
> 145 |           });
      |             ^
  146 |           },
  147 |           document.body
  148 |         )}

Parsing ecmascript source code failed

Import traces:
  Client Component Browser:
    ./src/components/ui/multi-select.tsx [Client Component Browser]
    ./src/components/expense-filters.tsx [Client Component Browser]
    ./src/app/expenses/page.tsx [Client Component Browser]
    ./src/app/expenses/page.tsx [Server Component]

  Client Component SSR:
    ./src/components/ui/multi-select.tsx [Client Component SSR]
    ./src/components/expense-filters.tsx [Client Component SSR]
    ./src/app/expenses/page.tsx [Client Component SSR]
    ./src/app/expenses/page.tsx [Server Component] @ http://localhost:3000/_next/static/chunks/node_modules_next_dist_20ud_8w._.js:2099
[  515641ms] [ERROR] ./src/components/ui/multi-select.tsx:145:13
Expected '</', got ';'
  143 |               </button>
  144 |             );
> 145 |           });
      |             ^
  146 |           },
  147 |           document.body
  148 |         )}

Parsing ecmascript source code failed

Import traces:
  Client Component Browser:
    ./src/components/ui/multi-select.tsx [Client Component Browser]
    ./src/components/expense-filters.tsx [Client Component Browser]
    ./src/app/expenses/page.tsx [Client Component Browser]
    ./src/app/expenses/page.tsx [Server Component]

  Client Component SSR:
    ./src/components/ui/multi-select.tsx [Client Component SSR]
    ./src/components/expense-filters.tsx [Client Component SSR]
    ./src/app/expenses/page.tsx [Client Component SSR]
    ./src/app/expenses/page.tsx [Server Component] @ http://localhost:3000/_next/static/chunks/node_modules_next_dist_20ud_8w._.js:2099
[  515701ms] [ERROR] ./src/components/ui/multi-select.tsx:145:13
Expected '</', got ';'
  143 |               </button>
  144 |             );
> 145 |           });
      |             ^
  146 |           },
  147 |           document.body
  148 |         )}

Parsing ecmascript source code failed

Import traces:
  Client Component Browser:
    ./src/components/ui/multi-select.tsx [Client Component Browser]
    ./src/components/expense-filters.tsx [Client Component Browser]
    ./src/app/expenses/page.tsx [Client Component Browser]
    ./src/app/expenses/page.tsx [Server Component]

  Client Component SSR:
    ./src/components/ui/multi-select.tsx [Client Component SSR]
    ./src/components/expense-filters.tsx [Client Component SSR]
    ./src/app/expenses/page.tsx [Client Component SSR]
    ./src/app/expenses/page.tsx [Server Component] @ http://localhost:3000/_next/static/chunks/node_modules_next_dist_20ud_8w._.js:2099
[  515764ms] [ERROR] ./src/components/ui/multi-select.tsx:145:13
Expected '</', got ';'
  143 |               </button>
  144 |             );
> 145 |           });
      |             ^
  146 |           },
  147 |           document.body
  148 |         )}

Parsing ecmascript source code failed

Import traces:
  Client Component Browser:
    ./src/components/ui/multi-select.tsx [Client Component Browser]
    ./src/components/expense-filters.tsx [Client Component Browser]
    ./src/app/expenses/page.tsx [Client Component Browser]
    ./src/app/expenses/page.tsx [Server Component]

  Client Component SSR:
    ./src/components/ui/multi-select.tsx [Client Component SSR]
    ./src/components/expense-filters.tsx [Client Component SSR]
    ./src/app/expenses/page.tsx [Client Component SSR]
    ./src/app/expenses/page.tsx [Server Component] @ http://localhost:3000/_next/static/chunks/node_modules_next_dist_20ud_8w._.js:2099
[  515826ms] [ERROR] ./src/components/ui/multi-select.tsx:145:13
Expected '</', got ';'
  143 |               </button>
  144 |             );
> 145 |           });
      |             ^
  146 |           },
  147 |           document.body
  148 |         )}

Parsing ecmascript source code failed

Import traces:
  Client Component Browser:
    ./src/components/ui/multi-select.tsx [Client Component Browser]
    ./src/components/expense-filters.tsx [Client Component Browser]
    ./src/app/expenses/page.tsx [Client Component Browser]
    ./src/app/expenses/page.tsx [Server Component]

  Client Component SSR:
    ./src/components/ui/multi-select.tsx [Client Component SSR]
    ./src/components/expense-filters.tsx [Client Component SSR]
    ./src/app/expenses/page.tsx [Client Component SSR]
    ./src/app/expenses/page.tsx [Server Component] @ http://localhost:3000/_next/static/chunks/node_modules_next_dist_20ud_8w._.js:2099
[  515888ms] [ERROR] ./src/components/ui/multi-select.tsx:145:13
Expected '</', got ';'
  143 |               </button>
  144 |             );
> 145 |           });
      |             ^
  146 |           },
  147 |           document.body
  148 |         )}

Parsing ecmascript source code failed

Import traces:
  Client Component Browser:
    ./src/components/ui/multi-select.tsx [Client Component Browser]
    ./src/components/expense-filters.tsx [Client Component Browser]
    ./src/app/expenses/page.tsx [Client Component Browser]
    ./src/app/expenses/page.tsx [Server Component]

  Client Component SSR:
    ./src/components/ui/multi-select.tsx [Client Component SSR]
    ./src/components/expense-filters.tsx [Client Component SSR]
    ./src/app/expenses/page.tsx [Client Component SSR]
    ./src/app/expenses/page.tsx [Server Component] @ http://localhost:3000/_next/static/chunks/node_modules_next_dist_20ud_8w._.js:2099
[  515951ms] [ERROR] ./src/components/ui/multi-select.tsx:145:13
Expected '</', got ';'
  143 |               </button>
  144 |             );
> 145 |           });
      |             ^
  146 |           },
  147 |           document.body
  148 |         )}

Parsing ecmascript source code failed

Import traces:
  Client Component Browser:
    ./src/components/ui/multi-select.tsx [Client Component Browser]
    ./src/components/expense-filters.tsx [Client Component Browser]
    ./src/app/expenses/page.tsx [Client Component Browser]
    ./src/app/expenses/page.tsx [Server Component]

  Client Component SSR:
    ./src/components/ui/multi-select.tsx [Client Component SSR]
    ./src/components/expense-filters.tsx [Client Component SSR]
    ./src/app/expenses/page.tsx [Client Component SSR]
    ./src/app/expenses/page.tsx [Server Component] @ http://localhost:3000/_next/static/chunks/node_modules_next_dist_20ud_8w._.js:2099
[  516013ms] [ERROR] ./src/components/ui/multi-select.tsx:145:13
Expected '</', got ';'
  143 |               </button>
  144 |             );
> 145 |           });
      |             ^
  146 |           },
  147 |           document.body
  148 |         )}

Parsing ecmascript source code failed

Import traces:
  Client Component Browser:
    ./src/components/ui/multi-select.tsx [Client Component Browser]
    ./src/components/expense-filters.tsx [Client Component Browser]
    ./src/app/expenses/page.tsx [Client Component Browser]
    ./src/app/expenses/page.tsx [Server Component]

  Client Component SSR:
    ./src/components/ui/multi-select.tsx [Client Component SSR]
    ./src/components/expense-filters.tsx [Client Component SSR]
    ./src/app/expenses/page.tsx [Client Component SSR]
    ./src/app/expenses/page.tsx [Server Component] @ http://localhost:3000/_next/static/chunks/node_modules_next_dist_20ud_8w._.js:2099
[  516076ms] [ERROR] ./src/components/ui/multi-select.tsx:145:13
Expected '</', got ';'
  143 |               </button>
  144 |             );
> 145 |           });
      |             ^
  146 |           },
  147 |           document.body
  148 |         )}

Parsing ecmascript source code failed

Import traces:
  Client Component Browser:
    ./src/components/ui/multi-select.tsx [Client Component Browser]
    ./src/components/expense-filters.tsx [Client Component Browser]
    ./src/app/expenses/page.tsx [Client Component Browser]
    ./src/app/expenses/page.tsx [Server Component]

  Client Component SSR:
    ./src/components/ui/multi-select.tsx [Client Component SSR]
    ./src/components/expense-filters.tsx [Client Component SSR]
    ./src/app/expenses/page.tsx [Client Component SSR]
    ./src/app/expenses/page.tsx [Server Component] @ http://localhost:3000/_next/static/chunks/node_modules_next_dist_20ud_8w._.js:2099
[  516141ms] [ERROR] ./src/components/ui/multi-select.tsx:145:13
Expected '</', got ';'
  143 |               </button>
  144 |             );
> 145 |           });
      |             ^
  146 |           },
  147 |           document.body
  148 |         )}

Parsing ecmascript source code failed

Import traces:
  Client Component Browser:
    ./src/components/ui/multi-select.tsx [Client Component Browser]
    ./src/components/expense-filters.tsx [Client Component Browser]
    ./src/app/expenses/page.tsx [Client Component Browser]
    ./src/app/expenses/page.tsx [Server Component]

  Client Component SSR:
    ./src/components/ui/multi-select.tsx [Client Component SSR]
    ./src/components/expense-filters.tsx [Client Component SSR]
    ./src/app/expenses/page.tsx [Client Component SSR]
    ./src/app/expenses/page.tsx [Server Component] @ http://localhost:3000/_next/static/chunks/node_modules_next_dist_20ud_8w._.js:2099
[  516200ms] [ERROR] ./src/components/ui/multi-select.tsx:145:13
Expected '</', got ';'
  143 |               </button>
  144 |             );
> 145 |           });
      |             ^
  146 |           },
  147 |           document.body
  148 |         )}

Parsing ecmascript source code failed

Import traces:
  Client Component Browser:
    ./src/components/ui/multi-select.tsx [Client Component Browser]
    ./src/components/expense-filters.tsx [Client Component Browser]
    ./src/app/expenses/page.tsx [Client Component Browser]
    ./src/app/expenses/page.tsx [Server Component]

  Client Component SSR:
    ./src/components/ui/multi-select.tsx [Client Component SSR]
    ./src/components/expense-filters.tsx [Client Component SSR]
    ./src/app/expenses/page.tsx [Client Component SSR]
    ./src/app/expenses/page.tsx [Server Component] @ http://localhost:3000/_next/static/chunks/node_modules_next_dist_20ud_8w._.js:2099
[  516263ms] [ERROR] ./src/components/ui/multi-select.tsx:145:13
Expected '</', got ';'
  143 |               </button>
  144 |             );
> 145 |           });
      |             ^
  146 |           },
  147 |           document.body
  148 |         )}

Parsing ecmascript source code failed

Import traces:
  Client Component Browser:
    ./src/components/ui/multi-select.tsx [Client Component Browser]
    ./src/components/expense-filters.tsx [Client Component Browser]
    ./src/app/expenses/page.tsx [Client Component Browser]
    ./src/app/expenses/page.tsx [Server Component]

  Client Component SSR:
    ./src/components/ui/multi-select.tsx [Client Component SSR]
    ./src/components/expense-filters.tsx [Client Component SSR]
    ./src/app/expenses/page.tsx [Client Component SSR]
    ./src/app/expenses/page.tsx [Server Component] @ http://localhost:3000/_next/static/chunks/node_modules_next_dist_20ud_8w._.js:2099
[  516330ms] [ERROR] ./src/components/ui/multi-select.tsx:145:13
Expected '</', got ';'
  143 |               </button>
  144 |             );
> 145 |           });
      |             ^
  146 |           },
  147 |           document.body
  148 |         )}

Parsing ecmascript source code failed

Import traces:
  Client Component Browser:
    ./src/components/ui/multi-select.tsx [Client Component Browser]
    ./src/components/expense-filters.tsx [Client Component Browser]
    ./src/app/expenses/page.tsx [Client Component Browser]
    ./src/app/expenses/page.tsx [Server Component]

  Client Component SSR:
    ./src/components/ui/multi-select.tsx [Client Component SSR]
    ./src/components/expense-filters.tsx [Client Component SSR]
    ./src/app/expenses/page.tsx [Client Component SSR]
    ./src/app/expenses/page.tsx [Server Component] @ http://localhost:3000/_next/static/chunks/node_modules_next_dist_20ud_8w._.js:2099
[  516384ms] [ERROR] ./src/components/ui/multi-select.tsx:145:13
Expected '</', got ';'
  143 |               </button>
  144 |             );
> 145 |           });
      |             ^
  146 |           },
  147 |           document.body
  148 |         )}

Parsing ecmascript source code failed

Import traces:
  Client Component Browser:
    ./src/components/ui/multi-select.tsx [Client Component Browser]
    ./src/components/expense-filters.tsx [Client Component Browser]
    ./src/app/expenses/page.tsx [Client Component Browser]
    ./src/app/expenses/page.tsx [Server Component]

  Client Component SSR:
    ./src/components/ui/multi-select.tsx [Client Component SSR]
    ./src/components/expense-filters.tsx [Client Component SSR]
    ./src/app/expenses/page.tsx [Client Component SSR]
    ./src/app/expenses/page.tsx [Server Component] @ http://localhost:3000/_next/static/chunks/node_modules_next_dist_20ud_8w._.js:2099
[  516449ms] [ERROR] ./src/components/ui/multi-select.tsx:145:13
Expected '</', got ';'
  143 |               </button>
  144 |             );
> 145 |           });
      |             ^
  146 |           },
  147 |           document.body
  148 |         )}

Parsing ecmascript source code failed

Import traces:
  Client Component Browser:
    ./src/components/ui/multi-select.tsx [Client Component Browser]
    ./src/components/expense-filters.tsx [Client Component Browser]
    ./src/app/expenses/page.tsx [Client Component Browser]
    ./src/app/expenses/page.tsx [Server Component]

  Client Component SSR:
    ./src/components/ui/multi-select.tsx [Client Component SSR]
    ./src/components/expense-filters.tsx [Client Component SSR]
    ./src/app/expenses/page.tsx [Client Component SSR]
    ./src/app/expenses/page.tsx [Server Component] @ http://localhost:3000/_next/static/chunks/node_modules_next_dist_20ud_8w._.js:2099
[  516513ms] [ERROR] ./src/components/ui/multi-select.tsx:145:13
Expected '</', got ';'
  143 |               </button>
  144 |             );
> 145 |           });
      |             ^
  146 |           },
  147 |           document.body
  148 |         )}

Parsing ecmascript source code failed

Import traces:
  Client Component Browser:
    ./src/components/ui/multi-select.tsx [Client Component Browser]
    ./src/components/expense-filters.tsx [Client Component Browser]
    ./src/app/expenses/page.tsx [Client Component Browser]
    ./src/app/expenses/page.tsx [Server Component]

  Client Component SSR:
    ./src/components/ui/multi-select.tsx [Client Component SSR]
    ./src/components/expense-filters.tsx [Client Component SSR]
    ./src/app/expenses/page.tsx [Client Component SSR]
    ./src/app/expenses/page.tsx [Server Component] @ http://localhost:3000/_next/static/chunks/node_modules_next_dist_20ud_8w._.js:2099
[  516574ms] [ERROR] ./src/components/ui/multi-select.tsx:145:13
Expected '</', got ';'
  143 |               </button>
  144 |             );
> 145 |           });
      |             ^
  146 |           },
  147 |           document.body
  148 |         )}

Parsing ecmascript source code failed

Import traces:
  Client Component Browser:
    ./src/components/ui/multi-select.tsx [Client Component Browser]
    ./src/components/expense-filters.tsx [Client Component Browser]
    ./src/app/expenses/page.tsx [Client Component Browser]
    ./src/app/expenses/page.tsx [Server Component]

  Client Component SSR:
    ./src/components/ui/multi-select.tsx [Client Component SSR]
    ./src/components/expense-filters.tsx [Client Component SSR]
    ./src/app/expenses/page.tsx [Client Component SSR]
    ./src/app/expenses/page.tsx [Server Component] @ http://localhost:3000/_next/static/chunks/node_modules_next_dist_20ud_8w._.js:2099
[  516633ms] [ERROR] ./src/components/ui/multi-select.tsx:145:13
Expected '</', got ';'
  143 |               </button>
  144 |             );
> 145 |           });
      |             ^
  146 |           },
  147 |           document.body
  148 |         )}

Parsing ecmascript source code failed

Import traces:
  Client Component Browser:
    ./src/components/ui/multi-select.tsx [Client Component Browser]
    ./src/components/expense-filters.tsx [Client Component Browser]
    ./src/app/expenses/page.tsx [Client Component Browser]
    ./src/app/expenses/page.tsx [Server Component]

  Client Component SSR:
    ./src/components/ui/multi-select.tsx [Client Component SSR]
    ./src/components/expense-filters.tsx [Client Component SSR]
    ./src/app/expenses/page.tsx [Client Component SSR]
    ./src/app/expenses/page.tsx [Server Component] @ http://localhost:3000/_next/static/chunks/node_modules_next_dist_20ud_8w._.js:2099
[  516702ms] [ERROR] ./src/components/ui/multi-select.tsx:145:13
Expected '</', got ';'
  143 |               </button>
  144 |             );
> 145 |           });
      |             ^
  146 |           },
  147 |           document.body
  148 |         )}

Parsing ecmascript source code failed

Import traces:
  Client Component Browser:
    ./src/components/ui/multi-select.tsx [Client Component Browser]
    ./src/components/expense-filters.tsx [Client Component Browser]
    ./src/app/expenses/page.tsx [Client Component Browser]
    ./src/app/expenses/page.tsx [Server Component]

  Client Component SSR:
    ./src/components/ui/multi-select.tsx [Client Component SSR]
    ./src/components/expense-filters.tsx [Client Component SSR]
    ./src/app/expenses/page.tsx [Client Component SSR]
    ./src/app/expenses/page.tsx [Server Component] @ http://localhost:3000/_next/static/chunks/node_modules_next_dist_20ud_8w._.js:2099
[  516758ms] [ERROR] ./src/components/ui/multi-select.tsx:145:13
Expected '</', got ';'
  143 |               </button>
  144 |             );
> 145 |           });
      |             ^
  146 |           },
  147 |           document.body
  148 |         )}

Parsing ecmascript source code failed

Import traces:
  Client Component Browser:
    ./src/components/ui/multi-select.tsx [Client Component Browser]
    ./src/components/expense-filters.tsx [Client Component Browser]
    ./src/app/expenses/page.tsx [Client Component Browser]
    ./src/app/expenses/page.tsx [Server Component]

  Client Component SSR:
    ./src/components/ui/multi-select.tsx [Client Component SSR]
    ./src/components/expense-filters.tsx [Client Component SSR]
    ./src/app/expenses/page.tsx [Client Component SSR]
    ./src/app/expenses/page.tsx [Server Component] @ http://localhost:3000/_next/static/chunks/node_modules_next_dist_20ud_8w._.js:2099
[  516823ms] [ERROR] ./src/components/ui/multi-select.tsx:145:13
Expected '</', got ';'
  143 |               </button>
  144 |             );
> 145 |           });
      |             ^
  146 |           },
  147 |           document.body
  148 |         )}

Parsing ecmascript source code failed

Import traces:
  Client Component Browser:
    ./src/components/ui/multi-select.tsx [Client Component Browser]
    ./src/components/expense-filters.tsx [Client Component Browser]
    ./src/app/expenses/page.tsx [Client Component Browser]
    ./src/app/expenses/page.tsx [Server Component]

  Client Component SSR:
    ./src/components/ui/multi-select.tsx [Client Component SSR]
    ./src/components/expense-filters.tsx [Client Component SSR]
    ./src/app/expenses/page.tsx [Client Component SSR]
    ./src/app/expenses/page.tsx [Server Component] @ http://localhost:3000/_next/static/chunks/node_modules_next_dist_20ud_8w._.js:2099
[  516886ms] [ERROR] ./src/components/ui/multi-select.tsx:145:13
Expected '</', got ';'
  143 |               </button>
  144 |             );
> 145 |           });
      |             ^
  146 |           },
  147 |           document.body
  148 |         )}

Parsing ecmascript source code failed

Import traces:
  Client Component Browser:
    ./src/components/ui/multi-select.tsx [Client Component Browser]
    ./src/components/expense-filters.tsx [Client Component Browser]
    ./src/app/expenses/page.tsx [Client Component Browser]
    ./src/app/expenses/page.tsx [Server Component]

  Client Component SSR:
    ./src/components/ui/multi-select.tsx [Client Component SSR]
    ./src/components/expense-filters.tsx [Client Component SSR]
    ./src/app/expenses/page.tsx [Client Component SSR]
    ./src/app/expenses/page.tsx [Server Component] @ http://localhost:3000/_next/static/chunks/node_modules_next_dist_20ud_8w._.js:2099
[  516952ms] [ERROR] ./src/components/ui/multi-select.tsx:145:13
Expected '</', got ';'
  143 |               </button>
  144 |             );
> 145 |           });
      |             ^
  146 |           },
  147 |           document.body
  148 |         )}

Parsing ecmascript source code failed

Import traces:
  Client Component Browser:
    ./src/components/ui/multi-select.tsx [Client Component Browser]
    ./src/components/expense-filters.tsx [Client Component Browser]
    ./src/app/expenses/page.tsx [Client Component Browser]
    ./src/app/expenses/page.tsx [Server Component]

  Client Component SSR:
    ./src/components/ui/multi-select.tsx [Client Component SSR]
    ./src/components/expense-filters.tsx [Client Component SSR]
    ./src/app/expenses/page.tsx [Client Component SSR]
    ./src/app/expenses/page.tsx [Server Component] @ http://localhost:3000/_next/static/chunks/node_modules_next_dist_20ud_8w._.js:2099
[  517008ms] [ERROR] ./src/components/ui/multi-select.tsx:145:13
Expected '</', got ';'
  143 |               </button>
  144 |             );
> 145 |           });
      |             ^
  146 |           },
  147 |           document.body
  148 |         )}

Parsing ecmascript source code failed

Import traces:
  Client Component Browser:
    ./src/components/ui/multi-select.tsx [Client Component Browser]
    ./src/components/expense-filters.tsx [Client Component Browser]
    ./src/app/expenses/page.tsx [Client Component Browser]
    ./src/app/expenses/page.tsx [Server Component]

  Client Component SSR:
    ./src/components/ui/multi-select.tsx [Client Component SSR]
    ./src/components/expense-filters.tsx [Client Component SSR]
    ./src/app/expenses/page.tsx [Client Component SSR]
    ./src/app/expenses/page.tsx [Server Component] @ http://localhost:3000/_next/static/chunks/node_modules_next_dist_20ud_8w._.js:2099
[  517071ms] [ERROR] ./src/components/ui/multi-select.tsx:145:13
Expected '</', got ';'
  143 |               </button>
  144 |             );
> 145 |           });
      |             ^
  146 |           },
  147 |           document.body
  148 |         )}

Parsing ecmascript source code failed

Import traces:
  Client Component Browser:
    ./src/components/ui/multi-select.tsx [Client Component Browser]
    ./src/components/expense-filters.tsx [Client Component Browser]
    ./src/app/expenses/page.tsx [Client Component Browser]
    ./src/app/expenses/page.tsx [Server Component]

  Client Component SSR:
    ./src/components/ui/multi-select.tsx [Client Component SSR]
    ./src/components/expense-filters.tsx [Client Component SSR]
    ./src/app/expenses/page.tsx [Client Component SSR]
    ./src/app/expenses/page.tsx [Server Component] @ http://localhost:3000/_next/static/chunks/node_modules_next_dist_20ud_8w._.js:2099
[  517132ms] [ERROR] ./src/components/ui/multi-select.tsx:145:13
Expected '</', got ';'
  143 |               </button>
  144 |             );
> 145 |           });
      |             ^
  146 |           },
  147 |           document.body
  148 |         )}

Parsing ecmascript source code failed

Import traces:
  Client Component Browser:
    ./src/components/ui/multi-select.tsx [Client Component Browser]
    ./src/components/expense-filters.tsx [Client Component Browser]
    ./src/app/expenses/page.tsx [Client Component Browser]
    ./src/app/expenses/page.tsx [Server Component]

  Client Component SSR:
    ./src/components/ui/multi-select.tsx [Client Component SSR]
    ./src/components/expense-filters.tsx [Client Component SSR]
    ./src/app/expenses/page.tsx [Client Component SSR]
    ./src/app/expenses/page.tsx [Server Component] @ http://localhost:3000/_next/static/chunks/node_modules_next_dist_20ud_8w._.js:2099
[  517193ms] [ERROR] ./src/components/ui/multi-select.tsx:145:13
Expected '</', got ';'
  143 |               </button>
  144 |             );
> 145 |           });
      |             ^
  146 |           },
  147 |           document.body
  148 |         )}

Parsing ecmascript source code failed

Import traces:
  Client Component Browser:
    ./src/components/ui/multi-select.tsx [Client Component Browser]
    ./src/components/expense-filters.tsx [Client Component Browser]
    ./src/app/expenses/page.tsx [Client Component Browser]
    ./src/app/expenses/page.tsx [Server Component]

  Client Component SSR:
    ./src/components/ui/multi-select.tsx [Client Component SSR]
    ./src/components/expense-filters.tsx [Client Component SSR]
    ./src/app/expenses/page.tsx [Client Component SSR]
    ./src/app/expenses/page.tsx [Server Component] @ http://localhost:3000/_next/static/chunks/node_modules_next_dist_20ud_8w._.js:2099
[  517256ms] [ERROR] ./src/components/ui/multi-select.tsx:145:13
Expected '</', got ';'
  143 |               </button>
  144 |             );
> 145 |           });
      |             ^
  146 |           },
  147 |           document.body
  148 |         )}

Parsing ecmascript source code failed

Import traces:
  Client Component Browser:
    ./src/components/ui/multi-select.tsx [Client Component Browser]
    ./src/components/expense-filters.tsx [Client Component Browser]
    ./src/app/expenses/page.tsx [Client Component Browser]
    ./src/app/expenses/page.tsx [Server Component]

  Client Component SSR:
    ./src/components/ui/multi-select.tsx [Client Component SSR]
    ./src/components/expense-filters.tsx [Client Component SSR]
    ./src/app/expenses/page.tsx [Client Component SSR]
    ./src/app/expenses/page.tsx [Server Component] @ http://localhost:3000/_next/static/chunks/node_modules_next_dist_20ud_8w._.js:2099
[  517319ms] [ERROR] ./src/components/ui/multi-select.tsx:145:13
Expected '</', got ';'
  143 |               </button>
  144 |             );
> 145 |           });
      |             ^
  146 |           },
  147 |           document.body
  148 |         )}

Parsing ecmascript source code failed

Import traces:
  Client Component Browser:
    ./src/components/ui/multi-select.tsx [Client Component Browser]
    ./src/components/expense-filters.tsx [Client Component Browser]
    ./src/app/expenses/page.tsx [Client Component Browser]
    ./src/app/expenses/page.tsx [Server Component]

  Client Component SSR:
    ./src/components/ui/multi-select.tsx [Client Component SSR]
    ./src/components/expense-filters.tsx [Client Component SSR]
    ./src/app/expenses/page.tsx [Client Component SSR]
    ./src/app/expenses/page.tsx [Server Component] @ http://localhost:3000/_next/static/chunks/node_modules_next_dist_20ud_8w._.js:2099
[  517381ms] [ERROR] ./src/components/ui/multi-select.tsx:145:13
Expected '</', got ';'
  143 |               </button>
  144 |             );
> 145 |           });
      |             ^
  146 |           },
  147 |           document.body
  148 |         )}

Parsing ecmascript source code failed

Import traces:
  Client Component Browser:
    ./src/components/ui/multi-select.tsx [Client Component Browser]
    ./src/components/expense-filters.tsx [Client Component Browser]
    ./src/app/expenses/page.tsx [Client Component Browser]
    ./src/app/expenses/page.tsx [Server Component]

  Client Component SSR:
    ./src/components/ui/multi-select.tsx [Client Component SSR]
    ./src/components/expense-filters.tsx [Client Component SSR]
    ./src/app/expenses/page.tsx [Client Component SSR]
    ./src/app/expenses/page.tsx [Server Component] @ http://localhost:3000/_next/static/chunks/node_modules_next_dist_20ud_8w._.js:2099
[  517441ms] [ERROR] ./src/components/ui/multi-select.tsx:145:13
Expected '</', got ';'
  143 |               </button>
  144 |             );
> 145 |           });
      |             ^
  146 |           },
  147 |           document.body
  148 |         )}

Parsing ecmascript source code failed

Import traces:
  Client Component Browser:
    ./src/components/ui/multi-select.tsx [Client Component Browser]
    ./src/components/expense-filters.tsx [Client Component Browser]
    ./src/app/expenses/page.tsx [Client Component Browser]
    ./src/app/expenses/page.tsx [Server Component]

  Client Component SSR:
    ./src/components/ui/multi-select.tsx [Client Component SSR]
    ./src/components/expense-filters.tsx [Client Component SSR]
    ./src/app/expenses/page.tsx [Client Component SSR]
    ./src/app/expenses/page.tsx [Server Component] @ http://localhost:3000/_next/static/chunks/node_modules_next_dist_20ud_8w._.js:2099
[  517503ms] [ERROR] ./src/components/ui/multi-select.tsx:145:13
Expected '</', got ';'
  143 |               </button>
  144 |             );
> 145 |           });
      |             ^
  146 |           },
  147 |           document.body
  148 |         )}

Parsing ecmascript source code failed

Import traces:
  Client Component Browser:
    ./src/components/ui/multi-select.tsx [Client Component Browser]
    ./src/components/expense-filters.tsx [Client Component Browser]
    ./src/app/expenses/page.tsx [Client Component Browser]
    ./src/app/expenses/page.tsx [Server Component]

  Client Component SSR:
    ./src/components/ui/multi-select.tsx [Client Component SSR]
    ./src/components/expense-filters.tsx [Client Component SSR]
    ./src/app/expenses/page.tsx [Client Component SSR]
    ./src/app/expenses/page.tsx [Server Component] @ http://localhost:3000/_next/static/chunks/node_modules_next_dist_20ud_8w._.js:2099
[  517566ms] [ERROR] ./src/components/ui/multi-select.tsx:145:13
Expected '</', got ';'
  143 |               </button>
  144 |             );
> 145 |           });
      |             ^
  146 |           },
  147 |           document.body
  148 |         )}

Parsing ecmascript source code failed

Import traces:
  Client Component Browser:
    ./src/components/ui/multi-select.tsx [Client Component Browser]
    ./src/components/expense-filters.tsx [Client Component Browser]
    ./src/app/expenses/page.tsx [Client Component Browser]
    ./src/app/expenses/page.tsx [Server Component]

  Client Component SSR:
    ./src/components/ui/multi-select.tsx [Client Component SSR]
    ./src/components/expense-filters.tsx [Client Component SSR]
    ./src/app/expenses/page.tsx [Client Component SSR]
    ./src/app/expenses/page.tsx [Server Component] @ http://localhost:3000/_next/static/chunks/node_modules_next_dist_20ud_8w._.js:2099
[  517632ms] [ERROR] ./src/components/ui/multi-select.tsx:145:13
Expected '</', got ';'
  143 |               </button>
  144 |             );
> 145 |           });
      |             ^
  146 |           },
  147 |           document.body
  148 |         )}

Parsing ecmascript source code failed

Import traces:
  Client Component Browser:
    ./src/components/ui/multi-select.tsx [Client Component Browser]
    ./src/components/expense-filters.tsx [Client Component Browser]
    ./src/app/expenses/page.tsx [Client Component Browser]
    ./src/app/expenses/page.tsx [Server Component]

  Client Component SSR:
    ./src/components/ui/multi-select.tsx [Client Component SSR]
    ./src/components/expense-filters.tsx [Client Component SSR]
    ./src/app/expenses/page.tsx [Client Component SSR]
    ./src/app/expenses/page.tsx [Server Component] @ http://localhost:3000/_next/static/chunks/node_modules_next_dist_20ud_8w._.js:2099
[  517690ms] [ERROR] ./src/components/ui/multi-select.tsx:145:13
Expected '</', got ';'
  143 |               </button>
  144 |             );
> 145 |           });
      |             ^
  146 |           },
  147 |           document.body
  148 |         )}

Parsing ecmascript source code failed

Import traces:
  Client Component Browser:
    ./src/components/ui/multi-select.tsx [Client Component Browser]
    ./src/components/expense-filters.tsx [Client Component Browser]
    ./src/app/expenses/page.tsx [Client Component Browser]
    ./src/app/expenses/page.tsx [Server Component]

  Client Component SSR:
    ./src/components/ui/multi-select.tsx [Client Component SSR]
    ./src/components/expense-filters.tsx [Client Component SSR]
    ./src/app/expenses/page.tsx [Client Component SSR]
    ./src/app/expenses/page.tsx [Server Component] @ http://localhost:3000/_next/static/chunks/node_modules_next_dist_20ud_8w._.js:2099
[  517752ms] [ERROR] ./src/components/ui/multi-select.tsx:145:13
Expected '</', got ';'
  143 |               </button>
  144 |             );
> 145 |           });
      |             ^
  146 |           },
  147 |           document.body
  148 |         )}

Parsing ecmascript source code failed

Import traces:
  Client Component Browser:
    ./src/components/ui/multi-select.tsx [Client Component Browser]
    ./src/components/expense-filters.tsx [Client Component Browser]
    ./src/app/expenses/page.tsx [Client Component Browser]
    ./src/app/expenses/page.tsx [Server Component]

  Client Component SSR:
    ./src/components/ui/multi-select.tsx [Client Component SSR]
    ./src/components/expense-filters.tsx [Client Component SSR]
    ./src/app/expenses/page.tsx [Client Component SSR]
    ./src/app/expenses/page.tsx [Server Component] @ http://localhost:3000/_next/static/chunks/node_modules_next_dist_20ud_8w._.js:2099
[  517814ms] [ERROR] ./src/components/ui/multi-select.tsx:145:13
Expected '</', got ';'
  143 |               </button>
  144 |             );
> 145 |           });
      |             ^
  146 |           },
  147 |           document.body
  148 |         )}

Parsing ecmascript source code failed

Import traces:
  Client Component Browser:
    ./src/components/ui/multi-select.tsx [Client Component Browser]
    ./src/components/expense-filters.tsx [Client Component Browser]
    ./src/app/expenses/page.tsx [Client Component Browser]
    ./src/app/expenses/page.tsx [Server Component]

  Client Component SSR:
    ./src/components/ui/multi-select.tsx [Client Component SSR]
    ./src/components/expense-filters.tsx [Client Component SSR]
    ./src/app/expenses/page.tsx [Client Component SSR]
    ./src/app/expenses/page.tsx [Server Component] @ http://localhost:3000/_next/static/chunks/node_modules_next_dist_20ud_8w._.js:2099
[  517876ms] [ERROR] ./src/components/ui/multi-select.tsx:145:13
Expected '</', got ';'
  143 |               </button>
  144 |             );
> 145 |           });
      |             ^
  146 |           },
  147 |           document.body
  148 |         )}

Parsing ecmascript source code failed

Import traces:
  Client Component Browser:
    ./src/components/ui/multi-select.tsx [Client Component Browser]
    ./src/components/expense-filters.tsx [Client Component Browser]
    ./src/app/expenses/page.tsx [Client Component Browser]
    ./src/app/expenses/page.tsx [Server Component]

  Client Component SSR:
    ./src/components/ui/multi-select.tsx [Client Component SSR]
    ./src/components/expense-filters.tsx [Client Component SSR]
    ./src/app/expenses/page.tsx [Client Component SSR]
    ./src/app/expenses/page.tsx [Server Component] @ http://localhost:3000/_next/static/chunks/node_modules_next_dist_20ud_8w._.js:2099
[  517939ms] [ERROR] ./src/components/ui/multi-select.tsx:145:13
Expected '</', got ';'
  143 |               </button>
  144 |             );
> 145 |           });
      |             ^
  146 |           },
  147 |           document.body
  148 |         )}

Parsing ecmascript source code failed

Import traces:
  Client Component Browser:
    ./src/components/ui/multi-select.tsx [Client Component Browser]
    ./src/components/expense-filters.tsx [Client Component Browser]
    ./src/app/expenses/page.tsx [Client Component Browser]
    ./src/app/expenses/page.tsx [Server Component]

  Client Component SSR:
    ./src/components/ui/multi-select.tsx [Client Component SSR]
    ./src/components/expense-filters.tsx [Client Component SSR]
    ./src/app/expenses/page.tsx [Client Component SSR]
    ./src/app/expenses/page.tsx [Server Component] @ http://localhost:3000/_next/static/chunks/node_modules_next_dist_20ud_8w._.js:2099
[  518018ms] [LOG] [Fast Refresh] rebuilding @ http://localhost:3000/_next/static/chunks/node_modules_next_dist_20ud_8w._.js:1380
[  518031ms] [LOG] [Fast Refresh] done in 80ms @ http://localhost:3000/_next/static/chunks/node_modules_next_dist_20ud_8w._.js:1380
[  518156ms] [LOG] [Fast Refresh] rebuilding @ http://localhost:3000/_next/static/chunks/node_modules_next_dist_20ud_8w._.js:1380
[  518294ms] [LOG] [Fast Refresh] done in 239ms @ http://localhost:3000/_next/static/chunks/node_modules_next_dist_20ud_8w._.js:1380
[  518463ms] [INFO] %cDownload the React DevTools for a better development experience: https://react.dev/link/react-devtools font-weight:bold @ http://localhost:3000/_next/static/chunks/node_modules_next_dist_1ybzpk2._.js:2477
[  518494ms] [LOG] [HMR] connected @ http://localhost:3000/_next/static/chunks/node_modules_next_dist_1ybzpk2._.js:2477
[  573870ms] [LOG] [Fast Refresh] rebuilding @ http://localhost:3000/_next/static/chunks/node_modules_next_dist_1ybzpk2._.js:2477
[  574020ms] [LOG] [Fast Refresh] done in 254ms @ http://localhost:3000/_next/static/chunks/node_modules_next_dist_1ybzpk2._.js:2477
[  574121ms] [LOG] [Fast Refresh] rebuilding @ http://localhost:3000/_next/static/chunks/node_modules_next_dist_1ybzpk2._.js:2477
[  574139ms] [LOG] [Fast Refresh] done in 120ms @ http://localhost:3000/_next/static/chunks/node_modules_next_dist_1ybzpk2._.js:2477
[  574170ms] [LOG] [Fast Refresh] rebuilding @ http://localhost:3000/_next/static/chunks/node_modules_next_dist_1ybzpk2._.js:2477
[  574187ms] [WARNING] [Fast Refresh] performing full reload because your application had an unrecoverable error @ http://localhost:3000/_next/static/chunks/node_modules_next_dist_1ybzpk2._.js:2477
[  574531ms] [LOG] [Fast Refresh] done in 45ms @ http://localhost:3000/_next/static/chunks/node_modules_next_dist_1ybzpk2._.js:2477
[  574576ms] [ERROR] Failed to load resource: the server responded with a status of 500 (Internal Server Error) @ http://localhost:3000/expenses:0
[  574619ms] [INFO] %cDownload the React DevTools for a better development experience: https://react.dev/link/react-devtools font-weight:bold @ http://localhost:3000/_next/static/chunks/node_modules_next_dist_1ybzpk2._.js:2477
[  574637ms] [LOG] [HMR] connected @ http://localhost:3000/_next/static/chunks/node_modules_next_dist_1ybzpk2._.js:2477
[  574664ms] [ERROR] Encountered a script tag while rendering React component. Scripts inside React components are never executed when rendering on the client. Consider using template tag instead (https://developer.mozilla.org/en-US/docs/Web/HTML/Element/template). @ http://localhost:3000/_next/static/chunks/node_modules_next_dist_1ybzpk2._.js:3318
[  574781ms] ReferenceError: Calendar is not defined
    at ExpenseFilters (http://localhost:3000/_next/static/chunks/src_08ry9d7._.js:3349:264)
    at Object.react_stack_bottom_frame (http://localhost:3000/_next/static/chunks/node_modules_next_dist_compiled_react-dom_096_9a-._.js:15037:24)
    at renderWithHooks (http://localhost:3000/_next/static/chunks/node_modules_next_dist_compiled_react-dom_096_9a-._.js:4620:24)
    at updateFunctionComponent (http://localhost:3000/_next/static/chunks/node_modules_next_dist_compiled_react-dom_096_9a-._.js:6081:21)
    at beginWork (http://localhost:3000/_next/static/chunks/node_modules_next_dist_compiled_react-dom_096_9a-._.js:6691:24)
    at runWithFiberInDEV (http://localhost:3000/_next/static/chunks/node_modules_next_dist_compiled_react-dom_096_9a-._.js:965:74)
    at performUnitOfWork (http://localhost:3000/_next/static/chunks/node_modules_next_dist_compiled_react-dom_096_9a-._.js:9555:97)
    at workLoopSync (http://localhost:3000/_next/static/chunks/node_modules_next_dist_compiled_react-dom_096_9a-._.js:9449:40)
    at renderRootSync (http://localhost:3000/_next/static/chunks/node_modules_next_dist_compiled_react-dom_096_9a-._.js:9433:13)
    at performWorkOnRoot (http://localhost:3000/_next/static/chunks/node_modules_next_dist_compiled_react-dom_096_9a-._.js:9098:47)
    at performWorkOnRootViaSchedulerTask (http://localhost:3000/_next/static/chunks/node_modules_next_dist_compiled_react-dom_096_9a-._.js:10255:9)
    at MessagePort.performWorkUntilDeadline (http://localhost:3000/_next/static/chunks/node_modules_next_dist_compiled_1amofcm._.js:2647:64)
[  574853ms] [LOG] [Fast Refresh] rebuilding @ http://localhost:3000/_next/static/chunks/node_modules_next_dist_1ybzpk2._.js:2477
[  574912ms] [WARNING] [Fast Refresh] performing full reload because your application had an unrecoverable error @ http://localhost:3000/_next/static/chunks/node_modules_next_dist_1ybzpk2._.js:2477
[  574913ms] [LOG] [Fast Refresh] done in 129ms @ http://localhost:3000/_next/static/chunks/node_modules_next_dist_1ybzpk2._.js:2477
[  575024ms] [LOG] [Fast Refresh] rebuilding @ http://localhost:3000/_next/static/chunks/node_modules_next_dist_1ybzpk2._.js:2477
[  575248ms] [LOG] [Fast Refresh] done in 331ms @ http://localhost:3000/_next/static/chunks/node_modules_next_dist_1ybzpk2._.js:2477
[  575264ms] [ERROR] Failed to load resource: the server responded with a status of 500 (Internal Server Error) @ http://localhost:3000/expenses:0
[  575332ms] [INFO] %cDownload the React DevTools for a better development experience: https://react.dev/link/react-devtools font-weight:bold @ http://localhost:3000/_next/static/chunks/node_modules_next_dist_1ybzpk2._.js:2477
[  575357ms] [LOG] [HMR] connected @ http://localhost:3000/_next/static/chunks/node_modules_next_dist_1ybzpk2._.js:2477
[  575382ms] [ERROR] Encountered a script tag while rendering React component. Scripts inside React components are never executed when rendering on the client. Consider using template tag instead (https://developer.mozilla.org/en-US/docs/Web/HTML/Element/template). @ http://localhost:3000/_next/static/chunks/node_modules_next_dist_1ybzpk2._.js:3318
[  575482ms] ReferenceError: Calendar is not defined
    at ExpenseFilters (http://localhost:3000/_next/static/chunks/src_1zpq585._.js:3436:264)
    at Object.react_stack_bottom_frame (http://localhost:3000/_next/static/chunks/node_modules_next_dist_compiled_react-dom_096_9a-._.js:15037:24)
    at renderWithHooks (http://localhost:3000/_next/static/chunks/node_modules_next_dist_compiled_react-dom_096_9a-._.js:4620:24)
    at updateFunctionComponent (http://localhost:3000/_next/static/chunks/node_modules_next_dist_compiled_react-dom_096_9a-._.js:6081:21)
    at beginWork (http://localhost:3000/_next/static/chunks/node_modules_next_dist_compiled_react-dom_096_9a-._.js:6691:24)
    at runWithFiberInDEV (http://localhost:3000/_next/static/chunks/node_modules_next_dist_compiled_react-dom_096_9a-._.js:965:74)
    at performUnitOfWork (http://localhost:3000/_next/static/chunks/node_modules_next_dist_compiled_react-dom_096_9a-._.js:9555:97)
    at workLoopSync (http://localhost:3000/_next/static/chunks/node_modules_next_dist_compiled_react-dom_096_9a-._.js:9449:40)
    at renderRootSync (http://localhost:3000/_next/static/chunks/node_modules_next_dist_compiled_react-dom_096_9a-._.js:9433:13)
    at performWorkOnRoot (http://localhost:3000/_next/static/chunks/node_modules_next_dist_compiled_react-dom_096_9a-._.js:9098:47)
    at performWorkOnRootViaSchedulerTask (http://localhost:3000/_next/static/chunks/node_modules_next_dist_compiled_react-dom_096_9a-._.js:10255:9)
    at MessagePort.performWorkUntilDeadline (http://localhost:3000/_next/static/chunks/node_modules_next_dist_compiled_1amofcm._.js:2647:64)
[  576149ms] [LOG] [Fast Refresh] rebuilding @ http://localhost:3000/_next/static/chunks/node_modules_next_dist_1ybzpk2._.js:2477
[  576159ms] [WARNING] [Fast Refresh] performing full reload because your application had an unrecoverable error @ http://localhost:3000/_next/static/chunks/node_modules_next_dist_1ybzpk2._.js:2477
[  576168ms] [LOG] [Fast Refresh] done in 103ms @ http://localhost:3000/_next/static/chunks/node_modules_next_dist_1ybzpk2._.js:2477
[  576216ms] [LOG] [Fast Refresh] rebuilding @ http://localhost:3000/_next/static/chunks/node_modules_next_dist_1ybzpk2._.js:2477
[  576510ms] [WARNING] [Fast Refresh] performing full reload because your application had an unrecoverable error @ http://localhost:3000/_next/static/chunks/node_modules_next_dist_1ybzpk2._.js:2477
[  576511ms] [LOG] [Fast Refresh] done in 341ms @ http://localhost:3000/_next/static/chunks/node_modules_next_dist_1ybzpk2._.js:2477
[  576574ms] [INFO] %cDownload the React DevTools for a better development experience: https://react.dev/link/react-devtools font-weight:bold @ http://localhost:3000/_next/static/chunks/node_modules_next_dist_1ybzpk2._.js:2477
[  576609ms] [LOG] [HMR] connected @ http://localhost:3000/_next/static/chunks/node_modules_next_dist_1ybzpk2._.js:2477
[  576889ms] [LOG] [Fast Refresh] rebuilding @ http://localhost:3000/_next/static/chunks/node_modules_next_dist_1ybzpk2._.js:2477
[  576977ms] [LOG] [Fast Refresh] done in 130ms @ http://localhost:3000/_next/static/chunks/node_modules_next_dist_1ybzpk2._.js:2477
[  577093ms] [LOG] [Fast Refresh] rebuilding @ http://localhost:3000/_next/static/chunks/node_modules_next_dist_1ybzpk2._.js:2477
[  577126ms] [LOG] [Fast Refresh] done in 149ms @ http://localhost:3000/_next/static/chunks/node_modules_next_dist_1ybzpk2._.js:2477
[  577576ms] [LOG] [Fast Refresh] rebuilding @ http://localhost:3000/_next/static/chunks/node_modules_next_dist_1ybzpk2._.js:2477
[  577577ms] [LOG] [Fast Refresh] done in 104ms @ http://localhost:3000/_next/static/chunks/node_modules_next_dist_1ybzpk2._.js:2477
[  577991ms] [LOG] [Fast Refresh] rebuilding @ http://localhost:3000/_next/static/chunks/node_modules_next_dist_1ybzpk2._.js:2477
[  578122ms] [LOG] [Fast Refresh] done in 92ms @ http://localhost:3000/_next/static/chunks/node_modules_next_dist_1ybzpk2._.js:2477
[  584351ms] [LOG] [Fast Refresh] rebuilding @ http://localhost:3000/_next/static/chunks/node_modules_next_dist_1ybzpk2._.js:2477
[  584448ms] [LOG] [Fast Refresh] done in 76ms @ http://localhost:3000/_next/static/chunks/node_modules_next_dist_1ybzpk2._.js:2477
[  585111ms] [LOG] [Fast Refresh] rebuilding @ http://localhost:3000/_next/static/chunks/node_modules_next_dist_1ybzpk2._.js:2477
[  585220ms] [LOG] [Fast Refresh] done in 89ms @ http://localhost:3000/_next/static/chunks/node_modules_next_dist_1ybzpk2._.js:2477
[  585418ms] [LOG] [Fast Refresh] rebuilding @ http://localhost:3000/_next/static/chunks/node_modules_next_dist_1ybzpk2._.js:2477
[  585574ms] [LOG] [Fast Refresh] done in 253ms @ http://localhost:3000/_next/static/chunks/node_modules_next_dist_1ybzpk2._.js:2477
[  585683ms] [LOG] [Fast Refresh] rebuilding @ http://localhost:3000/_next/static/chunks/node_modules_next_dist_1ybzpk2._.js:2477
[  585685ms] [LOG] [Fast Refresh] done in 109ms @ http://localhost:3000/_next/static/chunks/node_modules_next_dist_1ybzpk2._.js:2477
[  586162ms] [LOG] [Fast Refresh] rebuilding @ http://localhost:3000/_next/static/chunks/node_modules_next_dist_1ybzpk2._.js:2477
[  586284ms] [LOG] [Fast Refresh] done in 84ms @ http://localhost:3000/_next/static/chunks/node_modules_next_dist_1ybzpk2._.js:2477
[  586362ms] [LOG] [Fast Refresh] rebuilding @ http://localhost:3000/_next/static/chunks/node_modules_next_dist_1ybzpk2._.js:2477
[  586413ms] [LOG] [Fast Refresh] done in 123ms @ http://localhost:3000/_next/static/chunks/node_modules_next_dist_1ybzpk2._.js:2477
[  586515ms] [LOG] [Fast Refresh] rebuilding @ http://localhost:3000/_next/static/chunks/node_modules_next_dist_1ybzpk2._.js:2477
[  586518ms] [LOG] [Fast Refresh] done in 103ms @ http://localhost:3000/_next/static/chunks/node_modules_next_dist_1ybzpk2._.js:2477
[  588008ms] [LOG] [Fast Refresh] rebuilding @ http://localhost:3000/_next/static/chunks/node_modules_next_dist_1ybzpk2._.js:2477
[  588125ms] [LOG] [Fast Refresh] done in 84ms @ http://localhost:3000/_next/static/chunks/node_modules_next_dist_1ybzpk2._.js:2477
[  597214ms] [LOG] [Fast Refresh] rebuilding @ http://localhost:3000/_next/static/chunks/node_modules_next_dist_1ybzpk2._.js:2477
[  597233ms] [LOG] [Fast Refresh] done in 98ms @ http://localhost:3000/_next/static/chunks/node_modules_next_dist_1ybzpk2._.js:2477
[  598322ms] [LOG] [Fast Refresh] rebuilding @ http://localhost:3000/_next/static/chunks/node_modules_next_dist_1ybzpk2._.js:2477
[  598446ms] [LOG] [Fast Refresh] done in 91ms @ http://localhost:3000/_next/static/chunks/node_modules_next_dist_1ybzpk2._.js:2477
[  605010ms] [LOG] [Fast Refresh] rebuilding @ http://localhost:3000/_next/static/chunks/node_modules_next_dist_1ybzpk2._.js:2477
[  605028ms] [ERROR] ./src/app/dashboard/page.tsx:8:1
Export presetRange doesn't exist in target module
   6 | import { Select } from '@/components/ui/select'
   7 | import { StatCard } from '@/components/dashboard/stat-card'
>  8 | import {
     | ^^^^^^^
>  9 |   PeriodSelector,
     | ^^^^^^^^^^^^^^^^^
> 10 |   presetRange,
     | ^^^^^^^^^^^^^^
> 11 |   type PeriodPreset,
     | ^^^^^^^^^^^^^^^^^^^^
> 12 | } from '@/components/dashboard/period-selector'
     | ^^^^^^^^^^^^^^^^^^^^^^^^^^^^^^^^^^^^^^^^^^^^^^^
  13 | import { SpendingTrend } from '@/components/dashboard/spending-trend'
  14 | import { CategoryBreakdown } from '@/components/dashboard/category-breakdown'
  15 | import { TopMerchants } from '@/components/dashboard/top-merchants'

The export presetRange was not found in module [project]/src/components/dashboard/period-selector.tsx [app-client] (ecmascript).
Did you mean to import PeriodSelector?
All exports of the module are statically known (It doesn't have dynamic exports). So it's known statically that the requested export doesn't exist.

Import traces:
  Client Component Browser:
    ./src/app/dashboard/page.tsx [Client Component Browser]
    ./src/app/dashboard/page.tsx [Server Component]

  Client Component SSR:
    ./src/app/dashboard/page.tsx [Client Component SSR]
    ./src/app/dashboard/page.tsx [Server Component] @ http://localhost:3000/_next/static/chunks/node_modules_next_dist_1ybzpk2._.js:3318
[  605028ms] [ERROR] ./src/app/dashboard/page.tsx:8:1
Export presetRange doesn't exist in target module
   6 | import { Select } from '@/components/ui/select'
   7 | import { StatCard } from '@/components/dashboard/stat-card'
>  8 | import {
     | ^^^^^^^
>  9 |   PeriodSelector,
     | ^^^^^^^^^^^^^^^^^
> 10 |   presetRange,
     | ^^^^^^^^^^^^^^
> 11 |   type PeriodPreset,
     | ^^^^^^^^^^^^^^^^^^^^
> 12 | } from '@/components/dashboard/period-selector'
     | ^^^^^^^^^^^^^^^^^^^^^^^^^^^^^^^^^^^^^^^^^^^^^^^
  13 | import { SpendingTrend } from '@/components/dashboard/spending-trend'
  14 | import { CategoryBreakdown } from '@/components/dashboard/category-breakdown'
  15 | import { TopMerchants } from '@/components/dashboard/top-merchants'

The export presetRange was not found in module [project]/src/components/dashboard/period-selector.tsx [app-ssr] (ecmascript).
Did you mean to import PeriodSelector?
All exports of the module are statically known (It doesn't have dynamic exports). So it's known statically that the requested export doesn't exist.

Import traces:
  Client Component Browser:
    ./src/app/dashboard/page.tsx [Client Component Browser]
    ./src/app/dashboard/page.tsx [Server Component]

  Client Component SSR:
    ./src/app/dashboard/page.tsx [Client Component SSR]
    ./src/app/dashboard/page.tsx [Server Component] @ http://localhost:3000/_next/static/chunks/node_modules_next_dist_1ybzpk2._.js:3318
[  605049ms] [ERROR] Failed to load resource: the server responded with a status of 500 (Internal Server Error) @ http://localhost:3000/expenses?_rsc=pVrzuuy3FKB5-dUw:0
[  605102ms] [ERROR] Failed to load resource: the server responded with a status of 500 (Internal Server Error) @ http://localhost:3000/expenses:0
[  605176ms] [INFO] %cDownload the React DevTools for a better development experience: https://react.dev/link/react-devtools font-weight:bold @ http://localhost:3000/_next/static/chunks/node_modules_react-dom_0kla17-._.js:15305
[  605194ms] Error: ./src/app/dashboard/page.tsx:8:1
Export presetRange doesn't exist in target module
   6 | import { Select } from '@/components/ui/select'
   7 | import { StatCard } from '@/components/dashboard/stat-card'
>  8 | import {
     | ^^^^^^^
>  9 |   PeriodSelector,
     | ^^^^^^^^^^^^^^^^^
> 10 |   presetRange,
     | ^^^^^^^^^^^^^^
> 11 |   type PeriodPreset,
     | ^^^^^^^^^^^^^^^^^^^^
> 12 | } from '@/components/dashboard/period-selector'
     | ^^^^^^^^^^^^^^^^^^^^^^^^^^^^^^^^^^^^^^^^^^^^^^^
  13 | import { SpendingTrend } from '@/components/dashboard/spending-trend'
  14 | import { CategoryBreakdown } from '@/components/dashboard/category-breakdown'
  15 | import { TopMerchants } from '@/components/dashboard/top-merchants'

The export presetRange was not found in module [project]/src/components/dashboard/period-selector.tsx [app-client] (ecmascript).
Did you mean to import PeriodSelector?
All exports of the module are statically known (It doesn't have dynamic exports). So it's known statically that the requested export doesn't exist.

Import traces:
  Client Component Browser:
    ./src/app/dashboard/page.tsx [Client Component Browser]
    ./src/app/dashboard/page.tsx [Server Component]

  Client Component SSR:
    ./src/app/dashboard/page.tsx [Client Component SSR]
    ./src/app/dashboard/page.tsx [Server Component]


    at <unknown> (Error: ./src/app/dashboard/page.tsx:8:1)
    at Object.getCompilationErrors (file://C:\Users\Najmi Briliant\vscode\finance-tracker\littlefinger\node_modules\next\dist\server\dev\hot-reloader-turbopack.js:1186:59)
    at DevBundlerService.getCompilationError (file://C:\Users\Najmi Briliant\vscode\finance-tracker\littlefinger\node_modules\next\dist\server\lib\dev-bundler-service.js:44:55)
    at DevServer.getCompilationError (file://C:\Users\Najmi Briliant\vscode\finance-tracker\littlefinger\node_modules\next\dist\server\dev\next-dev-server.js:720:42)
    at DevServer.findPageComponents (file://C:\Users\Najmi Briliant\vscode\finance-tracker\littlefinger\node_modules\next\dist\server\dev\next-dev-server.js:690:43)
    at async DevServer.renderErrorToResponseImpl (file://C:\Users\Najmi Briliant\vscode\finance-tracker\littlefinger\node_modules\next\dist\server\base-server.js:1753:26)
[  605195ms] [LOG] [HMR] connected @ http://localhost:3000/_next/static/chunks/node_modules_next_dist_20ud_8w._.js:1380
[  605199ms] [ERROR] ./src/app/dashboard/page.tsx:8:1
Export presetRange doesn't exist in target module
   6 | import { Select } from '@/components/ui/select'
   7 | import { StatCard } from '@/components/dashboard/stat-card'
>  8 | import {
     | ^^^^^^^
>  9 |   PeriodSelector,
     | ^^^^^^^^^^^^^^^^^
> 10 |   presetRange,
     | ^^^^^^^^^^^^^^
> 11 |   type PeriodPreset,
     | ^^^^^^^^^^^^^^^^^^^^
> 12 | } from '@/components/dashboard/period-selector'
     | ^^^^^^^^^^^^^^^^^^^^^^^^^^^^^^^^^^^^^^^^^^^^^^^
  13 | import { SpendingTrend } from '@/components/dashboard/spending-trend'
  14 | import { CategoryBreakdown } from '@/components/dashboard/category-breakdown'
  15 | import { TopMerchants } from '@/components/dashboard/top-merchants'

The export presetRange was not found in module [project]/src/components/dashboard/period-selector.tsx [app-client] (ecmascript).
Did you mean to import PeriodSelector?
All exports of the module are statically known (It doesn't have dynamic exports). So it's known statically that the requested export doesn't exist.

Import traces:
  Client Component Browser:
    ./src/app/dashboard/page.tsx [Client Component Browser]
    ./src/app/dashboard/page.tsx [Server Component]

  Client Component SSR:
    ./src/app/dashboard/page.tsx [Client Component SSR]
    ./src/app/dashboard/page.tsx [Server Component] @ http://localhost:3000/_next/static/chunks/node_modules_next_dist_20ud_8w._.js:2099
[  605199ms] [ERROR] ./src/app/dashboard/page.tsx:8:1
Export presetRange doesn't exist in target module
   6 | import { Select } from '@/components/ui/select'
   7 | import { StatCard } from '@/components/dashboard/stat-card'
>  8 | import {
     | ^^^^^^^
>  9 |   PeriodSelector,
     | ^^^^^^^^^^^^^^^^^
> 10 |   presetRange,
     | ^^^^^^^^^^^^^^
> 11 |   type PeriodPreset,
     | ^^^^^^^^^^^^^^^^^^^^
> 12 | } from '@/components/dashboard/period-selector'
     | ^^^^^^^^^^^^^^^^^^^^^^^^^^^^^^^^^^^^^^^^^^^^^^^
  13 | import { SpendingTrend } from '@/components/dashboard/spending-trend'
  14 | import { CategoryBreakdown } from '@/components/dashboard/category-breakdown'
  15 | import { TopMerchants } from '@/components/dashboard/top-merchants'

The export presetRange was not found in module [project]/src/components/dashboard/period-selector.tsx [app-ssr] (ecmascript).
Did you mean to import PeriodSelector?
All exports of the module are statically known (It doesn't have dynamic exports). So it's known statically that the requested export doesn't exist.

Import traces:
  Client Component Browser:
    ./src/app/dashboard/page.tsx [Client Component Browser]
    ./src/app/dashboard/page.tsx [Server Component]

  Client Component SSR:
    ./src/app/dashboard/page.tsx [Client Component SSR]
    ./src/app/dashboard/page.tsx [Server Component] @ http://localhost:3000/_next/static/chunks/node_modules_next_dist_20ud_8w._.js:2099
[  605262ms] [ERROR] ./src/app/dashboard/page.tsx:8:1
Export presetRange doesn't exist in target module
   6 | import { Select } from '@/components/ui/select'
   7 | import { StatCard } from '@/components/dashboard/stat-card'
>  8 | import {
     | ^^^^^^^
>  9 |   PeriodSelector,
     | ^^^^^^^^^^^^^^^^^
> 10 |   presetRange,
     | ^^^^^^^^^^^^^^
> 11 |   type PeriodPreset,
     | ^^^^^^^^^^^^^^^^^^^^
> 12 | } from '@/components/dashboard/period-selector'
     | ^^^^^^^^^^^^^^^^^^^^^^^^^^^^^^^^^^^^^^^^^^^^^^^
  13 | import { SpendingTrend } from '@/components/dashboard/spending-trend'
  14 | import { CategoryBreakdown } from '@/components/dashboard/category-breakdown'
  15 | import { TopMerchants } from '@/components/dashboard/top-merchants'

The export presetRange was not found in module [project]/src/components/dashboard/period-selector.tsx [app-client] (ecmascript).
Did you mean to import PeriodSelector?
All exports of the module are statically known (It doesn't have dynamic exports). So it's known statically that the requested export doesn't exist.

Import traces:
  Client Component Browser:
    ./src/app/dashboard/page.tsx [Client Component Browser]
    ./src/app/dashboard/page.tsx [Server Component]

  Client Component SSR:
    ./src/app/dashboard/page.tsx [Client Component SSR]
    ./src/app/dashboard/page.tsx [Server Component] @ http://localhost:3000/_next/static/chunks/node_modules_next_dist_20ud_8w._.js:2099
[  605262ms] [ERROR] ./src/app/dashboard/page.tsx:8:1
Export presetRange doesn't exist in target module
   6 | import { Select } from '@/components/ui/select'
   7 | import { StatCard } from '@/components/dashboard/stat-card'
>  8 | import {
     | ^^^^^^^
>  9 |   PeriodSelector,
     | ^^^^^^^^^^^^^^^^^
> 10 |   presetRange,
     | ^^^^^^^^^^^^^^
> 11 |   type PeriodPreset,
     | ^^^^^^^^^^^^^^^^^^^^
> 12 | } from '@/components/dashboard/period-selector'
     | ^^^^^^^^^^^^^^^^^^^^^^^^^^^^^^^^^^^^^^^^^^^^^^^
  13 | import { SpendingTrend } from '@/components/dashboard/spending-trend'
  14 | import { CategoryBreakdown } from '@/components/dashboard/category-breakdown'
  15 | import { TopMerchants } from '@/components/dashboard/top-merchants'

The export presetRange was not found in module [project]/src/components/dashboard/period-selector.tsx [app-ssr] (ecmascript).
Did you mean to import PeriodSelector?
All exports of the module are statically known (It doesn't have dynamic exports). So it's known statically that the requested export doesn't exist.

Import traces:
  Client Component Browser:
    ./src/app/dashboard/page.tsx [Client Component Browser]
    ./src/app/dashboard/page.tsx [Server Component]

  Client Component SSR:
    ./src/app/dashboard/page.tsx [Client Component SSR]
    ./src/app/dashboard/page.tsx [Server Component] @ http://localhost:3000/_next/static/chunks/node_modules_next_dist_20ud_8w._.js:2099
[  605322ms] [ERROR] ./src/app/dashboard/page.tsx:8:1
Export presetRange doesn't exist in target module
   6 | import { Select } from '@/components/ui/select'
   7 | import { StatCard } from '@/components/dashboard/stat-card'
>  8 | import {
     | ^^^^^^^
>  9 |   PeriodSelector,
     | ^^^^^^^^^^^^^^^^^
> 10 |   presetRange,
     | ^^^^^^^^^^^^^^
> 11 |   type PeriodPreset,
     | ^^^^^^^^^^^^^^^^^^^^
> 12 | } from '@/components/dashboard/period-selector'
     | ^^^^^^^^^^^^^^^^^^^^^^^^^^^^^^^^^^^^^^^^^^^^^^^
  13 | import { SpendingTrend } from '@/components/dashboard/spending-trend'
  14 | import { CategoryBreakdown } from '@/components/dashboard/category-breakdown'
  15 | import { TopMerchants } from '@/components/dashboard/top-merchants'

The export presetRange was not found in module [project]/src/components/dashboard/period-selector.tsx [app-client] (ecmascript).
Did you mean to import PeriodSelector?
All exports of the module are statically known (It doesn't have dynamic exports). So it's known statically that the requested export doesn't exist.

Import traces:
  Client Component Browser:
    ./src/app/dashboard/page.tsx [Client Component Browser]
    ./src/app/dashboard/page.tsx [Server Component]

  Client Component SSR:
    ./src/app/dashboard/page.tsx [Client Component SSR]
    ./src/app/dashboard/page.tsx [Server Component] @ http://localhost:3000/_next/static/chunks/node_modules_next_dist_20ud_8w._.js:2099
[  605322ms] [ERROR] ./src/app/dashboard/page.tsx:8:1
Export presetRange doesn't exist in target module
   6 | import { Select } from '@/components/ui/select'
   7 | import { StatCard } from '@/components/dashboard/stat-card'
>  8 | import {
     | ^^^^^^^
>  9 |   PeriodSelector,
     | ^^^^^^^^^^^^^^^^^
> 10 |   presetRange,
     | ^^^^^^^^^^^^^^
> 11 |   type PeriodPreset,
     | ^^^^^^^^^^^^^^^^^^^^
> 12 | } from '@/components/dashboard/period-selector'
     | ^^^^^^^^^^^^^^^^^^^^^^^^^^^^^^^^^^^^^^^^^^^^^^^
  13 | import { SpendingTrend } from '@/components/dashboard/spending-trend'
  14 | import { CategoryBreakdown } from '@/components/dashboard/category-breakdown'
  15 | import { TopMerchants } from '@/components/dashboard/top-merchants'

The export presetRange was not found in module [project]/src/components/dashboard/period-selector.tsx [app-ssr] (ecmascript).
Did you mean to import PeriodSelector?
All exports of the module are statically known (It doesn't have dynamic exports). So it's known statically that the requested export doesn't exist.

Import traces:
  Client Component Browser:
    ./src/app/dashboard/page.tsx [Client Component Browser]
    ./src/app/dashboard/page.tsx [Server Component]

  Client Component SSR:
    ./src/app/dashboard/page.tsx [Client Component SSR]
    ./src/app/dashboard/page.tsx [Server Component] @ http://localhost:3000/_next/static/chunks/node_modules_next_dist_20ud_8w._.js:2099
[  605400ms] [ERROR] ./src/app/dashboard/page.tsx:8:1
Export presetRange doesn't exist in target module
   6 | import { Select } from '@/components/ui/select'
   7 | import { StatCard } from '@/components/dashboard/stat-card'
>  8 | import {
     | ^^^^^^^
>  9 |   PeriodSelector,
     | ^^^^^^^^^^^^^^^^^
> 10 |   presetRange,
     | ^^^^^^^^^^^^^^
> 11 |   type PeriodPreset,
     | ^^^^^^^^^^^^^^^^^^^^
> 12 | } from '@/components/dashboard/period-selector'
     | ^^^^^^^^^^^^^^^^^^^^^^^^^^^^^^^^^^^^^^^^^^^^^^^
  13 | import { SpendingTrend } from '@/components/dashboard/spending-trend'
  14 | import { CategoryBreakdown } from '@/components/dashboard/category-breakdown'
  15 | import { TopMerchants } from '@/components/dashboard/top-merchants'

The export presetRange was not found in module [project]/src/components/dashboard/period-selector.tsx [app-client] (ecmascript).
Did you mean to import PeriodSelector?
All exports of the module are statically known (It doesn't have dynamic exports). So it's known statically that the requested export doesn't exist.

Import traces:
  Client Component Browser:
    ./src/app/dashboard/page.tsx [Client Component Browser]
    ./src/app/dashboard/page.tsx [Server Component]

  Client Component SSR:
    ./src/app/dashboard/page.tsx [Client Component SSR]
    ./src/app/dashboard/page.tsx [Server Component] @ http://localhost:3000/_next/static/chunks/node_modules_next_dist_20ud_8w._.js:2099
[  605400ms] [ERROR] ./src/app/dashboard/page.tsx:8:1
Export presetRange doesn't exist in target module
   6 | import { Select } from '@/components/ui/select'
   7 | import { StatCard } from '@/components/dashboard/stat-card'
>  8 | import {
     | ^^^^^^^
>  9 |   PeriodSelector,
     | ^^^^^^^^^^^^^^^^^
> 10 |   presetRange,
     | ^^^^^^^^^^^^^^
> 11 |   type PeriodPreset,
     | ^^^^^^^^^^^^^^^^^^^^
> 12 | } from '@/components/dashboard/period-selector'
     | ^^^^^^^^^^^^^^^^^^^^^^^^^^^^^^^^^^^^^^^^^^^^^^^
  13 | import { SpendingTrend } from '@/components/dashboard/spending-trend'
  14 | import { CategoryBreakdown } from '@/components/dashboard/category-breakdown'
  15 | import { TopMerchants } from '@/components/dashboard/top-merchants'

The export presetRange was not found in module [project]/src/components/dashboard/period-selector.tsx [app-ssr] (ecmascript).
Did you mean to import PeriodSelector?
All exports of the module are statically known (It doesn't have dynamic exports). So it's known statically that the requested export doesn't exist.

Import traces:
  Client Component Browser:
    ./src/app/dashboard/page.tsx [Client Component Browser]
    ./src/app/dashboard/page.tsx [Server Component]

  Client Component SSR:
    ./src/app/dashboard/page.tsx [Client Component SSR]
    ./src/app/dashboard/page.tsx [Server Component] @ http://localhost:3000/_next/static/chunks/node_modules_next_dist_20ud_8w._.js:2099
[  605462ms] [ERROR] ./src/app/dashboard/page.tsx:8:1
Export presetRange doesn't exist in target module
   6 | import { Select } from '@/components/ui/select'
   7 | import { StatCard } from '@/components/dashboard/stat-card'
>  8 | import {
     | ^^^^^^^
>  9 |   PeriodSelector,
     | ^^^^^^^^^^^^^^^^^
> 10 |   presetRange,
     | ^^^^^^^^^^^^^^
> 11 |   type PeriodPreset,
     | ^^^^^^^^^^^^^^^^^^^^
> 12 | } from '@/components/dashboard/period-selector'
     | ^^^^^^^^^^^^^^^^^^^^^^^^^^^^^^^^^^^^^^^^^^^^^^^
  13 | import { SpendingTrend } from '@/components/dashboard/spending-trend'
  14 | import { CategoryBreakdown } from '@/components/dashboard/category-breakdown'
  15 | import { TopMerchants } from '@/components/dashboard/top-merchants'

The export presetRange was not found in module [project]/src/components/dashboard/period-selector.tsx [app-client] (ecmascript).
Did you mean to import PeriodSelector?
All exports of the module are statically known (It doesn't have dynamic exports). So it's known statically that the requested export doesn't exist.

Import traces:
  Client Component Browser:
    ./src/app/dashboard/page.tsx [Client Component Browser]
    ./src/app/dashboard/page.tsx [Server Component]

  Client Component SSR:
    ./src/app/dashboard/page.tsx [Client Component SSR]
    ./src/app/dashboard/page.tsx [Server Component] @ http://localhost:3000/_next/static/chunks/node_modules_next_dist_20ud_8w._.js:2099
[  605462ms] [ERROR] ./src/app/dashboard/page.tsx:8:1
Export presetRange doesn't exist in target module
   6 | import { Select } from '@/components/ui/select'
   7 | import { StatCard } from '@/components/dashboard/stat-card'
>  8 | import {
     | ^^^^^^^
>  9 |   PeriodSelector,
     | ^^^^^^^^^^^^^^^^^
> 10 |   presetRange,
     | ^^^^^^^^^^^^^^
> 11 |   type PeriodPreset,
     | ^^^^^^^^^^^^^^^^^^^^
> 12 | } from '@/components/dashboard/period-selector'
     | ^^^^^^^^^^^^^^^^^^^^^^^^^^^^^^^^^^^^^^^^^^^^^^^
  13 | import { SpendingTrend } from '@/components/dashboard/spending-trend'
  14 | import { CategoryBreakdown } from '@/components/dashboard/category-breakdown'
  15 | import { TopMerchants } from '@/components/dashboard/top-merchants'

The export presetRange was not found in module [project]/src/components/dashboard/period-selector.tsx [app-ssr] (ecmascript).
Did you mean to import PeriodSelector?
All exports of the module are statically known (It doesn't have dynamic exports). So it's known statically that the requested export doesn't exist.

Import traces:
  Client Component Browser:
    ./src/app/dashboard/page.tsx [Client Component Browser]
    ./src/app/dashboard/page.tsx [Server Component]

  Client Component SSR:
    ./src/app/dashboard/page.tsx [Client Component SSR]
    ./src/app/dashboard/page.tsx [Server Component] @ http://localhost:3000/_next/static/chunks/node_modules_next_dist_20ud_8w._.js:2099
[  605524ms] [ERROR] ./src/app/dashboard/page.tsx:8:1
Export presetRange doesn't exist in target module
   6 | import { Select } from '@/components/ui/select'
   7 | import { StatCard } from '@/components/dashboard/stat-card'
>  8 | import {
     | ^^^^^^^
>  9 |   PeriodSelector,
     | ^^^^^^^^^^^^^^^^^
> 10 |   presetRange,
     | ^^^^^^^^^^^^^^
> 11 |   type PeriodPreset,
     | ^^^^^^^^^^^^^^^^^^^^
> 12 | } from '@/components/dashboard/period-selector'
     | ^^^^^^^^^^^^^^^^^^^^^^^^^^^^^^^^^^^^^^^^^^^^^^^
  13 | import { SpendingTrend } from '@/components/dashboard/spending-trend'
  14 | import { CategoryBreakdown } from '@/components/dashboard/category-breakdown'
  15 | import { TopMerchants } from '@/components/dashboard/top-merchants'

The export presetRange was not found in module [project]/src/components/dashboard/period-selector.tsx [app-client] (ecmascript).
Did you mean to import PeriodSelector?
All exports of the module are statically known (It doesn't have dynamic exports). So it's known statically that the requested export doesn't exist.

Import traces:
  Client Component Browser:
    ./src/app/dashboard/page.tsx [Client Component Browser]
    ./src/app/dashboard/page.tsx [Server Component]

  Client Component SSR:
    ./src/app/dashboard/page.tsx [Client Component SSR]
    ./src/app/dashboard/page.tsx [Server Component] @ http://localhost:3000/_next/static/chunks/node_modules_next_dist_20ud_8w._.js:2099
[  605524ms] [ERROR] ./src/app/dashboard/page.tsx:8:1
Export presetRange doesn't exist in target module
   6 | import { Select } from '@/components/ui/select'
   7 | import { StatCard } from '@/components/dashboard/stat-card'
>  8 | import {
     | ^^^^^^^
>  9 |   PeriodSelector,
     | ^^^^^^^^^^^^^^^^^
> 10 |   presetRange,
     | ^^^^^^^^^^^^^^
> 11 |   type PeriodPreset,
     | ^^^^^^^^^^^^^^^^^^^^
> 12 | } from '@/components/dashboard/period-selector'
     | ^^^^^^^^^^^^^^^^^^^^^^^^^^^^^^^^^^^^^^^^^^^^^^^
  13 | import { SpendingTrend } from '@/components/dashboard/spending-trend'
  14 | import { CategoryBreakdown } from '@/components/dashboard/category-breakdown'
  15 | import { TopMerchants } from '@/components/dashboard/top-merchants'

The export presetRange was not found in module [project]/src/components/dashboard/period-selector.tsx [app-ssr] (ecmascript).
Did you mean to import PeriodSelector?
All exports of the module are statically known (It doesn't have dynamic exports). So it's known statically that the requested export doesn't exist.

Import traces:
  Client Component Browser:
    ./src/app/dashboard/page.tsx [Client Component Browser]
    ./src/app/dashboard/page.tsx [Server Component]

  Client Component SSR:
    ./src/app/dashboard/page.tsx [Client Component SSR]
    ./src/app/dashboard/page.tsx [Server Component] @ http://localhost:3000/_next/static/chunks/node_modules_next_dist_20ud_8w._.js:2099
[  605586ms] [ERROR] ./src/app/dashboard/page.tsx:8:1
Export presetRange doesn't exist in target module
   6 | import { Select } from '@/components/ui/select'
   7 | import { StatCard } from '@/components/dashboard/stat-card'
>  8 | import {
     | ^^^^^^^
>  9 |   PeriodSelector,
     | ^^^^^^^^^^^^^^^^^
> 10 |   presetRange,
     | ^^^^^^^^^^^^^^
> 11 |   type PeriodPreset,
     | ^^^^^^^^^^^^^^^^^^^^
> 12 | } from '@/components/dashboard/period-selector'
     | ^^^^^^^^^^^^^^^^^^^^^^^^^^^^^^^^^^^^^^^^^^^^^^^
  13 | import { SpendingTrend } from '@/components/dashboard/spending-trend'
  14 | import { CategoryBreakdown } from '@/components/dashboard/category-breakdown'
  15 | import { TopMerchants } from '@/components/dashboard/top-merchants'

The export presetRange was not found in module [project]/src/components/dashboard/period-selector.tsx [app-client] (ecmascript).
Did you mean to import PeriodSelector?
All exports of the module are statically known (It doesn't have dynamic exports). So it's known statically that the requested export doesn't exist.

Import traces:
  Client Component Browser:
    ./src/app/dashboard/page.tsx [Client Component Browser]
    ./src/app/dashboard/page.tsx [Server Component]

  Client Component SSR:
    ./src/app/dashboard/page.tsx [Client Component SSR]
    ./src/app/dashboard/page.tsx [Server Component] @ http://localhost:3000/_next/static/chunks/node_modules_next_dist_20ud_8w._.js:2099
[  605586ms] [ERROR] ./src/app/dashboard/page.tsx:8:1
Export presetRange doesn't exist in target module
   6 | import { Select } from '@/components/ui/select'
   7 | import { StatCard } from '@/components/dashboard/stat-card'
>  8 | import {
     | ^^^^^^^
>  9 |   PeriodSelector,
     | ^^^^^^^^^^^^^^^^^
> 10 |   presetRange,
     | ^^^^^^^^^^^^^^
> 11 |   type PeriodPreset,
     | ^^^^^^^^^^^^^^^^^^^^
> 12 | } from '@/components/dashboard/period-selector'
     | ^^^^^^^^^^^^^^^^^^^^^^^^^^^^^^^^^^^^^^^^^^^^^^^
  13 | import { SpendingTrend } from '@/components/dashboard/spending-trend'
  14 | import { CategoryBreakdown } from '@/components/dashboard/category-breakdown'
  15 | import { TopMerchants } from '@/components/dashboard/top-merchants'

The export presetRange was not found in module [project]/src/components/dashboard/period-selector.tsx [app-ssr] (ecmascript).
Did you mean to import PeriodSelector?
All exports of the module are statically known (It doesn't have dynamic exports). So it's known statically that the requested export doesn't exist.

Import traces:
  Client Component Browser:
    ./src/app/dashboard/page.tsx [Client Component Browser]
    ./src/app/dashboard/page.tsx [Server Component]

  Client Component SSR:
    ./src/app/dashboard/page.tsx [Client Component SSR]
    ./src/app/dashboard/page.tsx [Server Component] @ http://localhost:3000/_next/static/chunks/node_modules_next_dist_20ud_8w._.js:2099
[  605648ms] [ERROR] ./src/app/dashboard/page.tsx:8:1
Export presetRange doesn't exist in target module
   6 | import { Select } from '@/components/ui/select'
   7 | import { StatCard } from '@/components/dashboard/stat-card'
>  8 | import {
     | ^^^^^^^
>  9 |   PeriodSelector,
     | ^^^^^^^^^^^^^^^^^
> 10 |   presetRange,
     | ^^^^^^^^^^^^^^
> 11 |   type PeriodPreset,
     | ^^^^^^^^^^^^^^^^^^^^
> 12 | } from '@/components/dashboard/period-selector'
     | ^^^^^^^^^^^^^^^^^^^^^^^^^^^^^^^^^^^^^^^^^^^^^^^
  13 | import { SpendingTrend } from '@/components/dashboard/spending-trend'
  14 | import { CategoryBreakdown } from '@/components/dashboard/category-breakdown'
  15 | import { TopMerchants } from '@/components/dashboard/top-merchants'

The export presetRange was not found in module [project]/src/components/dashboard/period-selector.tsx [app-client] (ecmascript).
Did you mean to import PeriodSelector?
All exports of the module are statically known (It doesn't have dynamic exports). So it's known statically that the requested export doesn't exist.

Import traces:
  Client Component Browser:
    ./src/app/dashboard/page.tsx [Client Component Browser]
    ./src/app/dashboard/page.tsx [Server Component]

  Client Component SSR:
    ./src/app/dashboard/page.tsx [Client Component SSR]
    ./src/app/dashboard/page.tsx [Server Component] @ http://localhost:3000/_next/static/chunks/node_modules_next_dist_20ud_8w._.js:2099
[  605649ms] [ERROR] ./src/app/dashboard/page.tsx:8:1
Export presetRange doesn't exist in target module
   6 | import { Select } from '@/components/ui/select'
   7 | import { StatCard } from '@/components/dashboard/stat-card'
>  8 | import {
     | ^^^^^^^
>  9 |   PeriodSelector,
     | ^^^^^^^^^^^^^^^^^
> 10 |   presetRange,
     | ^^^^^^^^^^^^^^
> 11 |   type PeriodPreset,
     | ^^^^^^^^^^^^^^^^^^^^
> 12 | } from '@/components/dashboard/period-selector'
     | ^^^^^^^^^^^^^^^^^^^^^^^^^^^^^^^^^^^^^^^^^^^^^^^
  13 | import { SpendingTrend } from '@/components/dashboard/spending-trend'
  14 | import { CategoryBreakdown } from '@/components/dashboard/category-breakdown'
  15 | import { TopMerchants } from '@/components/dashboard/top-merchants'

The export presetRange was not found in module [project]/src/components/dashboard/period-selector.tsx [app-ssr] (ecmascript).
Did you mean to import PeriodSelector?
All exports of the module are statically known (It doesn't have dynamic exports). So it's known statically that the requested export doesn't exist.

Import traces:
  Client Component Browser:
    ./src/app/dashboard/page.tsx [Client Component Browser]
    ./src/app/dashboard/page.tsx [Server Component]

  Client Component SSR:
    ./src/app/dashboard/page.tsx [Client Component SSR]
    ./src/app/dashboard/page.tsx [Server Component] @ http://localhost:3000/_next/static/chunks/node_modules_next_dist_20ud_8w._.js:2099
[  605711ms] [ERROR] ./src/app/dashboard/page.tsx:8:1
Export presetRange doesn't exist in target module
   6 | import { Select } from '@/components/ui/select'
   7 | import { StatCard } from '@/components/dashboard/stat-card'
>  8 | import {
     | ^^^^^^^
>  9 |   PeriodSelector,
     | ^^^^^^^^^^^^^^^^^
> 10 |   presetRange,
     | ^^^^^^^^^^^^^^
> 11 |   type PeriodPreset,
     | ^^^^^^^^^^^^^^^^^^^^
> 12 | } from '@/components/dashboard/period-selector'
     | ^^^^^^^^^^^^^^^^^^^^^^^^^^^^^^^^^^^^^^^^^^^^^^^
  13 | import { SpendingTrend } from '@/components/dashboard/spending-trend'
  14 | import { CategoryBreakdown } from '@/components/dashboard/category-breakdown'
  15 | import { TopMerchants } from '@/components/dashboard/top-merchants'

The export presetRange was not found in module [project]/src/components/dashboard/period-selector.tsx [app-client] (ecmascript).
Did you mean to import PeriodSelector?
All exports of the module are statically known (It doesn't have dynamic exports). So it's known statically that the requested export doesn't exist.

Import traces:
  Client Component Browser:
    ./src/app/dashboard/page.tsx [Client Component Browser]
    ./src/app/dashboard/page.tsx [Server Component]

  Client Component SSR:
    ./src/app/dashboard/page.tsx [Client Component SSR]
    ./src/app/dashboard/page.tsx [Server Component] @ http://localhost:3000/_next/static/chunks/node_modules_next_dist_20ud_8w._.js:2099
[  605712ms] [ERROR] ./src/app/dashboard/page.tsx:8:1
Export presetRange doesn't exist in target module
   6 | import { Select } from '@/components/ui/select'
   7 | import { StatCard } from '@/components/dashboard/stat-card'
>  8 | import {
     | ^^^^^^^
>  9 |   PeriodSelector,
     | ^^^^^^^^^^^^^^^^^
> 10 |   presetRange,
     | ^^^^^^^^^^^^^^
> 11 |   type PeriodPreset,
     | ^^^^^^^^^^^^^^^^^^^^
> 12 | } from '@/components/dashboard/period-selector'
     | ^^^^^^^^^^^^^^^^^^^^^^^^^^^^^^^^^^^^^^^^^^^^^^^
  13 | import { SpendingTrend } from '@/components/dashboard/spending-trend'
  14 | import { CategoryBreakdown } from '@/components/dashboard/category-breakdown'
  15 | import { TopMerchants } from '@/components/dashboard/top-merchants'

The export presetRange was not found in module [project]/src/components/dashboard/period-selector.tsx [app-ssr] (ecmascript).
Did you mean to import PeriodSelector?
All exports of the module are statically known (It doesn't have dynamic exports). So it's known statically that the requested export doesn't exist.

Import traces:
  Client Component Browser:
    ./src/app/dashboard/page.tsx [Client Component Browser]
    ./src/app/dashboard/page.tsx [Server Component]

  Client Component SSR:
    ./src/app/dashboard/page.tsx [Client Component SSR]
    ./src/app/dashboard/page.tsx [Server Component] @ http://localhost:3000/_next/static/chunks/node_modules_next_dist_20ud_8w._.js:2099
[  605772ms] [ERROR] ./src/app/dashboard/page.tsx:8:1
Export presetRange doesn't exist in target module
   6 | import { Select } from '@/components/ui/select'
   7 | import { StatCard } from '@/components/dashboard/stat-card'
>  8 | import {
     | ^^^^^^^
>  9 |   PeriodSelector,
     | ^^^^^^^^^^^^^^^^^
> 10 |   presetRange,
     | ^^^^^^^^^^^^^^
> 11 |   type PeriodPreset,
     | ^^^^^^^^^^^^^^^^^^^^
> 12 | } from '@/components/dashboard/period-selector'
     | ^^^^^^^^^^^^^^^^^^^^^^^^^^^^^^^^^^^^^^^^^^^^^^^
  13 | import { SpendingTrend } from '@/components/dashboard/spending-trend'
  14 | import { CategoryBreakdown } from '@/components/dashboard/category-breakdown'
  15 | import { TopMerchants } from '@/components/dashboard/top-merchants'

The export presetRange was not found in module [project]/src/components/dashboard/period-selector.tsx [app-client] (ecmascript).
Did you mean to import PeriodSelector?
All exports of the module are statically known (It doesn't have dynamic exports). So it's known statically that the requested export doesn't exist.

Import traces:
  Client Component Browser:
    ./src/app/dashboard/page.tsx [Client Component Browser]
    ./src/app/dashboard/page.tsx [Server Component]

  Client Component SSR:
    ./src/app/dashboard/page.tsx [Client Component SSR]
    ./src/app/dashboard/page.tsx [Server Component] @ http://localhost:3000/_next/static/chunks/node_modules_next_dist_20ud_8w._.js:2099
[  605772ms] [ERROR] ./src/app/dashboard/page.tsx:8:1
Export presetRange doesn't exist in target module
   6 | import { Select } from '@/components/ui/select'
   7 | import { StatCard } from '@/components/dashboard/stat-card'
>  8 | import {
     | ^^^^^^^
>  9 |   PeriodSelector,
     | ^^^^^^^^^^^^^^^^^
> 10 |   presetRange,
     | ^^^^^^^^^^^^^^
> 11 |   type PeriodPreset,
     | ^^^^^^^^^^^^^^^^^^^^
> 12 | } from '@/components/dashboard/period-selector'
     | ^^^^^^^^^^^^^^^^^^^^^^^^^^^^^^^^^^^^^^^^^^^^^^^
  13 | import { SpendingTrend } from '@/components/dashboard/spending-trend'
  14 | import { CategoryBreakdown } from '@/components/dashboard/category-breakdown'
  15 | import { TopMerchants } from '@/components/dashboard/top-merchants'

The export presetRange was not found in module [project]/src/components/dashboard/period-selector.tsx [app-ssr] (ecmascript).
Did you mean to import PeriodSelector?
All exports of the module are statically known (It doesn't have dynamic exports). So it's known statically that the requested export doesn't exist.

Import traces:
  Client Component Browser:
    ./src/app/dashboard/page.tsx [Client Component Browser]
    ./src/app/dashboard/page.tsx [Server Component]

  Client Component SSR:
    ./src/app/dashboard/page.tsx [Client Component SSR]
    ./src/app/dashboard/page.tsx [Server Component] @ http://localhost:3000/_next/static/chunks/node_modules_next_dist_20ud_8w._.js:2099
[  605834ms] [ERROR] ./src/app/dashboard/page.tsx:8:1
Export presetRange doesn't exist in target module
   6 | import { Select } from '@/components/ui/select'
   7 | import { StatCard } from '@/components/dashboard/stat-card'
>  8 | import {
     | ^^^^^^^
>  9 |   PeriodSelector,
     | ^^^^^^^^^^^^^^^^^
> 10 |   presetRange,
     | ^^^^^^^^^^^^^^
> 11 |   type PeriodPreset,
     | ^^^^^^^^^^^^^^^^^^^^
> 12 | } from '@/components/dashboard/period-selector'
     | ^^^^^^^^^^^^^^^^^^^^^^^^^^^^^^^^^^^^^^^^^^^^^^^
  13 | import { SpendingTrend } from '@/components/dashboard/spending-trend'
  14 | import { CategoryBreakdown } from '@/components/dashboard/category-breakdown'
  15 | import { TopMerchants } from '@/components/dashboard/top-merchants'

The export presetRange was not found in module [project]/src/components/dashboard/period-selector.tsx [app-client] (ecmascript).
Did you mean to import PeriodSelector?
All exports of the module are statically known (It doesn't have dynamic exports). So it's known statically that the requested export doesn't exist.

Import traces:
  Client Component Browser:
    ./src/app/dashboard/page.tsx [Client Component Browser]
    ./src/app/dashboard/page.tsx [Server Component]

  Client Component SSR:
    ./src/app/dashboard/page.tsx [Client Component SSR]
    ./src/app/dashboard/page.tsx [Server Component] @ http://localhost:3000/_next/static/chunks/node_modules_next_dist_20ud_8w._.js:2099
[  605835ms] [ERROR] ./src/app/dashboard/page.tsx:8:1
Export presetRange doesn't exist in target module
   6 | import { Select } from '@/components/ui/select'
   7 | import { StatCard } from '@/components/dashboard/stat-card'
>  8 | import {
     | ^^^^^^^
>  9 |   PeriodSelector,
     | ^^^^^^^^^^^^^^^^^
> 10 |   presetRange,
     | ^^^^^^^^^^^^^^
> 11 |   type PeriodPreset,
     | ^^^^^^^^^^^^^^^^^^^^
> 12 | } from '@/components/dashboard/period-selector'
     | ^^^^^^^^^^^^^^^^^^^^^^^^^^^^^^^^^^^^^^^^^^^^^^^
  13 | import { SpendingTrend } from '@/components/dashboard/spending-trend'
  14 | import { CategoryBreakdown } from '@/components/dashboard/category-breakdown'
  15 | import { TopMerchants } from '@/components/dashboard/top-merchants'

The export presetRange was not found in module [project]/src/components/dashboard/period-selector.tsx [app-ssr] (ecmascript).
Did you mean to import PeriodSelector?
All exports of the module are statically known (It doesn't have dynamic exports). So it's known statically that the requested export doesn't exist.

Import traces:
  Client Component Browser:
    ./src/app/dashboard/page.tsx [Client Component Browser]
    ./src/app/dashboard/page.tsx [Server Component]

  Client Component SSR:
    ./src/app/dashboard/page.tsx [Client Component SSR]
    ./src/app/dashboard/page.tsx [Server Component] @ http://localhost:3000/_next/static/chunks/node_modules_next_dist_20ud_8w._.js:2099
[  605896ms] [ERROR] ./src/app/dashboard/page.tsx:8:1
Export presetRange doesn't exist in target module
   6 | import { Select } from '@/components/ui/select'
   7 | import { StatCard } from '@/components/dashboard/stat-card'
>  8 | import {
     | ^^^^^^^
>  9 |   PeriodSelector,
     | ^^^^^^^^^^^^^^^^^
> 10 |   presetRange,
     | ^^^^^^^^^^^^^^
> 11 |   type PeriodPreset,
     | ^^^^^^^^^^^^^^^^^^^^
> 12 | } from '@/components/dashboard/period-selector'
     | ^^^^^^^^^^^^^^^^^^^^^^^^^^^^^^^^^^^^^^^^^^^^^^^
  13 | import { SpendingTrend } from '@/components/dashboard/spending-trend'
  14 | import { CategoryBreakdown } from '@/components/dashboard/category-breakdown'
  15 | import { TopMerchants } from '@/components/dashboard/top-merchants'

The export presetRange was not found in module [project]/src/components/dashboard/period-selector.tsx [app-client] (ecmascript).
Did you mean to import PeriodSelector?
All exports of the module are statically known (It doesn't have dynamic exports). So it's known statically that the requested export doesn't exist.

Import traces:
  Client Component Browser:
    ./src/app/dashboard/page.tsx [Client Component Browser]
    ./src/app/dashboard/page.tsx [Server Component]

  Client Component SSR:
    ./src/app/dashboard/page.tsx [Client Component SSR]
    ./src/app/dashboard/page.tsx [Server Component] @ http://localhost:3000/_next/static/chunks/node_modules_next_dist_20ud_8w._.js:2099
[  605896ms] [ERROR] ./src/app/dashboard/page.tsx:8:1
Export presetRange doesn't exist in target module
   6 | import { Select } from '@/components/ui/select'
   7 | import { StatCard } from '@/components/dashboard/stat-card'
>  8 | import {
     | ^^^^^^^
>  9 |   PeriodSelector,
     | ^^^^^^^^^^^^^^^^^
> 10 |   presetRange,
     | ^^^^^^^^^^^^^^
> 11 |   type PeriodPreset,
     | ^^^^^^^^^^^^^^^^^^^^
> 12 | } from '@/components/dashboard/period-selector'
     | ^^^^^^^^^^^^^^^^^^^^^^^^^^^^^^^^^^^^^^^^^^^^^^^
  13 | import { SpendingTrend } from '@/components/dashboard/spending-trend'
  14 | import { CategoryBreakdown } from '@/components/dashboard/category-breakdown'
  15 | import { TopMerchants } from '@/components/dashboard/top-merchants'

The export presetRange was not found in module [project]/src/components/dashboard/period-selector.tsx [app-ssr] (ecmascript).
Did you mean to import PeriodSelector?
All exports of the module are statically known (It doesn't have dynamic exports). So it's known statically that the requested export doesn't exist.

Import traces:
  Client Component Browser:
    ./src/app/dashboard/page.tsx [Client Component Browser]
    ./src/app/dashboard/page.tsx [Server Component]

  Client Component SSR:
    ./src/app/dashboard/page.tsx [Client Component SSR]
    ./src/app/dashboard/page.tsx [Server Component] @ http://localhost:3000/_next/static/chunks/node_modules_next_dist_20ud_8w._.js:2099
[  605958ms] [ERROR] ./src/app/dashboard/page.tsx:8:1
Export presetRange doesn't exist in target module
   6 | import { Select } from '@/components/ui/select'
   7 | import { StatCard } from '@/components/dashboard/stat-card'
>  8 | import {
     | ^^^^^^^
>  9 |   PeriodSelector,
     | ^^^^^^^^^^^^^^^^^
> 10 |   presetRange,
     | ^^^^^^^^^^^^^^
> 11 |   type PeriodPreset,
     | ^^^^^^^^^^^^^^^^^^^^
> 12 | } from '@/components/dashboard/period-selector'
     | ^^^^^^^^^^^^^^^^^^^^^^^^^^^^^^^^^^^^^^^^^^^^^^^
  13 | import { SpendingTrend } from '@/components/dashboard/spending-trend'
  14 | import { CategoryBreakdown } from '@/components/dashboard/category-breakdown'
  15 | import { TopMerchants } from '@/components/dashboard/top-merchants'

The export presetRange was not found in module [project]/src/components/dashboard/period-selector.tsx [app-client] (ecmascript).
Did you mean to import PeriodSelector?
All exports of the module are statically known (It doesn't have dynamic exports). So it's known statically that the requested export doesn't exist.

Import traces:
  Client Component Browser:
    ./src/app/dashboard/page.tsx [Client Component Browser]
    ./src/app/dashboard/page.tsx [Server Component]

  Client Component SSR:
    ./src/app/dashboard/page.tsx [Client Component SSR]
    ./src/app/dashboard/page.tsx [Server Component] @ http://localhost:3000/_next/static/chunks/node_modules_next_dist_20ud_8w._.js:2099
[  605958ms] [ERROR] ./src/app/dashboard/page.tsx:8:1
Export presetRange doesn't exist in target module
   6 | import { Select } from '@/components/ui/select'
   7 | import { StatCard } from '@/components/dashboard/stat-card'
>  8 | import {
     | ^^^^^^^
>  9 |   PeriodSelector,
     | ^^^^^^^^^^^^^^^^^
> 10 |   presetRange,
     | ^^^^^^^^^^^^^^
> 11 |   type PeriodPreset,
     | ^^^^^^^^^^^^^^^^^^^^
> 12 | } from '@/components/dashboard/period-selector'
     | ^^^^^^^^^^^^^^^^^^^^^^^^^^^^^^^^^^^^^^^^^^^^^^^
  13 | import { SpendingTrend } from '@/components/dashboard/spending-trend'
  14 | import { CategoryBreakdown } from '@/components/dashboard/category-breakdown'
  15 | import { TopMerchants } from '@/components/dashboard/top-merchants'

The export presetRange was not found in module [project]/src/components/dashboard/period-selector.tsx [app-ssr] (ecmascript).
Did you mean to import PeriodSelector?
All exports of the module are statically known (It doesn't have dynamic exports). So it's known statically that the requested export doesn't exist.

Import traces:
  Client Component Browser:
    ./src/app/dashboard/page.tsx [Client Component Browser]
    ./src/app/dashboard/page.tsx [Server Component]

  Client Component SSR:
    ./src/app/dashboard/page.tsx [Client Component SSR]
    ./src/app/dashboard/page.tsx [Server Component] @ http://localhost:3000/_next/static/chunks/node_modules_next_dist_20ud_8w._.js:2099
[  606020ms] [ERROR] ./src/app/dashboard/page.tsx:8:1
Export presetRange doesn't exist in target module
   6 | import { Select } from '@/components/ui/select'
   7 | import { StatCard } from '@/components/dashboard/stat-card'
>  8 | import {
     | ^^^^^^^
>  9 |   PeriodSelector,
     | ^^^^^^^^^^^^^^^^^
> 10 |   presetRange,
     | ^^^^^^^^^^^^^^
> 11 |   type PeriodPreset,
     | ^^^^^^^^^^^^^^^^^^^^
> 12 | } from '@/components/dashboard/period-selector'
     | ^^^^^^^^^^^^^^^^^^^^^^^^^^^^^^^^^^^^^^^^^^^^^^^
  13 | import { SpendingTrend } from '@/components/dashboard/spending-trend'
  14 | import { CategoryBreakdown } from '@/components/dashboard/category-breakdown'
  15 | import { TopMerchants } from '@/components/dashboard/top-merchants'

The export presetRange was not found in module [project]/src/components/dashboard/period-selector.tsx [app-client] (ecmascript).
Did you mean to import PeriodSelector?
All exports of the module are statically known (It doesn't have dynamic exports). So it's known statically that the requested export doesn't exist.

Import traces:
  Client Component Browser:
    ./src/app/dashboard/page.tsx [Client Component Browser]
    ./src/app/dashboard/page.tsx [Server Component]

  Client Component SSR:
    ./src/app/dashboard/page.tsx [Client Component SSR]
    ./src/app/dashboard/page.tsx [Server Component] @ http://localhost:3000/_next/static/chunks/node_modules_next_dist_20ud_8w._.js:2099
[  606020ms] [ERROR] ./src/app/dashboard/page.tsx:8:1
Export presetRange doesn't exist in target module
   6 | import { Select } from '@/components/ui/select'
   7 | import { StatCard } from '@/components/dashboard/stat-card'
>  8 | import {
     | ^^^^^^^
>  9 |   PeriodSelector,
     | ^^^^^^^^^^^^^^^^^
> 10 |   presetRange,
     | ^^^^^^^^^^^^^^
> 11 |   type PeriodPreset,
     | ^^^^^^^^^^^^^^^^^^^^
> 12 | } from '@/components/dashboard/period-selector'
     | ^^^^^^^^^^^^^^^^^^^^^^^^^^^^^^^^^^^^^^^^^^^^^^^
  13 | import { SpendingTrend } from '@/components/dashboard/spending-trend'
  14 | import { CategoryBreakdown } from '@/components/dashboard/category-breakdown'
  15 | import { TopMerchants } from '@/components/dashboard/top-merchants'

The export presetRange was not found in module [project]/src/components/dashboard/period-selector.tsx [app-ssr] (ecmascript).
Did you mean to import PeriodSelector?
All exports of the module are statically known (It doesn't have dynamic exports). So it's known statically that the requested export doesn't exist.

Import traces:
  Client Component Browser:
    ./src/app/dashboard/page.tsx [Client Component Browser]
    ./src/app/dashboard/page.tsx [Server Component]

  Client Component SSR:
    ./src/app/dashboard/page.tsx [Client Component SSR]
    ./src/app/dashboard/page.tsx [Server Component] @ http://localhost:3000/_next/static/chunks/node_modules_next_dist_20ud_8w._.js:2099
[  606082ms] [ERROR] ./src/app/dashboard/page.tsx:8:1
Export presetRange doesn't exist in target module
   6 | import { Select } from '@/components/ui/select'
   7 | import { StatCard } from '@/components/dashboard/stat-card'
>  8 | import {
     | ^^^^^^^
>  9 |   PeriodSelector,
     | ^^^^^^^^^^^^^^^^^
> 10 |   presetRange,
     | ^^^^^^^^^^^^^^
> 11 |   type PeriodPreset,
     | ^^^^^^^^^^^^^^^^^^^^
> 12 | } from '@/components/dashboard/period-selector'
     | ^^^^^^^^^^^^^^^^^^^^^^^^^^^^^^^^^^^^^^^^^^^^^^^
  13 | import { SpendingTrend } from '@/components/dashboard/spending-trend'
  14 | import { CategoryBreakdown } from '@/components/dashboard/category-breakdown'
  15 | import { TopMerchants } from '@/components/dashboard/top-merchants'

The export presetRange was not found in module [project]/src/components/dashboard/period-selector.tsx [app-client] (ecmascript).
Did you mean to import PeriodSelector?
All exports of the module are statically known (It doesn't have dynamic exports). So it's known statically that the requested export doesn't exist.

Import traces:
  Client Component Browser:
    ./src/app/dashboard/page.tsx [Client Component Browser]
    ./src/app/dashboard/page.tsx [Server Component]

  Client Component SSR:
    ./src/app/dashboard/page.tsx [Client Component SSR]
    ./src/app/dashboard/page.tsx [Server Component] @ http://localhost:3000/_next/static/chunks/node_modules_next_dist_20ud_8w._.js:2099
[  606082ms] [ERROR] ./src/app/dashboard/page.tsx:8:1
Export presetRange doesn't exist in target module
   6 | import { Select } from '@/components/ui/select'
   7 | import { StatCard } from '@/components/dashboard/stat-card'
>  8 | import {
     | ^^^^^^^
>  9 |   PeriodSelector,
     | ^^^^^^^^^^^^^^^^^
> 10 |   presetRange,
     | ^^^^^^^^^^^^^^
> 11 |   type PeriodPreset,
     | ^^^^^^^^^^^^^^^^^^^^
> 12 | } from '@/components/dashboard/period-selector'
     | ^^^^^^^^^^^^^^^^^^^^^^^^^^^^^^^^^^^^^^^^^^^^^^^
  13 | import { SpendingTrend } from '@/components/dashboard/spending-trend'
  14 | import { CategoryBreakdown } from '@/components/dashboard/category-breakdown'
  15 | import { TopMerchants } from '@/components/dashboard/top-merchants'

The export presetRange was not found in module [project]/src/components/dashboard/period-selector.tsx [app-ssr] (ecmascript).
Did you mean to import PeriodSelector?
All exports of the module are statically known (It doesn't have dynamic exports). So it's known statically that the requested export doesn't exist.

Import traces:
  Client Component Browser:
    ./src/app/dashboard/page.tsx [Client Component Browser]
    ./src/app/dashboard/page.tsx [Server Component]

  Client Component SSR:
    ./src/app/dashboard/page.tsx [Client Component SSR]
    ./src/app/dashboard/page.tsx [Server Component] @ http://localhost:3000/_next/static/chunks/node_modules_next_dist_20ud_8w._.js:2099
[  606146ms] [ERROR] ./src/app/dashboard/page.tsx:8:1
Export presetRange doesn't exist in target module
   6 | import { Select } from '@/components/ui/select'
   7 | import { StatCard } from '@/components/dashboard/stat-card'
>  8 | import {
     | ^^^^^^^
>  9 |   PeriodSelector,
     | ^^^^^^^^^^^^^^^^^
> 10 |   presetRange,
     | ^^^^^^^^^^^^^^
> 11 |   type PeriodPreset,
     | ^^^^^^^^^^^^^^^^^^^^
> 12 | } from '@/components/dashboard/period-selector'
     | ^^^^^^^^^^^^^^^^^^^^^^^^^^^^^^^^^^^^^^^^^^^^^^^
  13 | import { SpendingTrend } from '@/components/dashboard/spending-trend'
  14 | import { CategoryBreakdown } from '@/components/dashboard/category-breakdown'
  15 | import { TopMerchants } from '@/components/dashboard/top-merchants'

The export presetRange was not found in module [project]/src/components/dashboard/period-selector.tsx [app-client] (ecmascript).
Did you mean to import PeriodSelector?
All exports of the module are statically known (It doesn't have dynamic exports). So it's known statically that the requested export doesn't exist.

Import traces:
  Client Component Browser:
    ./src/app/dashboard/page.tsx [Client Component Browser]
    ./src/app/dashboard/page.tsx [Server Component]

  Client Component SSR:
    ./src/app/dashboard/page.tsx [Client Component SSR]
    ./src/app/dashboard/page.tsx [Server Component] @ http://localhost:3000/_next/static/chunks/node_modules_next_dist_20ud_8w._.js:2099
[  606146ms] [ERROR] ./src/app/dashboard/page.tsx:8:1
Export presetRange doesn't exist in target module
   6 | import { Select } from '@/components/ui/select'
   7 | import { StatCard } from '@/components/dashboard/stat-card'
>  8 | import {
     | ^^^^^^^
>  9 |   PeriodSelector,
     | ^^^^^^^^^^^^^^^^^
> 10 |   presetRange,
     | ^^^^^^^^^^^^^^
> 11 |   type PeriodPreset,
     | ^^^^^^^^^^^^^^^^^^^^
> 12 | } from '@/components/dashboard/period-selector'
     | ^^^^^^^^^^^^^^^^^^^^^^^^^^^^^^^^^^^^^^^^^^^^^^^
  13 | import { SpendingTrend } from '@/components/dashboard/spending-trend'
  14 | import { CategoryBreakdown } from '@/components/dashboard/category-breakdown'
  15 | import { TopMerchants } from '@/components/dashboard/top-merchants'

The export presetRange was not found in module [project]/src/components/dashboard/period-selector.tsx [app-ssr] (ecmascript).
Did you mean to import PeriodSelector?
All exports of the module are statically known (It doesn't have dynamic exports). So it's known statically that the requested export doesn't exist.

Import traces:
  Client Component Browser:
    ./src/app/dashboard/page.tsx [Client Component Browser]
    ./src/app/dashboard/page.tsx [Server Component]

  Client Component SSR:
    ./src/app/dashboard/page.tsx [Client Component SSR]
    ./src/app/dashboard/page.tsx [Server Component] @ http://localhost:3000/_next/static/chunks/node_modules_next_dist_20ud_8w._.js:2099
[  606209ms] [ERROR] ./src/app/dashboard/page.tsx:8:1
Export presetRange doesn't exist in target module
   6 | import { Select } from '@/components/ui/select'
   7 | import { StatCard } from '@/components/dashboard/stat-card'
>  8 | import {
     | ^^^^^^^
>  9 |   PeriodSelector,
     | ^^^^^^^^^^^^^^^^^
> 10 |   presetRange,
     | ^^^^^^^^^^^^^^
> 11 |   type PeriodPreset,
     | ^^^^^^^^^^^^^^^^^^^^
> 12 | } from '@/components/dashboard/period-selector'
     | ^^^^^^^^^^^^^^^^^^^^^^^^^^^^^^^^^^^^^^^^^^^^^^^
  13 | import { SpendingTrend } from '@/components/dashboard/spending-trend'
  14 | import { CategoryBreakdown } from '@/components/dashboard/category-breakdown'
  15 | import { TopMerchants } from '@/components/dashboard/top-merchants'

The export presetRange was not found in module [project]/src/components/dashboard/period-selector.tsx [app-client] (ecmascript).
Did you mean to import PeriodSelector?
All exports of the module are statically known (It doesn't have dynamic exports). So it's known statically that the requested export doesn't exist.

Import traces:
  Client Component Browser:
    ./src/app/dashboard/page.tsx [Client Component Browser]
    ./src/app/dashboard/page.tsx [Server Component]

  Client Component SSR:
    ./src/app/dashboard/page.tsx [Client Component SSR]
    ./src/app/dashboard/page.tsx [Server Component] @ http://localhost:3000/_next/static/chunks/node_modules_next_dist_20ud_8w._.js:2099
[  606209ms] [ERROR] ./src/app/dashboard/page.tsx:8:1
Export presetRange doesn't exist in target module
   6 | import { Select } from '@/components/ui/select'
   7 | import { StatCard } from '@/components/dashboard/stat-card'
>  8 | import {
     | ^^^^^^^
>  9 |   PeriodSelector,
     | ^^^^^^^^^^^^^^^^^
> 10 |   presetRange,
     | ^^^^^^^^^^^^^^
> 11 |   type PeriodPreset,
     | ^^^^^^^^^^^^^^^^^^^^
> 12 | } from '@/components/dashboard/period-selector'
     | ^^^^^^^^^^^^^^^^^^^^^^^^^^^^^^^^^^^^^^^^^^^^^^^
  13 | import { SpendingTrend } from '@/components/dashboard/spending-trend'
  14 | import { CategoryBreakdown } from '@/components/dashboard/category-breakdown'
  15 | import { TopMerchants } from '@/components/dashboard/top-merchants'

The export presetRange was not found in module [project]/src/components/dashboard/period-selector.tsx [app-ssr] (ecmascript).
Did you mean to import PeriodSelector?
All exports of the module are statically known (It doesn't have dynamic exports). So it's known statically that the requested export doesn't exist.

Import traces:
  Client Component Browser:
    ./src/app/dashboard/page.tsx [Client Component Browser]
    ./src/app/dashboard/page.tsx [Server Component]

  Client Component SSR:
    ./src/app/dashboard/page.tsx [Client Component SSR]
    ./src/app/dashboard/page.tsx [Server Component] @ http://localhost:3000/_next/static/chunks/node_modules_next_dist_20ud_8w._.js:2099
[  606330ms] [LOG] [Fast Refresh] rebuilding @ http://localhost:3000/_next/static/chunks/node_modules_next_dist_20ud_8w._.js:1380
[  606366ms] [ERROR] ./src/app/dashboard/page.tsx:8:1
Export presetRange doesn't exist in target module
   6 | import { Select } from '@/components/ui/select'
   7 | import { StatCard } from '@/components/dashboard/stat-card'
>  8 | import {
     | ^^^^^^^
>  9 |   PeriodSelector,
     | ^^^^^^^^^^^^^^^^^
> 10 |   presetRange,
     | ^^^^^^^^^^^^^^
> 11 |   type PeriodPreset,
     | ^^^^^^^^^^^^^^^^^^^^
> 12 | } from '@/components/dashboard/period-selector'
     | ^^^^^^^^^^^^^^^^^^^^^^^^^^^^^^^^^^^^^^^^^^^^^^^
  13 | import { SpendingTrend } from '@/components/dashboard/spending-trend'
  14 | import { CategoryBreakdown } from '@/components/dashboard/category-breakdown'
  15 | import { TopMerchants } from '@/components/dashboard/top-merchants'

The export presetRange was not found in module [project]/src/components/dashboard/period-selector.tsx [app-client] (ecmascript).
Did you mean to import PeriodSelector?
All exports of the module are statically known (It doesn't have dynamic exports). So it's known statically that the requested export doesn't exist.

Import traces:
  Client Component Browser:
    ./src/app/dashboard/page.tsx [Client Component Browser]
    ./src/app/dashboard/page.tsx [Server Component]

  Client Component SSR:
    ./src/app/dashboard/page.tsx [Client Component SSR]
    ./src/app/dashboard/page.tsx [Server Component] @ http://localhost:3000/_next/static/chunks/node_modules_next_dist_20ud_8w._.js:2099
[  606366ms] [ERROR] ./src/app/dashboard/page.tsx:8:1
Export presetRange doesn't exist in target module
   6 | import { Select } from '@/components/ui/select'
   7 | import { StatCard } from '@/components/dashboard/stat-card'
>  8 | import {
     | ^^^^^^^
>  9 |   PeriodSelector,
     | ^^^^^^^^^^^^^^^^^
> 10 |   presetRange,
     | ^^^^^^^^^^^^^^
> 11 |   type PeriodPreset,
     | ^^^^^^^^^^^^^^^^^^^^
> 12 | } from '@/components/dashboard/period-selector'
     | ^^^^^^^^^^^^^^^^^^^^^^^^^^^^^^^^^^^^^^^^^^^^^^^
  13 | import { SpendingTrend } from '@/components/dashboard/spending-trend'
  14 | import { CategoryBreakdown } from '@/components/dashboard/category-breakdown'
  15 | import { TopMerchants } from '@/components/dashboard/top-merchants'

The export presetRange was not found in module [project]/src/components/dashboard/period-selector.tsx [app-ssr] (ecmascript).
Did you mean to import PeriodSelector?
All exports of the module are statically known (It doesn't have dynamic exports). So it's known statically that the requested export doesn't exist.

Import traces:
  Client Component Browser:
    ./src/app/dashboard/page.tsx [Client Component Browser]
    ./src/app/dashboard/page.tsx [Server Component]

  Client Component SSR:
    ./src/app/dashboard/page.tsx [Client Component SSR]
    ./src/app/dashboard/page.tsx [Server Component] @ http://localhost:3000/_next/static/chunks/node_modules_next_dist_20ud_8w._.js:2099
[  606431ms] [ERROR] Failed to load resource: the server responded with a status of 500 (Internal Server Error) @ http://localhost:3000/expenses:0
[  606459ms] [INFO] %cDownload the React DevTools for a better development experience: https://react.dev/link/react-devtools font-weight:bold @ http://localhost:3000/_next/static/chunks/node_modules_react-dom_0kla17-._.js:15305
[  606470ms] Error: ./src/app/dashboard/page.tsx:8:1
Export presetRange doesn't exist in target module
   6 | import { Select } from '@/components/ui/select'
   7 | import { StatCard } from '@/components/dashboard/stat-card'
>  8 | import {
     | ^^^^^^^
>  9 |   PeriodSelector,
     | ^^^^^^^^^^^^^^^^^
> 10 |   presetRange,
     | ^^^^^^^^^^^^^^
> 11 |   type PeriodPreset,
     | ^^^^^^^^^^^^^^^^^^^^
> 12 | } from '@/components/dashboard/period-selector'
     | ^^^^^^^^^^^^^^^^^^^^^^^^^^^^^^^^^^^^^^^^^^^^^^^
  13 | import { SpendingTrend } from '@/components/dashboard/spending-trend'
  14 | import { CategoryBreakdown } from '@/components/dashboard/category-breakdown'
  15 | import { TopMerchants } from '@/components/dashboard/top-merchants'

The export presetRange was not found in module [project]/src/components/dashboard/period-selector.tsx [app-client] (ecmascript).
Did you mean to import PeriodSelector?
All exports of the module are statically known (It doesn't have dynamic exports). So it's known statically that the requested export doesn't exist.

Import traces:
  Client Component Browser:
    ./src/app/dashboard/page.tsx [Client Component Browser]
    ./src/app/dashboard/page.tsx [Server Component]

  Client Component SSR:
    ./src/app/dashboard/page.tsx [Client Component SSR]
    ./src/app/dashboard/page.tsx [Server Component]


    at <unknown> (Error: ./src/app/dashboard/page.tsx:8:1)
    at Object.getCompilationErrors (file://C:\Users\Najmi Briliant\vscode\finance-tracker\littlefinger\node_modules\next\dist\server\dev\hot-reloader-turbopack.js:1186:59)
    at DevBundlerService.getCompilationError (file://C:\Users\Najmi Briliant\vscode\finance-tracker\littlefinger\node_modules\next\dist\server\lib\dev-bundler-service.js:44:55)
    at DevServer.getCompilationError (file://C:\Users\Najmi Briliant\vscode\finance-tracker\littlefinger\node_modules\next\dist\server\dev\next-dev-server.js:720:42)
    at DevServer.findPageComponents (file://C:\Users\Najmi Briliant\vscode\finance-tracker\littlefinger\node_modules\next\dist\server\dev\next-dev-server.js:690:43)
    at async DevServer.renderErrorToResponseImpl (file://C:\Users\Najmi Briliant\vscode\finance-tracker\littlefinger\node_modules\next\dist\server\base-server.js:1753:26)
[  606470ms] [LOG] [HMR] connected @ http://localhost:3000/_next/static/chunks/node_modules_next_dist_20ud_8w._.js:1380
[  606473ms] [ERROR] ./src/app/dashboard/page.tsx:8:1
Export presetRange doesn't exist in target module
   6 | import { Select } from '@/components/ui/select'
   7 | import { StatCard } from '@/components/dashboard/stat-card'
>  8 | import {
     | ^^^^^^^
>  9 |   PeriodSelector,
     | ^^^^^^^^^^^^^^^^^
> 10 |   presetRange,
     | ^^^^^^^^^^^^^^
> 11 |   type PeriodPreset,
     | ^^^^^^^^^^^^^^^^^^^^
> 12 | } from '@/components/dashboard/period-selector'
     | ^^^^^^^^^^^^^^^^^^^^^^^^^^^^^^^^^^^^^^^^^^^^^^^
  13 | import { SpendingTrend } from '@/components/dashboard/spending-trend'
  14 | import { CategoryBreakdown } from '@/components/dashboard/category-breakdown'
  15 | import { TopMerchants } from '@/components/dashboard/top-merchants'

The export presetRange was not found in module [project]/src/components/dashboard/period-selector.tsx [app-client] (ecmascript).
Did you mean to import PeriodSelector?
All exports of the module are statically known (It doesn't have dynamic exports). So it's known statically that the requested export doesn't exist.

Import traces:
  Client Component Browser:
    ./src/app/dashboard/page.tsx [Client Component Browser]
    ./src/app/dashboard/page.tsx [Server Component]

  Client Component SSR:
    ./src/app/dashboard/page.tsx [Client Component SSR]
    ./src/app/dashboard/page.tsx [Server Component] @ http://localhost:3000/_next/static/chunks/node_modules_next_dist_20ud_8w._.js:2099
[  606474ms] [ERROR] ./src/app/dashboard/page.tsx:8:1
Export presetRange doesn't exist in target module
   6 | import { Select } from '@/components/ui/select'
   7 | import { StatCard } from '@/components/dashboard/stat-card'
>  8 | import {
     | ^^^^^^^
>  9 |   PeriodSelector,
     | ^^^^^^^^^^^^^^^^^
> 10 |   presetRange,
     | ^^^^^^^^^^^^^^
> 11 |   type PeriodPreset,
     | ^^^^^^^^^^^^^^^^^^^^
> 12 | } from '@/components/dashboard/period-selector'
     | ^^^^^^^^^^^^^^^^^^^^^^^^^^^^^^^^^^^^^^^^^^^^^^^
  13 | import { SpendingTrend } from '@/components/dashboard/spending-trend'
  14 | import { CategoryBreakdown } from '@/components/dashboard/category-breakdown'
  15 | import { TopMerchants } from '@/components/dashboard/top-merchants'

The export presetRange was not found in module [project]/src/components/dashboard/period-selector.tsx [app-ssr] (ecmascript).
Did you mean to import PeriodSelector?
All exports of the module are statically known (It doesn't have dynamic exports). So it's known statically that the requested export doesn't exist.

Import traces:
  Client Component Browser:
    ./src/app/dashboard/page.tsx [Client Component Browser]
    ./src/app/dashboard/page.tsx [Server Component]

  Client Component SSR:
    ./src/app/dashboard/page.tsx [Client Component SSR]
    ./src/app/dashboard/page.tsx [Server Component] @ http://localhost:3000/_next/static/chunks/node_modules_next_dist_20ud_8w._.js:2099
[  606534ms] [ERROR] ./src/app/dashboard/page.tsx:8:1
Export presetRange doesn't exist in target module
   6 | import { Select } from '@/components/ui/select'
   7 | import { StatCard } from '@/components/dashboard/stat-card'
>  8 | import {
     | ^^^^^^^
>  9 |   PeriodSelector,
     | ^^^^^^^^^^^^^^^^^
> 10 |   presetRange,
     | ^^^^^^^^^^^^^^
> 11 |   type PeriodPreset,
     | ^^^^^^^^^^^^^^^^^^^^
> 12 | } from '@/components/dashboard/period-selector'
     | ^^^^^^^^^^^^^^^^^^^^^^^^^^^^^^^^^^^^^^^^^^^^^^^
  13 | import { SpendingTrend } from '@/components/dashboard/spending-trend'
  14 | import { CategoryBreakdown } from '@/components/dashboard/category-breakdown'
  15 | import { TopMerchants } from '@/components/dashboard/top-merchants'

The export presetRange was not found in module [project]/src/components/dashboard/period-selector.tsx [app-client] (ecmascript).
Did you mean to import PeriodSelector?
All exports of the module are statically known (It doesn't have dynamic exports). So it's known statically that the requested export doesn't exist.

Import traces:
  Client Component Browser:
    ./src/app/dashboard/page.tsx [Client Component Browser]
    ./src/app/dashboard/page.tsx [Server Component]

  Client Component SSR:
    ./src/app/dashboard/page.tsx [Client Component SSR]
    ./src/app/dashboard/page.tsx [Server Component] @ http://localhost:3000/_next/static/chunks/node_modules_next_dist_20ud_8w._.js:2099
[  606534ms] [ERROR] ./src/app/dashboard/page.tsx:8:1
Export presetRange doesn't exist in target module
   6 | import { Select } from '@/components/ui/select'
   7 | import { StatCard } from '@/components/dashboard/stat-card'
>  8 | import {
     | ^^^^^^^
>  9 |   PeriodSelector,
     | ^^^^^^^^^^^^^^^^^
> 10 |   presetRange,
     | ^^^^^^^^^^^^^^
> 11 |   type PeriodPreset,
     | ^^^^^^^^^^^^^^^^^^^^
> 12 | } from '@/components/dashboard/period-selector'
     | ^^^^^^^^^^^^^^^^^^^^^^^^^^^^^^^^^^^^^^^^^^^^^^^
  13 | import { SpendingTrend } from '@/components/dashboard/spending-trend'
  14 | import { CategoryBreakdown } from '@/components/dashboard/category-breakdown'
  15 | import { TopMerchants } from '@/components/dashboard/top-merchants'

The export presetRange was not found in module [project]/src/components/dashboard/period-selector.tsx [app-ssr] (ecmascript).
Did you mean to import PeriodSelector?
All exports of the module are statically known (It doesn't have dynamic exports). So it's known statically that the requested export doesn't exist.

Import traces:
  Client Component Browser:
    ./src/app/dashboard/page.tsx [Client Component Browser]
    ./src/app/dashboard/page.tsx [Server Component]

  Client Component SSR:
    ./src/app/dashboard/page.tsx [Client Component SSR]
    ./src/app/dashboard/page.tsx [Server Component] @ http://localhost:3000/_next/static/chunks/node_modules_next_dist_20ud_8w._.js:2099
[  606597ms] [ERROR] ./src/app/dashboard/page.tsx:8:1
Export presetRange doesn't exist in target module
   6 | import { Select } from '@/components/ui/select'
   7 | import { StatCard } from '@/components/dashboard/stat-card'
>  8 | import {
     | ^^^^^^^
>  9 |   PeriodSelector,
     | ^^^^^^^^^^^^^^^^^
> 10 |   presetRange,
     | ^^^^^^^^^^^^^^
> 11 |   type PeriodPreset,
     | ^^^^^^^^^^^^^^^^^^^^
> 12 | } from '@/components/dashboard/period-selector'
     | ^^^^^^^^^^^^^^^^^^^^^^^^^^^^^^^^^^^^^^^^^^^^^^^
  13 | import { SpendingTrend } from '@/components/dashboard/spending-trend'
  14 | import { CategoryBreakdown } from '@/components/dashboard/category-breakdown'
  15 | import { TopMerchants } from '@/components/dashboard/top-merchants'

The export presetRange was not found in module [project]/src/components/dashboard/period-selector.tsx [app-client] (ecmascript).
Did you mean to import PeriodSelector?
All exports of the module are statically known (It doesn't have dynamic exports). So it's known statically that the requested export doesn't exist.

Import traces:
  Client Component Browser:
    ./src/app/dashboard/page.tsx [Client Component Browser]
    ./src/app/dashboard/page.tsx [Server Component]

  Client Component SSR:
    ./src/app/dashboard/page.tsx [Client Component SSR]
    ./src/app/dashboard/page.tsx [Server Component] @ http://localhost:3000/_next/static/chunks/node_modules_next_dist_20ud_8w._.js:2099
[  606597ms] [ERROR] ./src/app/dashboard/page.tsx:8:1
Export presetRange doesn't exist in target module
   6 | import { Select } from '@/components/ui/select'
   7 | import { StatCard } from '@/components/dashboard/stat-card'
>  8 | import {
     | ^^^^^^^
>  9 |   PeriodSelector,
     | ^^^^^^^^^^^^^^^^^
> 10 |   presetRange,
     | ^^^^^^^^^^^^^^
> 11 |   type PeriodPreset,
     | ^^^^^^^^^^^^^^^^^^^^
> 12 | } from '@/components/dashboard/period-selector'
     | ^^^^^^^^^^^^^^^^^^^^^^^^^^^^^^^^^^^^^^^^^^^^^^^
  13 | import { SpendingTrend } from '@/components/dashboard/spending-trend'
  14 | import { CategoryBreakdown } from '@/components/dashboard/category-breakdown'
  15 | import { TopMerchants } from '@/components/dashboard/top-merchants'

The export presetRange was not found in module [project]/src/components/dashboard/period-selector.tsx [app-ssr] (ecmascript).
Did you mean to import PeriodSelector?
All exports of the module are statically known (It doesn't have dynamic exports). So it's known statically that the requested export doesn't exist.

Import traces:
  Client Component Browser:
    ./src/app/dashboard/page.tsx [Client Component Browser]
    ./src/app/dashboard/page.tsx [Server Component]

  Client Component SSR:
    ./src/app/dashboard/page.tsx [Client Component SSR]
    ./src/app/dashboard/page.tsx [Server Component] @ http://localhost:3000/_next/static/chunks/node_modules_next_dist_20ud_8w._.js:2099
[  606659ms] [ERROR] ./src/app/dashboard/page.tsx:8:1
Export presetRange doesn't exist in target module
   6 | import { Select } from '@/components/ui/select'
   7 | import { StatCard } from '@/components/dashboard/stat-card'
>  8 | import {
     | ^^^^^^^
>  9 |   PeriodSelector,
     | ^^^^^^^^^^^^^^^^^
> 10 |   presetRange,
     | ^^^^^^^^^^^^^^
> 11 |   type PeriodPreset,
     | ^^^^^^^^^^^^^^^^^^^^
> 12 | } from '@/components/dashboard/period-selector'
     | ^^^^^^^^^^^^^^^^^^^^^^^^^^^^^^^^^^^^^^^^^^^^^^^
  13 | import { SpendingTrend } from '@/components/dashboard/spending-trend'
  14 | import { CategoryBreakdown } from '@/components/dashboard/category-breakdown'
  15 | import { TopMerchants } from '@/components/dashboard/top-merchants'

The export presetRange was not found in module [project]/src/components/dashboard/period-selector.tsx [app-client] (ecmascript).
Did you mean to import PeriodSelector?
All exports of the module are statically known (It doesn't have dynamic exports). So it's known statically that the requested export doesn't exist.

Import traces:
  Client Component Browser:
    ./src/app/dashboard/page.tsx [Client Component Browser]
    ./src/app/dashboard/page.tsx [Server Component]

  Client Component SSR:
    ./src/app/dashboard/page.tsx [Client Component SSR]
    ./src/app/dashboard/page.tsx [Server Component] @ http://localhost:3000/_next/static/chunks/node_modules_next_dist_20ud_8w._.js:2099
[  606659ms] [ERROR] ./src/app/dashboard/page.tsx:8:1
Export presetRange doesn't exist in target module
   6 | import { Select } from '@/components/ui/select'
   7 | import { StatCard } from '@/components/dashboard/stat-card'
>  8 | import {
     | ^^^^^^^
>  9 |   PeriodSelector,
     | ^^^^^^^^^^^^^^^^^
> 10 |   presetRange,
     | ^^^^^^^^^^^^^^
> 11 |   type PeriodPreset,
     | ^^^^^^^^^^^^^^^^^^^^
> 12 | } from '@/components/dashboard/period-selector'
     | ^^^^^^^^^^^^^^^^^^^^^^^^^^^^^^^^^^^^^^^^^^^^^^^
  13 | import { SpendingTrend } from '@/components/dashboard/spending-trend'
  14 | import { CategoryBreakdown } from '@/components/dashboard/category-breakdown'
  15 | import { TopMerchants } from '@/components/dashboard/top-merchants'

The export presetRange was not found in module [project]/src/components/dashboard/period-selector.tsx [app-ssr] (ecmascript).
Did you mean to import PeriodSelector?
All exports of the module are statically known (It doesn't have dynamic exports). So it's known statically that the requested export doesn't exist.

Import traces:
  Client Component Browser:
    ./src/app/dashboard/page.tsx [Client Component Browser]
    ./src/app/dashboard/page.tsx [Server Component]

  Client Component SSR:
    ./src/app/dashboard/page.tsx [Client Component SSR]
    ./src/app/dashboard/page.tsx [Server Component] @ http://localhost:3000/_next/static/chunks/node_modules_next_dist_20ud_8w._.js:2099
[  606722ms] [ERROR] ./src/app/dashboard/page.tsx:8:1
Export presetRange doesn't exist in target module
   6 | import { Select } from '@/components/ui/select'
   7 | import { StatCard } from '@/components/dashboard/stat-card'
>  8 | import {
     | ^^^^^^^
>  9 |   PeriodSelector,
     | ^^^^^^^^^^^^^^^^^
> 10 |   presetRange,
     | ^^^^^^^^^^^^^^
> 11 |   type PeriodPreset,
     | ^^^^^^^^^^^^^^^^^^^^
> 12 | } from '@/components/dashboard/period-selector'
     | ^^^^^^^^^^^^^^^^^^^^^^^^^^^^^^^^^^^^^^^^^^^^^^^
  13 | import { SpendingTrend } from '@/components/dashboard/spending-trend'
  14 | import { CategoryBreakdown } from '@/components/dashboard/category-breakdown'
  15 | import { TopMerchants } from '@/components/dashboard/top-merchants'

The export presetRange was not found in module [project]/src/components/dashboard/period-selector.tsx [app-client] (ecmascript).
Did you mean to import PeriodSelector?
All exports of the module are statically known (It doesn't have dynamic exports). So it's known statically that the requested export doesn't exist.

Import traces:
  Client Component Browser:
    ./src/app/dashboard/page.tsx [Client Component Browser]
    ./src/app/dashboard/page.tsx [Server Component]

  Client Component SSR:
    ./src/app/dashboard/page.tsx [Client Component SSR]
    ./src/app/dashboard/page.tsx [Server Component] @ http://localhost:3000/_next/static/chunks/node_modules_next_dist_20ud_8w._.js:2099
[  606722ms] [ERROR] ./src/app/dashboard/page.tsx:8:1
Export presetRange doesn't exist in target module
   6 | import { Select } from '@/components/ui/select'
   7 | import { StatCard } from '@/components/dashboard/stat-card'
>  8 | import {
     | ^^^^^^^
>  9 |   PeriodSelector,
     | ^^^^^^^^^^^^^^^^^
> 10 |   presetRange,
     | ^^^^^^^^^^^^^^
> 11 |   type PeriodPreset,
     | ^^^^^^^^^^^^^^^^^^^^
> 12 | } from '@/components/dashboard/period-selector'
     | ^^^^^^^^^^^^^^^^^^^^^^^^^^^^^^^^^^^^^^^^^^^^^^^
  13 | import { SpendingTrend } from '@/components/dashboard/spending-trend'
  14 | import { CategoryBreakdown } from '@/components/dashboard/category-breakdown'
  15 | import { TopMerchants } from '@/components/dashboard/top-merchants'

The export presetRange was not found in module [project]/src/components/dashboard/period-selector.tsx [app-ssr] (ecmascript).
Did you mean to import PeriodSelector?
All exports of the module are statically known (It doesn't have dynamic exports). So it's known statically that the requested export doesn't exist.

Import traces:
  Client Component Browser:
    ./src/app/dashboard/page.tsx [Client Component Browser]
    ./src/app/dashboard/page.tsx [Server Component]

  Client Component SSR:
    ./src/app/dashboard/page.tsx [Client Component SSR]
    ./src/app/dashboard/page.tsx [Server Component] @ http://localhost:3000/_next/static/chunks/node_modules_next_dist_20ud_8w._.js:2099
[  606784ms] [ERROR] ./src/app/dashboard/page.tsx:8:1
Export presetRange doesn't exist in target module
   6 | import { Select } from '@/components/ui/select'
   7 | import { StatCard } from '@/components/dashboard/stat-card'
>  8 | import {
     | ^^^^^^^
>  9 |   PeriodSelector,
     | ^^^^^^^^^^^^^^^^^
> 10 |   presetRange,
     | ^^^^^^^^^^^^^^
> 11 |   type PeriodPreset,
     | ^^^^^^^^^^^^^^^^^^^^
> 12 | } from '@/components/dashboard/period-selector'
     | ^^^^^^^^^^^^^^^^^^^^^^^^^^^^^^^^^^^^^^^^^^^^^^^
  13 | import { SpendingTrend } from '@/components/dashboard/spending-trend'
  14 | import { CategoryBreakdown } from '@/components/dashboard/category-breakdown'
  15 | import { TopMerchants } from '@/components/dashboard/top-merchants'

The export presetRange was not found in module [project]/src/components/dashboard/period-selector.tsx [app-client] (ecmascript).
Did you mean to import PeriodSelector?
All exports of the module are statically known (It doesn't have dynamic exports). So it's known statically that the requested export doesn't exist.

Import traces:
  Client Component Browser:
    ./src/app/dashboard/page.tsx [Client Component Browser]
    ./src/app/dashboard/page.tsx [Server Component]

  Client Component SSR:
    ./src/app/dashboard/page.tsx [Client Component SSR]
    ./src/app/dashboard/page.tsx [Server Component] @ http://localhost:3000/_next/static/chunks/node_modules_next_dist_20ud_8w._.js:2099
[  606784ms] [ERROR] ./src/app/dashboard/page.tsx:8:1
Export presetRange doesn't exist in target module
   6 | import { Select } from '@/components/ui/select'
   7 | import { StatCard } from '@/components/dashboard/stat-card'
>  8 | import {
     | ^^^^^^^
>  9 |   PeriodSelector,
     | ^^^^^^^^^^^^^^^^^
> 10 |   presetRange,
     | ^^^^^^^^^^^^^^
> 11 |   type PeriodPreset,
     | ^^^^^^^^^^^^^^^^^^^^
> 12 | } from '@/components/dashboard/period-selector'
     | ^^^^^^^^^^^^^^^^^^^^^^^^^^^^^^^^^^^^^^^^^^^^^^^
  13 | import { SpendingTrend } from '@/components/dashboard/spending-trend'
  14 | import { CategoryBreakdown } from '@/components/dashboard/category-breakdown'
  15 | import { TopMerchants } from '@/components/dashboard/top-merchants'

The export presetRange was not found in module [project]/src/components/dashboard/period-selector.tsx [app-ssr] (ecmascript).
Did you mean to import PeriodSelector?
All exports of the module are statically known (It doesn't have dynamic exports). So it's known statically that the requested export doesn't exist.

Import traces:
  Client Component Browser:
    ./src/app/dashboard/page.tsx [Client Component Browser]
    ./src/app/dashboard/page.tsx [Server Component]

  Client Component SSR:
    ./src/app/dashboard/page.tsx [Client Component SSR]
    ./src/app/dashboard/page.tsx [Server Component] @ http://localhost:3000/_next/static/chunks/node_modules_next_dist_20ud_8w._.js:2099
[  606847ms] [ERROR] ./src/app/dashboard/page.tsx:8:1
Export presetRange doesn't exist in target module
   6 | import { Select } from '@/components/ui/select'
   7 | import { StatCard } from '@/components/dashboard/stat-card'
>  8 | import {
     | ^^^^^^^
>  9 |   PeriodSelector,
     | ^^^^^^^^^^^^^^^^^
> 10 |   presetRange,
     | ^^^^^^^^^^^^^^
> 11 |   type PeriodPreset,
     | ^^^^^^^^^^^^^^^^^^^^
> 12 | } from '@/components/dashboard/period-selector'
     | ^^^^^^^^^^^^^^^^^^^^^^^^^^^^^^^^^^^^^^^^^^^^^^^
  13 | import { SpendingTrend } from '@/components/dashboard/spending-trend'
  14 | import { CategoryBreakdown } from '@/components/dashboard/category-breakdown'
  15 | import { TopMerchants } from '@/components/dashboard/top-merchants'

The export presetRange was not found in module [project]/src/components/dashboard/period-selector.tsx [app-client] (ecmascript).
Did you mean to import PeriodSelector?
All exports of the module are statically known (It doesn't have dynamic exports). So it's known statically that the requested export doesn't exist.

Import traces:
  Client Component Browser:
    ./src/app/dashboard/page.tsx [Client Component Browser]
    ./src/app/dashboard/page.tsx [Server Component]

  Client Component SSR:
    ./src/app/dashboard/page.tsx [Client Component SSR]
    ./src/app/dashboard/page.tsx [Server Component] @ http://localhost:3000/_next/static/chunks/node_modules_next_dist_20ud_8w._.js:2099
[  606848ms] [ERROR] ./src/app/dashboard/page.tsx:8:1
Export presetRange doesn't exist in target module
   6 | import { Select } from '@/components/ui/select'
   7 | import { StatCard } from '@/components/dashboard/stat-card'
>  8 | import {
     | ^^^^^^^
>  9 |   PeriodSelector,
     | ^^^^^^^^^^^^^^^^^
> 10 |   presetRange,
     | ^^^^^^^^^^^^^^
> 11 |   type PeriodPreset,
     | ^^^^^^^^^^^^^^^^^^^^
> 12 | } from '@/components/dashboard/period-selector'
     | ^^^^^^^^^^^^^^^^^^^^^^^^^^^^^^^^^^^^^^^^^^^^^^^
  13 | import { SpendingTrend } from '@/components/dashboard/spending-trend'
  14 | import { CategoryBreakdown } from '@/components/dashboard/category-breakdown'
  15 | import { TopMerchants } from '@/components/dashboard/top-merchants'

The export presetRange was not found in module [project]/src/components/dashboard/period-selector.tsx [app-ssr] (ecmascript).
Did you mean to import PeriodSelector?
All exports of the module are statically known (It doesn't have dynamic exports). So it's known statically that the requested export doesn't exist.

Import traces:
  Client Component Browser:
    ./src/app/dashboard/page.tsx [Client Component Browser]
    ./src/app/dashboard/page.tsx [Server Component]

  Client Component SSR:
    ./src/app/dashboard/page.tsx [Client Component SSR]
    ./src/app/dashboard/page.tsx [Server Component] @ http://localhost:3000/_next/static/chunks/node_modules_next_dist_20ud_8w._.js:2099
[  606910ms] [ERROR] ./src/app/dashboard/page.tsx:8:1
Export presetRange doesn't exist in target module
   6 | import { Select } from '@/components/ui/select'
   7 | import { StatCard } from '@/components/dashboard/stat-card'
>  8 | import {
     | ^^^^^^^
>  9 |   PeriodSelector,
     | ^^^^^^^^^^^^^^^^^
> 10 |   presetRange,
     | ^^^^^^^^^^^^^^
> 11 |   type PeriodPreset,
     | ^^^^^^^^^^^^^^^^^^^^
> 12 | } from '@/components/dashboard/period-selector'
     | ^^^^^^^^^^^^^^^^^^^^^^^^^^^^^^^^^^^^^^^^^^^^^^^
  13 | import { SpendingTrend } from '@/components/dashboard/spending-trend'
  14 | import { CategoryBreakdown } from '@/components/dashboard/category-breakdown'
  15 | import { TopMerchants } from '@/components/dashboard/top-merchants'

The export presetRange was not found in module [project]/src/components/dashboard/period-selector.tsx [app-client] (ecmascript).
Did you mean to import PeriodSelector?
All exports of the module are statically known (It doesn't have dynamic exports). So it's known statically that the requested export doesn't exist.

Import traces:
  Client Component Browser:
    ./src/app/dashboard/page.tsx [Client Component Browser]
    ./src/app/dashboard/page.tsx [Server Component]

  Client Component SSR:
    ./src/app/dashboard/page.tsx [Client Component SSR]
    ./src/app/dashboard/page.tsx [Server Component] @ http://localhost:3000/_next/static/chunks/node_modules_next_dist_20ud_8w._.js:2099
[  606910ms] [ERROR] ./src/app/dashboard/page.tsx:8:1
Export presetRange doesn't exist in target module
   6 | import { Select } from '@/components/ui/select'
   7 | import { StatCard } from '@/components/dashboard/stat-card'
>  8 | import {
     | ^^^^^^^
>  9 |   PeriodSelector,
     | ^^^^^^^^^^^^^^^^^
> 10 |   presetRange,
     | ^^^^^^^^^^^^^^
> 11 |   type PeriodPreset,
     | ^^^^^^^^^^^^^^^^^^^^
> 12 | } from '@/components/dashboard/period-selector'
     | ^^^^^^^^^^^^^^^^^^^^^^^^^^^^^^^^^^^^^^^^^^^^^^^
  13 | import { SpendingTrend } from '@/components/dashboard/spending-trend'
  14 | import { CategoryBreakdown } from '@/components/dashboard/category-breakdown'
  15 | import { TopMerchants } from '@/components/dashboard/top-merchants'

The export presetRange was not found in module [project]/src/components/dashboard/period-selector.tsx [app-ssr] (ecmascript).
Did you mean to import PeriodSelector?
All exports of the module are statically known (It doesn't have dynamic exports). So it's known statically that the requested export doesn't exist.

Import traces:
  Client Component Browser:
    ./src/app/dashboard/page.tsx [Client Component Browser]
    ./src/app/dashboard/page.tsx [Server Component]

  Client Component SSR:
    ./src/app/dashboard/page.tsx [Client Component SSR]
    ./src/app/dashboard/page.tsx [Server Component] @ http://localhost:3000/_next/static/chunks/node_modules_next_dist_20ud_8w._.js:2099
[  606973ms] [ERROR] ./src/app/dashboard/page.tsx:8:1
Export presetRange doesn't exist in target module
   6 | import { Select } from '@/components/ui/select'
   7 | import { StatCard } from '@/components/dashboard/stat-card'
>  8 | import {
     | ^^^^^^^
>  9 |   PeriodSelector,
     | ^^^^^^^^^^^^^^^^^
> 10 |   presetRange,
     | ^^^^^^^^^^^^^^
> 11 |   type PeriodPreset,
     | ^^^^^^^^^^^^^^^^^^^^
> 12 | } from '@/components/dashboard/period-selector'
     | ^^^^^^^^^^^^^^^^^^^^^^^^^^^^^^^^^^^^^^^^^^^^^^^
  13 | import { SpendingTrend } from '@/components/dashboard/spending-trend'
  14 | import { CategoryBreakdown } from '@/components/dashboard/category-breakdown'
  15 | import { TopMerchants } from '@/components/dashboard/top-merchants'

The export presetRange was not found in module [project]/src/components/dashboard/period-selector.tsx [app-client] (ecmascript).
Did you mean to import PeriodSelector?
All exports of the module are statically known (It doesn't have dynamic exports). So it's known statically that the requested export doesn't exist.

Import traces:
  Client Component Browser:
    ./src/app/dashboard/page.tsx [Client Component Browser]
    ./src/app/dashboard/page.tsx [Server Component]

  Client Component SSR:
    ./src/app/dashboard/page.tsx [Client Component SSR]
    ./src/app/dashboard/page.tsx [Server Component] @ http://localhost:3000/_next/static/chunks/node_modules_next_dist_20ud_8w._.js:2099
[  606973ms] [ERROR] ./src/app/dashboard/page.tsx:8:1
Export presetRange doesn't exist in target module
   6 | import { Select } from '@/components/ui/select'
   7 | import { StatCard } from '@/components/dashboard/stat-card'
>  8 | import {
     | ^^^^^^^
>  9 |   PeriodSelector,
     | ^^^^^^^^^^^^^^^^^
> 10 |   presetRange,
     | ^^^^^^^^^^^^^^
> 11 |   type PeriodPreset,
     | ^^^^^^^^^^^^^^^^^^^^
> 12 | } from '@/components/dashboard/period-selector'
     | ^^^^^^^^^^^^^^^^^^^^^^^^^^^^^^^^^^^^^^^^^^^^^^^
  13 | import { SpendingTrend } from '@/components/dashboard/spending-trend'
  14 | import { CategoryBreakdown } from '@/components/dashboard/category-breakdown'
  15 | import { TopMerchants } from '@/components/dashboard/top-merchants'

The export presetRange was not found in module [project]/src/components/dashboard/period-selector.tsx [app-ssr] (ecmascript).
Did you mean to import PeriodSelector?
All exports of the module are statically known (It doesn't have dynamic exports). So it's known statically that the requested export doesn't exist.

Import traces:
  Client Component Browser:
    ./src/app/dashboard/page.tsx [Client Component Browser]
    ./src/app/dashboard/page.tsx [Server Component]

  Client Component SSR:
    ./src/app/dashboard/page.tsx [Client Component SSR]
    ./src/app/dashboard/page.tsx [Server Component] @ http://localhost:3000/_next/static/chunks/node_modules_next_dist_20ud_8w._.js:2099
[  607036ms] [ERROR] ./src/app/dashboard/page.tsx:8:1
Export presetRange doesn't exist in target module
   6 | import { Select } from '@/components/ui/select'
   7 | import { StatCard } from '@/components/dashboard/stat-card'
>  8 | import {
     | ^^^^^^^
>  9 |   PeriodSelector,
     | ^^^^^^^^^^^^^^^^^
> 10 |   presetRange,
     | ^^^^^^^^^^^^^^
> 11 |   type PeriodPreset,
     | ^^^^^^^^^^^^^^^^^^^^
> 12 | } from '@/components/dashboard/period-selector'
     | ^^^^^^^^^^^^^^^^^^^^^^^^^^^^^^^^^^^^^^^^^^^^^^^
  13 | import { SpendingTrend } from '@/components/dashboard/spending-trend'
  14 | import { CategoryBreakdown } from '@/components/dashboard/category-breakdown'
  15 | import { TopMerchants } from '@/components/dashboard/top-merchants'

The export presetRange was not found in module [project]/src/components/dashboard/period-selector.tsx [app-client] (ecmascript).
Did you mean to import PeriodSelector?
All exports of the module are statically known (It doesn't have dynamic exports). So it's known statically that the requested export doesn't exist.

Import traces:
  Client Component Browser:
    ./src/app/dashboard/page.tsx [Client Component Browser]
    ./src/app/dashboard/page.tsx [Server Component]

  Client Component SSR:
    ./src/app/dashboard/page.tsx [Client Component SSR]
    ./src/app/dashboard/page.tsx [Server Component] @ http://localhost:3000/_next/static/chunks/node_modules_next_dist_20ud_8w._.js:2099
[  607036ms] [ERROR] ./src/app/dashboard/page.tsx:8:1
Export presetRange doesn't exist in target module
   6 | import { Select } from '@/components/ui/select'
   7 | import { StatCard } from '@/components/dashboard/stat-card'
>  8 | import {
     | ^^^^^^^
>  9 |   PeriodSelector,
     | ^^^^^^^^^^^^^^^^^
> 10 |   presetRange,
     | ^^^^^^^^^^^^^^
> 11 |   type PeriodPreset,
     | ^^^^^^^^^^^^^^^^^^^^
> 12 | } from '@/components/dashboard/period-selector'
     | ^^^^^^^^^^^^^^^^^^^^^^^^^^^^^^^^^^^^^^^^^^^^^^^
  13 | import { SpendingTrend } from '@/components/dashboard/spending-trend'
  14 | import { CategoryBreakdown } from '@/components/dashboard/category-breakdown'
  15 | import { TopMerchants } from '@/components/dashboard/top-merchants'

The export presetRange was not found in module [project]/src/components/dashboard/period-selector.tsx [app-ssr] (ecmascript).
Did you mean to import PeriodSelector?
All exports of the module are statically known (It doesn't have dynamic exports). So it's known statically that the requested export doesn't exist.

Import traces:
  Client Component Browser:
    ./src/app/dashboard/page.tsx [Client Component Browser]
    ./src/app/dashboard/page.tsx [Server Component]

  Client Component SSR:
    ./src/app/dashboard/page.tsx [Client Component SSR]
    ./src/app/dashboard/page.tsx [Server Component] @ http://localhost:3000/_next/static/chunks/node_modules_next_dist_20ud_8w._.js:2099
[  607097ms] [ERROR] ./src/app/dashboard/page.tsx:8:1
Export presetRange doesn't exist in target module
   6 | import { Select } from '@/components/ui/select'
   7 | import { StatCard } from '@/components/dashboard/stat-card'
>  8 | import {
     | ^^^^^^^
>  9 |   PeriodSelector,
     | ^^^^^^^^^^^^^^^^^
> 10 |   presetRange,
     | ^^^^^^^^^^^^^^
> 11 |   type PeriodPreset,
     | ^^^^^^^^^^^^^^^^^^^^
> 12 | } from '@/components/dashboard/period-selector'
     | ^^^^^^^^^^^^^^^^^^^^^^^^^^^^^^^^^^^^^^^^^^^^^^^
  13 | import { SpendingTrend } from '@/components/dashboard/spending-trend'
  14 | import { CategoryBreakdown } from '@/components/dashboard/category-breakdown'
  15 | import { TopMerchants } from '@/components/dashboard/top-merchants'

The export presetRange was not found in module [project]/src/components/dashboard/period-selector.tsx [app-client] (ecmascript).
Did you mean to import PeriodSelector?
All exports of the module are statically known (It doesn't have dynamic exports). So it's known statically that the requested export doesn't exist.

Import traces:
  Client Component Browser:
    ./src/app/dashboard/page.tsx [Client Component Browser]
    ./src/app/dashboard/page.tsx [Server Component]

  Client Component SSR:
    ./src/app/dashboard/page.tsx [Client Component SSR]
    ./src/app/dashboard/page.tsx [Server Component] @ http://localhost:3000/_next/static/chunks/node_modules_next_dist_20ud_8w._.js:2099
[  607097ms] [ERROR] ./src/app/dashboard/page.tsx:8:1
Export presetRange doesn't exist in target module
   6 | import { Select } from '@/components/ui/select'
   7 | import { StatCard } from '@/components/dashboard/stat-card'
>  8 | import {
     | ^^^^^^^
>  9 |   PeriodSelector,
     | ^^^^^^^^^^^^^^^^^
> 10 |   presetRange,
     | ^^^^^^^^^^^^^^
> 11 |   type PeriodPreset,
     | ^^^^^^^^^^^^^^^^^^^^
> 12 | } from '@/components/dashboard/period-selector'
     | ^^^^^^^^^^^^^^^^^^^^^^^^^^^^^^^^^^^^^^^^^^^^^^^
  13 | import { SpendingTrend } from '@/components/dashboard/spending-trend'
  14 | import { CategoryBreakdown } from '@/components/dashboard/category-breakdown'
  15 | import { TopMerchants } from '@/components/dashboard/top-merchants'

The export presetRange was not found in module [project]/src/components/dashboard/period-selector.tsx [app-ssr] (ecmascript).
Did you mean to import PeriodSelector?
All exports of the module are statically known (It doesn't have dynamic exports). So it's known statically that the requested export doesn't exist.

Import traces:
  Client Component Browser:
    ./src/app/dashboard/page.tsx [Client Component Browser]
    ./src/app/dashboard/page.tsx [Server Component]

  Client Component SSR:
    ./src/app/dashboard/page.tsx [Client Component SSR]
    ./src/app/dashboard/page.tsx [Server Component] @ http://localhost:3000/_next/static/chunks/node_modules_next_dist_20ud_8w._.js:2099
[  607159ms] [ERROR] ./src/app/dashboard/page.tsx:8:1
Export presetRange doesn't exist in target module
   6 | import { Select } from '@/components/ui/select'
   7 | import { StatCard } from '@/components/dashboard/stat-card'
>  8 | import {
     | ^^^^^^^
>  9 |   PeriodSelector,
     | ^^^^^^^^^^^^^^^^^
> 10 |   presetRange,
     | ^^^^^^^^^^^^^^
> 11 |   type PeriodPreset,
     | ^^^^^^^^^^^^^^^^^^^^
> 12 | } from '@/components/dashboard/period-selector'
     | ^^^^^^^^^^^^^^^^^^^^^^^^^^^^^^^^^^^^^^^^^^^^^^^
  13 | import { SpendingTrend } from '@/components/dashboard/spending-trend'
  14 | import { CategoryBreakdown } from '@/components/dashboard/category-breakdown'
  15 | import { TopMerchants } from '@/components/dashboard/top-merchants'

The export presetRange was not found in module [project]/src/components/dashboard/period-selector.tsx [app-client] (ecmascript).
Did you mean to import PeriodSelector?
All exports of the module are statically known (It doesn't have dynamic exports). So it's known statically that the requested export doesn't exist.

Import traces:
  Client Component Browser:
    ./src/app/dashboard/page.tsx [Client Component Browser]
    ./src/app/dashboard/page.tsx [Server Component]

  Client Component SSR:
    ./src/app/dashboard/page.tsx [Client Component SSR]
    ./src/app/dashboard/page.tsx [Server Component] @ http://localhost:3000/_next/static/chunks/node_modules_next_dist_20ud_8w._.js:2099
[  607160ms] [ERROR] ./src/app/dashboard/page.tsx:8:1
Export presetRange doesn't exist in target module
   6 | import { Select } from '@/components/ui/select'
   7 | import { StatCard } from '@/components/dashboard/stat-card'
>  8 | import {
     | ^^^^^^^
>  9 |   PeriodSelector,
     | ^^^^^^^^^^^^^^^^^
> 10 |   presetRange,
     | ^^^^^^^^^^^^^^
> 11 |   type PeriodPreset,
     | ^^^^^^^^^^^^^^^^^^^^
> 12 | } from '@/components/dashboard/period-selector'
     | ^^^^^^^^^^^^^^^^^^^^^^^^^^^^^^^^^^^^^^^^^^^^^^^
  13 | import { SpendingTrend } from '@/components/dashboard/spending-trend'
  14 | import { CategoryBreakdown } from '@/components/dashboard/category-breakdown'
  15 | import { TopMerchants } from '@/components/dashboard/top-merchants'

The export presetRange was not found in module [project]/src/components/dashboard/period-selector.tsx [app-ssr] (ecmascript).
Did you mean to import PeriodSelector?
All exports of the module are statically known (It doesn't have dynamic exports). So it's known statically that the requested export doesn't exist.

Import traces:
  Client Component Browser:
    ./src/app/dashboard/page.tsx [Client Component Browser]
    ./src/app/dashboard/page.tsx [Server Component]

  Client Component SSR:
    ./src/app/dashboard/page.tsx [Client Component SSR]
    ./src/app/dashboard/page.tsx [Server Component] @ http://localhost:3000/_next/static/chunks/node_modules_next_dist_20ud_8w._.js:2099
[  607211ms] [ERROR] ./src/app/dashboard/page.tsx:8:1
Export presetRange doesn't exist in target module
   6 | import { Select } from '@/components/ui/select'
   7 | import { StatCard } from '@/components/dashboard/stat-card'
>  8 | import {
     | ^^^^^^^
>  9 |   PeriodSelector,
     | ^^^^^^^^^^^^^^^^^
> 10 |   presetRange,
     | ^^^^^^^^^^^^^^
> 11 |   type PeriodPreset,
     | ^^^^^^^^^^^^^^^^^^^^
> 12 | } from '@/components/dashboard/period-selector'
     | ^^^^^^^^^^^^^^^^^^^^^^^^^^^^^^^^^^^^^^^^^^^^^^^
  13 | import { SpendingTrend } from '@/components/dashboard/spending-trend'
  14 | import { CategoryBreakdown } from '@/components/dashboard/category-breakdown'
  15 | import { TopMerchants } from '@/components/dashboard/top-merchants'

The export presetRange was not found in module [project]/src/components/dashboard/period-selector.tsx [app-client] (ecmascript).
Did you mean to import PeriodSelector?
All exports of the module are statically known (It doesn't have dynamic exports). So it's known statically that the requested export doesn't exist.

Import traces:
  Client Component Browser:
    ./src/app/dashboard/page.tsx [Client Component Browser]
    ./src/app/dashboard/page.tsx [Server Component]

  Client Component SSR:
    ./src/app/dashboard/page.tsx [Client Component SSR]
    ./src/app/dashboard/page.tsx [Server Component] @ http://localhost:3000/_next/static/chunks/node_modules_next_dist_20ud_8w._.js:2099
[  607212ms] [ERROR] ./src/app/dashboard/page.tsx:8:1
Export presetRange doesn't exist in target module
   6 | import { Select } from '@/components/ui/select'
   7 | import { StatCard } from '@/components/dashboard/stat-card'
>  8 | import {
     | ^^^^^^^
>  9 |   PeriodSelector,
     | ^^^^^^^^^^^^^^^^^
> 10 |   presetRange,
     | ^^^^^^^^^^^^^^
> 11 |   type PeriodPreset,
     | ^^^^^^^^^^^^^^^^^^^^
> 12 | } from '@/components/dashboard/period-selector'
     | ^^^^^^^^^^^^^^^^^^^^^^^^^^^^^^^^^^^^^^^^^^^^^^^
  13 | import { SpendingTrend } from '@/components/dashboard/spending-trend'
  14 | import { CategoryBreakdown } from '@/components/dashboard/category-breakdown'
  15 | import { TopMerchants } from '@/components/dashboard/top-merchants'

The export presetRange was not found in module [project]/src/components/dashboard/period-selector.tsx [app-ssr] (ecmascript).
Did you mean to import PeriodSelector?
All exports of the module are statically known (It doesn't have dynamic exports). So it's known statically that the requested export doesn't exist.

Import traces:
  Client Component Browser:
    ./src/app/dashboard/page.tsx [Client Component Browser]
    ./src/app/dashboard/page.tsx [Server Component]

  Client Component SSR:
    ./src/app/dashboard/page.tsx [Client Component SSR]
    ./src/app/dashboard/page.tsx [Server Component] @ http://localhost:3000/_next/static/chunks/node_modules_next_dist_20ud_8w._.js:2099
[  607301ms] [LOG] [Fast Refresh] rebuilding @ http://localhost:3000/_next/static/chunks/node_modules_next_dist_20ud_8w._.js:1380
[  607425ms] [ERROR] ./src/app/dashboard/page.tsx:8:1
Export presetRange doesn't exist in target module
   6 | import { Select } from '@/components/ui/select'
   7 | import { StatCard } from '@/components/dashboard/stat-card'
>  8 | import {
     | ^^^^^^^
>  9 |   PeriodSelector,
     | ^^^^^^^^^^^^^^^^^
> 10 |   presetRange,
     | ^^^^^^^^^^^^^^
> 11 |   type PeriodPreset,
     | ^^^^^^^^^^^^^^^^^^^^
> 12 | } from '@/components/dashboard/period-selector'
     | ^^^^^^^^^^^^^^^^^^^^^^^^^^^^^^^^^^^^^^^^^^^^^^^
  13 | import { SpendingTrend } from '@/components/dashboard/spending-trend'
  14 | import { CategoryBreakdown } from '@/components/dashboard/category-breakdown'
  15 | import { TopMerchants } from '@/components/dashboard/top-merchants'

The export presetRange was not found in module [project]/src/components/dashboard/period-selector.tsx [app-client] (ecmascript).
Did you mean to import PeriodSelector?
All exports of the module are statically known (It doesn't have dynamic exports). So it's known statically that the requested export doesn't exist.

Import traces:
  Client Component Browser:
    ./src/app/dashboard/page.tsx [Client Component Browser]
    ./src/app/dashboard/page.tsx [Server Component]

  Client Component SSR:
    ./src/app/dashboard/page.tsx [Client Component SSR]
    ./src/app/dashboard/page.tsx [Server Component] @ http://localhost:3000/_next/static/chunks/node_modules_next_dist_20ud_8w._.js:2099
[  607425ms] [ERROR] ./src/app/dashboard/page.tsx:8:1
Export presetRange doesn't exist in target module
   6 | import { Select } from '@/components/ui/select'
   7 | import { StatCard } from '@/components/dashboard/stat-card'
>  8 | import {
     | ^^^^^^^
>  9 |   PeriodSelector,
     | ^^^^^^^^^^^^^^^^^
> 10 |   presetRange,
     | ^^^^^^^^^^^^^^
> 11 |   type PeriodPreset,
     | ^^^^^^^^^^^^^^^^^^^^
> 12 | } from '@/components/dashboard/period-selector'
     | ^^^^^^^^^^^^^^^^^^^^^^^^^^^^^^^^^^^^^^^^^^^^^^^
  13 | import { SpendingTrend } from '@/components/dashboard/spending-trend'
  14 | import { CategoryBreakdown } from '@/components/dashboard/category-breakdown'
  15 | import { TopMerchants } from '@/components/dashboard/top-merchants'

The export presetRange was not found in module [project]/src/components/dashboard/period-selector.tsx [app-ssr] (ecmascript).
Did you mean to import PeriodSelector?
All exports of the module are statically known (It doesn't have dynamic exports). So it's known statically that the requested export doesn't exist.

Import traces:
  Client Component Browser:
    ./src/app/dashboard/page.tsx [Client Component Browser]
    ./src/app/dashboard/page.tsx [Server Component]

  Client Component SSR:
    ./src/app/dashboard/page.tsx [Client Component SSR]
    ./src/app/dashboard/page.tsx [Server Component] @ http://localhost:3000/_next/static/chunks/node_modules_next_dist_20ud_8w._.js:2099
[  607489ms] [ERROR] Failed to load resource: the server responded with a status of 500 (Internal Server Error) @ http://localhost:3000/expenses:0
[  607517ms] [INFO] %cDownload the React DevTools for a better development experience: https://react.dev/link/react-devtools font-weight:bold @ http://localhost:3000/_next/static/chunks/node_modules_react-dom_0kla17-._.js:15305
[  607527ms] Error: ./src/app/dashboard/page.tsx:8:1
Export presetRange doesn't exist in target module
   6 | import { Select } from '@/components/ui/select'
   7 | import { StatCard } from '@/components/dashboard/stat-card'
>  8 | import {
     | ^^^^^^^
>  9 |   PeriodSelector,
     | ^^^^^^^^^^^^^^^^^
> 10 |   presetRange,
     | ^^^^^^^^^^^^^^
> 11 |   type PeriodPreset,
     | ^^^^^^^^^^^^^^^^^^^^
> 12 | } from '@/components/dashboard/period-selector'
     | ^^^^^^^^^^^^^^^^^^^^^^^^^^^^^^^^^^^^^^^^^^^^^^^
  13 | import { SpendingTrend } from '@/components/dashboard/spending-trend'
  14 | import { CategoryBreakdown } from '@/components/dashboard/category-breakdown'
  15 | import { TopMerchants } from '@/components/dashboard/top-merchants'

The export presetRange was not found in module [project]/src/components/dashboard/period-selector.tsx [app-client] (ecmascript).
Did you mean to import PeriodSelector?
All exports of the module are statically known (It doesn't have dynamic exports). So it's known statically that the requested export doesn't exist.

Import traces:
  Client Component Browser:
    ./src/app/dashboard/page.tsx [Client Component Browser]
    ./src/app/dashboard/page.tsx [Server Component]

  Client Component SSR:
    ./src/app/dashboard/page.tsx [Client Component SSR]
    ./src/app/dashboard/page.tsx [Server Component]


    at <unknown> (Error: ./src/app/dashboard/page.tsx:8:1)
    at Object.getCompilationErrors (file://C:\Users\Najmi Briliant\vscode\finance-tracker\littlefinger\node_modules\next\dist\server\dev\hot-reloader-turbopack.js:1186:59)
    at DevBundlerService.getCompilationError (file://C:\Users\Najmi Briliant\vscode\finance-tracker\littlefinger\node_modules\next\dist\server\lib\dev-bundler-service.js:44:55)
    at DevServer.getCompilationError (file://C:\Users\Najmi Briliant\vscode\finance-tracker\littlefinger\node_modules\next\dist\server\dev\next-dev-server.js:720:42)
    at DevServer.findPageComponents (file://C:\Users\Najmi Briliant\vscode\finance-tracker\littlefinger\node_modules\next\dist\server\dev\next-dev-server.js:690:43)
    at async DevServer.renderErrorToResponseImpl (file://C:\Users\Najmi Briliant\vscode\finance-tracker\littlefinger\node_modules\next\dist\server\base-server.js:1753:26)
[  607528ms] [LOG] [HMR] connected @ http://localhost:3000/_next/static/chunks/node_modules_next_dist_20ud_8w._.js:1380
[  607531ms] [ERROR] ./src/app/dashboard/page.tsx:8:1
Export presetRange doesn't exist in target module
   6 | import { Select } from '@/components/ui/select'
   7 | import { StatCard } from '@/components/dashboard/stat-card'
>  8 | import {
     | ^^^^^^^
>  9 |   PeriodSelector,
     | ^^^^^^^^^^^^^^^^^
> 10 |   presetRange,
     | ^^^^^^^^^^^^^^
> 11 |   type PeriodPreset,
     | ^^^^^^^^^^^^^^^^^^^^
> 12 | } from '@/components/dashboard/period-selector'
     | ^^^^^^^^^^^^^^^^^^^^^^^^^^^^^^^^^^^^^^^^^^^^^^^
  13 | import { SpendingTrend } from '@/components/dashboard/spending-trend'
  14 | import { CategoryBreakdown } from '@/components/dashboard/category-breakdown'
  15 | import { TopMerchants } from '@/components/dashboard/top-merchants'

The export presetRange was not found in module [project]/src/components/dashboard/period-selector.tsx [app-client] (ecmascript).
Did you mean to import PeriodSelector?
All exports of the module are statically known (It doesn't have dynamic exports). So it's known statically that the requested export doesn't exist.

Import traces:
  Client Component Browser:
    ./src/app/dashboard/page.tsx [Client Component Browser]
    ./src/app/dashboard/page.tsx [Server Component]

  Client Component SSR:
    ./src/app/dashboard/page.tsx [Client Component SSR]
    ./src/app/dashboard/page.tsx [Server Component] @ http://localhost:3000/_next/static/chunks/node_modules_next_dist_20ud_8w._.js:2099
[  607531ms] [ERROR] ./src/app/dashboard/page.tsx:8:1
Export presetRange doesn't exist in target module
   6 | import { Select } from '@/components/ui/select'
   7 | import { StatCard } from '@/components/dashboard/stat-card'
>  8 | import {
     | ^^^^^^^
>  9 |   PeriodSelector,
     | ^^^^^^^^^^^^^^^^^
> 10 |   presetRange,
     | ^^^^^^^^^^^^^^
> 11 |   type PeriodPreset,
     | ^^^^^^^^^^^^^^^^^^^^
> 12 | } from '@/components/dashboard/period-selector'
     | ^^^^^^^^^^^^^^^^^^^^^^^^^^^^^^^^^^^^^^^^^^^^^^^
  13 | import { SpendingTrend } from '@/components/dashboard/spending-trend'
  14 | import { CategoryBreakdown } from '@/components/dashboard/category-breakdown'
  15 | import { TopMerchants } from '@/components/dashboard/top-merchants'

The export presetRange was not found in module [project]/src/components/dashboard/period-selector.tsx [app-ssr] (ecmascript).
Did you mean to import PeriodSelector?
All exports of the module are statically known (It doesn't have dynamic exports). So it's known statically that the requested export doesn't exist.

Import traces:
  Client Component Browser:
    ./src/app/dashboard/page.tsx [Client Component Browser]
    ./src/app/dashboard/page.tsx [Server Component]

  Client Component SSR:
    ./src/app/dashboard/page.tsx [Client Component SSR]
    ./src/app/dashboard/page.tsx [Server Component] @ http://localhost:3000/_next/static/chunks/node_modules_next_dist_20ud_8w._.js:2099
[  607596ms] [ERROR] ./src/app/dashboard/page.tsx:8:1
Export presetRange doesn't exist in target module
   6 | import { Select } from '@/components/ui/select'
   7 | import { StatCard } from '@/components/dashboard/stat-card'
>  8 | import {
     | ^^^^^^^
>  9 |   PeriodSelector,
     | ^^^^^^^^^^^^^^^^^
> 10 |   presetRange,
     | ^^^^^^^^^^^^^^
> 11 |   type PeriodPreset,
     | ^^^^^^^^^^^^^^^^^^^^
> 12 | } from '@/components/dashboard/period-selector'
     | ^^^^^^^^^^^^^^^^^^^^^^^^^^^^^^^^^^^^^^^^^^^^^^^
  13 | import { SpendingTrend } from '@/components/dashboard/spending-trend'
  14 | import { CategoryBreakdown } from '@/components/dashboard/category-breakdown'
  15 | import { TopMerchants } from '@/components/dashboard/top-merchants'

The export presetRange was not found in module [project]/src/components/dashboard/period-selector.tsx [app-client] (ecmascript).
Did you mean to import PeriodSelector?
All exports of the module are statically known (It doesn't have dynamic exports). So it's known statically that the requested export doesn't exist.

Import traces:
  Client Component Browser:
    ./src/app/dashboard/page.tsx [Client Component Browser]
    ./src/app/dashboard/page.tsx [Server Component]

  Client Component SSR:
    ./src/app/dashboard/page.tsx [Client Component SSR]
    ./src/app/dashboard/page.tsx [Server Component] @ http://localhost:3000/_next/static/chunks/node_modules_next_dist_20ud_8w._.js:2099
[  607596ms] [ERROR] ./src/app/dashboard/page.tsx:8:1
Export presetRange doesn't exist in target module
   6 | import { Select } from '@/components/ui/select'
   7 | import { StatCard } from '@/components/dashboard/stat-card'
>  8 | import {
     | ^^^^^^^
>  9 |   PeriodSelector,
     | ^^^^^^^^^^^^^^^^^
> 10 |   presetRange,
     | ^^^^^^^^^^^^^^
> 11 |   type PeriodPreset,
     | ^^^^^^^^^^^^^^^^^^^^
> 12 | } from '@/components/dashboard/period-selector'
     | ^^^^^^^^^^^^^^^^^^^^^^^^^^^^^^^^^^^^^^^^^^^^^^^
  13 | import { SpendingTrend } from '@/components/dashboard/spending-trend'
  14 | import { CategoryBreakdown } from '@/components/dashboard/category-breakdown'
  15 | import { TopMerchants } from '@/components/dashboard/top-merchants'

The export presetRange was not found in module [project]/src/components/dashboard/period-selector.tsx [app-ssr] (ecmascript).
Did you mean to import PeriodSelector?
All exports of the module are statically known (It doesn't have dynamic exports). So it's known statically that the requested export doesn't exist.

Import traces:
  Client Component Browser:
    ./src/app/dashboard/page.tsx [Client Component Browser]
    ./src/app/dashboard/page.tsx [Server Component]

  Client Component SSR:
    ./src/app/dashboard/page.tsx [Client Component SSR]
    ./src/app/dashboard/page.tsx [Server Component] @ http://localhost:3000/_next/static/chunks/node_modules_next_dist_20ud_8w._.js:2099
[  607651ms] [ERROR] ./src/app/dashboard/page.tsx:8:1
Export presetRange doesn't exist in target module
   6 | import { Select } from '@/components/ui/select'
   7 | import { StatCard } from '@/components/dashboard/stat-card'
>  8 | import {
     | ^^^^^^^
>  9 |   PeriodSelector,
     | ^^^^^^^^^^^^^^^^^
> 10 |   presetRange,
     | ^^^^^^^^^^^^^^
> 11 |   type PeriodPreset,
     | ^^^^^^^^^^^^^^^^^^^^
> 12 | } from '@/components/dashboard/period-selector'
     | ^^^^^^^^^^^^^^^^^^^^^^^^^^^^^^^^^^^^^^^^^^^^^^^
  13 | import { SpendingTrend } from '@/components/dashboard/spending-trend'
  14 | import { CategoryBreakdown } from '@/components/dashboard/category-breakdown'
  15 | import { TopMerchants } from '@/components/dashboard/top-merchants'

The export presetRange was not found in module [project]/src/components/dashboard/period-selector.tsx [app-client] (ecmascript).
Did you mean to import PeriodSelector?
All exports of the module are statically known (It doesn't have dynamic exports). So it's known statically that the requested export doesn't exist.

Import traces:
  Client Component Browser:
    ./src/app/dashboard/page.tsx [Client Component Browser]
    ./src/app/dashboard/page.tsx [Server Component]

  Client Component SSR:
    ./src/app/dashboard/page.tsx [Client Component SSR]
    ./src/app/dashboard/page.tsx [Server Component] @ http://localhost:3000/_next/static/chunks/node_modules_next_dist_20ud_8w._.js:2099
[  607652ms] [ERROR] ./src/app/dashboard/page.tsx:8:1
Export presetRange doesn't exist in target module
   6 | import { Select } from '@/components/ui/select'
   7 | import { StatCard } from '@/components/dashboard/stat-card'
>  8 | import {
     | ^^^^^^^
>  9 |   PeriodSelector,
     | ^^^^^^^^^^^^^^^^^
> 10 |   presetRange,
     | ^^^^^^^^^^^^^^
> 11 |   type PeriodPreset,
     | ^^^^^^^^^^^^^^^^^^^^
> 12 | } from '@/components/dashboard/period-selector'
     | ^^^^^^^^^^^^^^^^^^^^^^^^^^^^^^^^^^^^^^^^^^^^^^^
  13 | import { SpendingTrend } from '@/components/dashboard/spending-trend'
  14 | import { CategoryBreakdown } from '@/components/dashboard/category-breakdown'
  15 | import { TopMerchants } from '@/components/dashboard/top-merchants'

The export presetRange was not found in module [project]/src/components/dashboard/period-selector.tsx [app-ssr] (ecmascript).
Did you mean to import PeriodSelector?
All exports of the module are statically known (It doesn't have dynamic exports). So it's known statically that the requested export doesn't exist.

Import traces:
  Client Component Browser:
    ./src/app/dashboard/page.tsx [Client Component Browser]
    ./src/app/dashboard/page.tsx [Server Component]

  Client Component SSR:
    ./src/app/dashboard/page.tsx [Client Component SSR]
    ./src/app/dashboard/page.tsx [Server Component] @ http://localhost:3000/_next/static/chunks/node_modules_next_dist_20ud_8w._.js:2099
[  607703ms] [ERROR] ./src/app/dashboard/page.tsx:8:1
Export presetRange doesn't exist in target module
   6 | import { Select } from '@/components/ui/select'
   7 | import { StatCard } from '@/components/dashboard/stat-card'
>  8 | import {
     | ^^^^^^^
>  9 |   PeriodSelector,
     | ^^^^^^^^^^^^^^^^^
> 10 |   presetRange,
     | ^^^^^^^^^^^^^^
> 11 |   type PeriodPreset,
     | ^^^^^^^^^^^^^^^^^^^^
> 12 | } from '@/components/dashboard/period-selector'
     | ^^^^^^^^^^^^^^^^^^^^^^^^^^^^^^^^^^^^^^^^^^^^^^^
  13 | import { SpendingTrend } from '@/components/dashboard/spending-trend'
  14 | import { CategoryBreakdown } from '@/components/dashboard/category-breakdown'
  15 | import { TopMerchants } from '@/components/dashboard/top-merchants'

The export presetRange was not found in module [project]/src/components/dashboard/period-selector.tsx [app-client] (ecmascript).
Did you mean to import PeriodSelector?
All exports of the module are statically known (It doesn't have dynamic exports). So it's known statically that the requested export doesn't exist.

Import traces:
  Client Component Browser:
    ./src/app/dashboard/page.tsx [Client Component Browser]
    ./src/app/dashboard/page.tsx [Server Component]

  Client Component SSR:
    ./src/app/dashboard/page.tsx [Client Component SSR]
    ./src/app/dashboard/page.tsx [Server Component] @ http://localhost:3000/_next/static/chunks/node_modules_next_dist_20ud_8w._.js:2099
[  607704ms] [ERROR] ./src/app/dashboard/page.tsx:8:1
Export presetRange doesn't exist in target module
   6 | import { Select } from '@/components/ui/select'
   7 | import { StatCard } from '@/components/dashboard/stat-card'
>  8 | import {
     | ^^^^^^^
>  9 |   PeriodSelector,
     | ^^^^^^^^^^^^^^^^^
> 10 |   presetRange,
     | ^^^^^^^^^^^^^^
> 11 |   type PeriodPreset,
     | ^^^^^^^^^^^^^^^^^^^^
> 12 | } from '@/components/dashboard/period-selector'
     | ^^^^^^^^^^^^^^^^^^^^^^^^^^^^^^^^^^^^^^^^^^^^^^^
  13 | import { SpendingTrend } from '@/components/dashboard/spending-trend'
  14 | import { CategoryBreakdown } from '@/components/dashboard/category-breakdown'
  15 | import { TopMerchants } from '@/components/dashboard/top-merchants'

The export presetRange was not found in module [project]/src/components/dashboard/period-selector.tsx [app-ssr] (ecmascript).
Did you mean to import PeriodSelector?
All exports of the module are statically known (It doesn't have dynamic exports). So it's known statically that the requested export doesn't exist.

Import traces:
  Client Component Browser:
    ./src/app/dashboard/page.tsx [Client Component Browser]
    ./src/app/dashboard/page.tsx [Server Component]

  Client Component SSR:
    ./src/app/dashboard/page.tsx [Client Component SSR]
    ./src/app/dashboard/page.tsx [Server Component] @ http://localhost:3000/_next/static/chunks/node_modules_next_dist_20ud_8w._.js:2099
[  607767ms] [ERROR] ./src/app/dashboard/page.tsx:8:1
Export presetRange doesn't exist in target module
   6 | import { Select } from '@/components/ui/select'
   7 | import { StatCard } from '@/components/dashboard/stat-card'
>  8 | import {
     | ^^^^^^^
>  9 |   PeriodSelector,
     | ^^^^^^^^^^^^^^^^^
> 10 |   presetRange,
     | ^^^^^^^^^^^^^^
> 11 |   type PeriodPreset,
     | ^^^^^^^^^^^^^^^^^^^^
> 12 | } from '@/components/dashboard/period-selector'
     | ^^^^^^^^^^^^^^^^^^^^^^^^^^^^^^^^^^^^^^^^^^^^^^^
  13 | import { SpendingTrend } from '@/components/dashboard/spending-trend'
  14 | import { CategoryBreakdown } from '@/components/dashboard/category-breakdown'
  15 | import { TopMerchants } from '@/components/dashboard/top-merchants'

The export presetRange was not found in module [project]/src/components/dashboard/period-selector.tsx [app-client] (ecmascript).
Did you mean to import PeriodSelector?
All exports of the module are statically known (It doesn't have dynamic exports). So it's known statically that the requested export doesn't exist.

Import traces:
  Client Component Browser:
    ./src/app/dashboard/page.tsx [Client Component Browser]
    ./src/app/dashboard/page.tsx [Server Component]

  Client Component SSR:
    ./src/app/dashboard/page.tsx [Client Component SSR]
    ./src/app/dashboard/page.tsx [Server Component] @ http://localhost:3000/_next/static/chunks/node_modules_next_dist_20ud_8w._.js:2099
[  607767ms] [ERROR] ./src/app/dashboard/page.tsx:8:1
Export presetRange doesn't exist in target module
   6 | import { Select } from '@/components/ui/select'
   7 | import { StatCard } from '@/components/dashboard/stat-card'
>  8 | import {
     | ^^^^^^^
>  9 |   PeriodSelector,
     | ^^^^^^^^^^^^^^^^^
> 10 |   presetRange,
     | ^^^^^^^^^^^^^^
> 11 |   type PeriodPreset,
     | ^^^^^^^^^^^^^^^^^^^^
> 12 | } from '@/components/dashboard/period-selector'
     | ^^^^^^^^^^^^^^^^^^^^^^^^^^^^^^^^^^^^^^^^^^^^^^^
  13 | import { SpendingTrend } from '@/components/dashboard/spending-trend'
  14 | import { CategoryBreakdown } from '@/components/dashboard/category-breakdown'
  15 | import { TopMerchants } from '@/components/dashboard/top-merchants'

The export presetRange was not found in module [project]/src/components/dashboard/period-selector.tsx [app-ssr] (ecmascript).
Did you mean to import PeriodSelector?
All exports of the module are statically known (It doesn't have dynamic exports). So it's known statically that the requested export doesn't exist.

Import traces:
  Client Component Browser:
    ./src/app/dashboard/page.tsx [Client Component Browser]
    ./src/app/dashboard/page.tsx [Server Component]

  Client Component SSR:
    ./src/app/dashboard/page.tsx [Client Component SSR]
    ./src/app/dashboard/page.tsx [Server Component] @ http://localhost:3000/_next/static/chunks/node_modules_next_dist_20ud_8w._.js:2099
[  607828ms] [ERROR] ./src/app/dashboard/page.tsx:8:1
Export presetRange doesn't exist in target module
   6 | import { Select } from '@/components/ui/select'
   7 | import { StatCard } from '@/components/dashboard/stat-card'
>  8 | import {
     | ^^^^^^^
>  9 |   PeriodSelector,
     | ^^^^^^^^^^^^^^^^^
> 10 |   presetRange,
     | ^^^^^^^^^^^^^^
> 11 |   type PeriodPreset,
     | ^^^^^^^^^^^^^^^^^^^^
> 12 | } from '@/components/dashboard/period-selector'
     | ^^^^^^^^^^^^^^^^^^^^^^^^^^^^^^^^^^^^^^^^^^^^^^^
  13 | import { SpendingTrend } from '@/components/dashboard/spending-trend'
  14 | import { CategoryBreakdown } from '@/components/dashboard/category-breakdown'
  15 | import { TopMerchants } from '@/components/dashboard/top-merchants'

The export presetRange was not found in module [project]/src/components/dashboard/period-selector.tsx [app-client] (ecmascript).
Did you mean to import PeriodSelector?
All exports of the module are statically known (It doesn't have dynamic exports). So it's known statically that the requested export doesn't exist.

Import traces:
  Client Component Browser:
    ./src/app/dashboard/page.tsx [Client Component Browser]
    ./src/app/dashboard/page.tsx [Server Component]

  Client Component SSR:
    ./src/app/dashboard/page.tsx [Client Component SSR]
    ./src/app/dashboard/page.tsx [Server Component] @ http://localhost:3000/_next/static/chunks/node_modules_next_dist_20ud_8w._.js:2099
[  607828ms] [ERROR] ./src/app/dashboard/page.tsx:8:1
Export presetRange doesn't exist in target module
   6 | import { Select } from '@/components/ui/select'
   7 | import { StatCard } from '@/components/dashboard/stat-card'
>  8 | import {
     | ^^^^^^^
>  9 |   PeriodSelector,
     | ^^^^^^^^^^^^^^^^^
> 10 |   presetRange,
     | ^^^^^^^^^^^^^^
> 11 |   type PeriodPreset,
     | ^^^^^^^^^^^^^^^^^^^^
> 12 | } from '@/components/dashboard/period-selector'
     | ^^^^^^^^^^^^^^^^^^^^^^^^^^^^^^^^^^^^^^^^^^^^^^^
  13 | import { SpendingTrend } from '@/components/dashboard/spending-trend'
  14 | import { CategoryBreakdown } from '@/components/dashboard/category-breakdown'
  15 | import { TopMerchants } from '@/components/dashboard/top-merchants'

The export presetRange was not found in module [project]/src/components/dashboard/period-selector.tsx [app-ssr] (ecmascript).
Did you mean to import PeriodSelector?
All exports of the module are statically known (It doesn't have dynamic exports). So it's known statically that the requested export doesn't exist.

Import traces:
  Client Component Browser:
    ./src/app/dashboard/page.tsx [Client Component Browser]
    ./src/app/dashboard/page.tsx [Server Component]

  Client Component SSR:
    ./src/app/dashboard/page.tsx [Client Component SSR]
    ./src/app/dashboard/page.tsx [Server Component] @ http://localhost:3000/_next/static/chunks/node_modules_next_dist_20ud_8w._.js:2099
[  607889ms] [ERROR] ./src/app/dashboard/page.tsx:8:1
Export presetRange doesn't exist in target module
   6 | import { Select } from '@/components/ui/select'
   7 | import { StatCard } from '@/components/dashboard/stat-card'
>  8 | import {
     | ^^^^^^^
>  9 |   PeriodSelector,
     | ^^^^^^^^^^^^^^^^^
> 10 |   presetRange,
     | ^^^^^^^^^^^^^^
> 11 |   type PeriodPreset,
     | ^^^^^^^^^^^^^^^^^^^^
> 12 | } from '@/components/dashboard/period-selector'
     | ^^^^^^^^^^^^^^^^^^^^^^^^^^^^^^^^^^^^^^^^^^^^^^^
  13 | import { SpendingTrend } from '@/components/dashboard/spending-trend'
  14 | import { CategoryBreakdown } from '@/components/dashboard/category-breakdown'
  15 | import { TopMerchants } from '@/components/dashboard/top-merchants'

The export presetRange was not found in module [project]/src/components/dashboard/period-selector.tsx [app-client] (ecmascript).
Did you mean to import PeriodSelector?
All exports of the module are statically known (It doesn't have dynamic exports). So it's known statically that the requested export doesn't exist.

Import traces:
  Client Component Browser:
    ./src/app/dashboard/page.tsx [Client Component Browser]
    ./src/app/dashboard/page.tsx [Server Component]

  Client Component SSR:
    ./src/app/dashboard/page.tsx [Client Component SSR]
    ./src/app/dashboard/page.tsx [Server Component] @ http://localhost:3000/_next/static/chunks/node_modules_next_dist_20ud_8w._.js:2099
[  607889ms] [ERROR] ./src/app/dashboard/page.tsx:8:1
Export presetRange doesn't exist in target module
   6 | import { Select } from '@/components/ui/select'
   7 | import { StatCard } from '@/components/dashboard/stat-card'
>  8 | import {
     | ^^^^^^^
>  9 |   PeriodSelector,
     | ^^^^^^^^^^^^^^^^^
> 10 |   presetRange,
     | ^^^^^^^^^^^^^^
> 11 |   type PeriodPreset,
     | ^^^^^^^^^^^^^^^^^^^^
> 12 | } from '@/components/dashboard/period-selector'
     | ^^^^^^^^^^^^^^^^^^^^^^^^^^^^^^^^^^^^^^^^^^^^^^^
  13 | import { SpendingTrend } from '@/components/dashboard/spending-trend'
  14 | import { CategoryBreakdown } from '@/components/dashboard/category-breakdown'
  15 | import { TopMerchants } from '@/components/dashboard/top-merchants'

The export presetRange was not found in module [project]/src/components/dashboard/period-selector.tsx [app-ssr] (ecmascript).
Did you mean to import PeriodSelector?
All exports of the module are statically known (It doesn't have dynamic exports). So it's known statically that the requested export doesn't exist.

Import traces:
  Client Component Browser:
    ./src/app/dashboard/page.tsx [Client Component Browser]
    ./src/app/dashboard/page.tsx [Server Component]

  Client Component SSR:
    ./src/app/dashboard/page.tsx [Client Component SSR]
    ./src/app/dashboard/page.tsx [Server Component] @ http://localhost:3000/_next/static/chunks/node_modules_next_dist_20ud_8w._.js:2099
[  607951ms] [ERROR] ./src/app/dashboard/page.tsx:8:1
Export presetRange doesn't exist in target module
   6 | import { Select } from '@/components/ui/select'
   7 | import { StatCard } from '@/components/dashboard/stat-card'
>  8 | import {
     | ^^^^^^^
>  9 |   PeriodSelector,
     | ^^^^^^^^^^^^^^^^^
> 10 |   presetRange,
     | ^^^^^^^^^^^^^^
> 11 |   type PeriodPreset,
     | ^^^^^^^^^^^^^^^^^^^^
> 12 | } from '@/components/dashboard/period-selector'
     | ^^^^^^^^^^^^^^^^^^^^^^^^^^^^^^^^^^^^^^^^^^^^^^^
  13 | import { SpendingTrend } from '@/components/dashboard/spending-trend'
  14 | import { CategoryBreakdown } from '@/components/dashboard/category-breakdown'
  15 | import { TopMerchants } from '@/components/dashboard/top-merchants'

The export presetRange was not found in module [project]/src/components/dashboard/period-selector.tsx [app-client] (ecmascript).
Did you mean to import PeriodSelector?
All exports of the module are statically known (It doesn't have dynamic exports). So it's known statically that the requested export doesn't exist.

Import traces:
  Client Component Browser:
    ./src/app/dashboard/page.tsx [Client Component Browser]
    ./src/app/dashboard/page.tsx [Server Component]

  Client Component SSR:
    ./src/app/dashboard/page.tsx [Client Component SSR]
    ./src/app/dashboard/page.tsx [Server Component] @ http://localhost:3000/_next/static/chunks/node_modules_next_dist_20ud_8w._.js:2099
[  607951ms] [ERROR] ./src/app/dashboard/page.tsx:8:1
Export presetRange doesn't exist in target module
   6 | import { Select } from '@/components/ui/select'
   7 | import { StatCard } from '@/components/dashboard/stat-card'
>  8 | import {
     | ^^^^^^^
>  9 |   PeriodSelector,
     | ^^^^^^^^^^^^^^^^^
> 10 |   presetRange,
     | ^^^^^^^^^^^^^^
> 11 |   type PeriodPreset,
     | ^^^^^^^^^^^^^^^^^^^^
> 12 | } from '@/components/dashboard/period-selector'
     | ^^^^^^^^^^^^^^^^^^^^^^^^^^^^^^^^^^^^^^^^^^^^^^^
  13 | import { SpendingTrend } from '@/components/dashboard/spending-trend'
  14 | import { CategoryBreakdown } from '@/components/dashboard/category-breakdown'
  15 | import { TopMerchants } from '@/components/dashboard/top-merchants'

The export presetRange was not found in module [project]/src/components/dashboard/period-selector.tsx [app-ssr] (ecmascript).
Did you mean to import PeriodSelector?
All exports of the module are statically known (It doesn't have dynamic exports). So it's known statically that the requested export doesn't exist.

Import traces:
  Client Component Browser:
    ./src/app/dashboard/page.tsx [Client Component Browser]
    ./src/app/dashboard/page.tsx [Server Component]

  Client Component SSR:
    ./src/app/dashboard/page.tsx [Client Component SSR]
    ./src/app/dashboard/page.tsx [Server Component] @ http://localhost:3000/_next/static/chunks/node_modules_next_dist_20ud_8w._.js:2099
[  608014ms] [ERROR] ./src/app/dashboard/page.tsx:8:1
Export presetRange doesn't exist in target module
   6 | import { Select } from '@/components/ui/select'
   7 | import { StatCard } from '@/components/dashboard/stat-card'
>  8 | import {
     | ^^^^^^^
>  9 |   PeriodSelector,
     | ^^^^^^^^^^^^^^^^^
> 10 |   presetRange,
     | ^^^^^^^^^^^^^^
> 11 |   type PeriodPreset,
     | ^^^^^^^^^^^^^^^^^^^^
> 12 | } from '@/components/dashboard/period-selector'
     | ^^^^^^^^^^^^^^^^^^^^^^^^^^^^^^^^^^^^^^^^^^^^^^^
  13 | import { SpendingTrend } from '@/components/dashboard/spending-trend'
  14 | import { CategoryBreakdown } from '@/components/dashboard/category-breakdown'
  15 | import { TopMerchants } from '@/components/dashboard/top-merchants'

The export presetRange was not found in module [project]/src/components/dashboard/period-selector.tsx [app-client] (ecmascript).
Did you mean to import PeriodSelector?
All exports of the module are statically known (It doesn't have dynamic exports). So it's known statically that the requested export doesn't exist.

Import traces:
  Client Component Browser:
    ./src/app/dashboard/page.tsx [Client Component Browser]
    ./src/app/dashboard/page.tsx [Server Component]

  Client Component SSR:
    ./src/app/dashboard/page.tsx [Client Component SSR]
    ./src/app/dashboard/page.tsx [Server Component] @ http://localhost:3000/_next/static/chunks/node_modules_next_dist_20ud_8w._.js:2099
[  608014ms] [ERROR] ./src/app/dashboard/page.tsx:8:1
Export presetRange doesn't exist in target module
   6 | import { Select } from '@/components/ui/select'
   7 | import { StatCard } from '@/components/dashboard/stat-card'
>  8 | import {
     | ^^^^^^^
>  9 |   PeriodSelector,
     | ^^^^^^^^^^^^^^^^^
> 10 |   presetRange,
     | ^^^^^^^^^^^^^^
> 11 |   type PeriodPreset,
     | ^^^^^^^^^^^^^^^^^^^^
> 12 | } from '@/components/dashboard/period-selector'
     | ^^^^^^^^^^^^^^^^^^^^^^^^^^^^^^^^^^^^^^^^^^^^^^^
  13 | import { SpendingTrend } from '@/components/dashboard/spending-trend'
  14 | import { CategoryBreakdown } from '@/components/dashboard/category-breakdown'
  15 | import { TopMerchants } from '@/components/dashboard/top-merchants'

The export presetRange was not found in module [project]/src/components/dashboard/period-selector.tsx [app-ssr] (ecmascript).
Did you mean to import PeriodSelector?
All exports of the module are statically known (It doesn't have dynamic exports). So it's known statically that the requested export doesn't exist.

Import traces:
  Client Component Browser:
    ./src/app/dashboard/page.tsx [Client Component Browser]
    ./src/app/dashboard/page.tsx [Server Component]

  Client Component SSR:
    ./src/app/dashboard/page.tsx [Client Component SSR]
    ./src/app/dashboard/page.tsx [Server Component] @ http://localhost:3000/_next/static/chunks/node_modules_next_dist_20ud_8w._.js:2099
[  608074ms] [ERROR] ./src/app/dashboard/page.tsx:8:1
Export presetRange doesn't exist in target module
   6 | import { Select } from '@/components/ui/select'
   7 | import { StatCard } from '@/components/dashboard/stat-card'
>  8 | import {
     | ^^^^^^^
>  9 |   PeriodSelector,
     | ^^^^^^^^^^^^^^^^^
> 10 |   presetRange,
     | ^^^^^^^^^^^^^^
> 11 |   type PeriodPreset,
     | ^^^^^^^^^^^^^^^^^^^^
> 12 | } from '@/components/dashboard/period-selector'
     | ^^^^^^^^^^^^^^^^^^^^^^^^^^^^^^^^^^^^^^^^^^^^^^^
  13 | import { SpendingTrend } from '@/components/dashboard/spending-trend'
  14 | import { CategoryBreakdown } from '@/components/dashboard/category-breakdown'
  15 | import { TopMerchants } from '@/components/dashboard/top-merchants'

The export presetRange was not found in module [project]/src/components/dashboard/period-selector.tsx [app-client] (ecmascript).
Did you mean to import PeriodSelector?
All exports of the module are statically known (It doesn't have dynamic exports). So it's known statically that the requested export doesn't exist.

Import traces:
  Client Component Browser:
    ./src/app/dashboard/page.tsx [Client Component Browser]
    ./src/app/dashboard/page.tsx [Server Component]

  Client Component SSR:
    ./src/app/dashboard/page.tsx [Client Component SSR]
    ./src/app/dashboard/page.tsx [Server Component] @ http://localhost:3000/_next/static/chunks/node_modules_next_dist_20ud_8w._.js:2099
[  608075ms] [ERROR] ./src/app/dashboard/page.tsx:8:1
Export presetRange doesn't exist in target module
   6 | import { Select } from '@/components/ui/select'
   7 | import { StatCard } from '@/components/dashboard/stat-card'
>  8 | import {
     | ^^^^^^^
>  9 |   PeriodSelector,
     | ^^^^^^^^^^^^^^^^^
> 10 |   presetRange,
     | ^^^^^^^^^^^^^^
> 11 |   type PeriodPreset,
     | ^^^^^^^^^^^^^^^^^^^^
> 12 | } from '@/components/dashboard/period-selector'
     | ^^^^^^^^^^^^^^^^^^^^^^^^^^^^^^^^^^^^^^^^^^^^^^^
  13 | import { SpendingTrend } from '@/components/dashboard/spending-trend'
  14 | import { CategoryBreakdown } from '@/components/dashboard/category-breakdown'
  15 | import { TopMerchants } from '@/components/dashboard/top-merchants'

The export presetRange was not found in module [project]/src/components/dashboard/period-selector.tsx [app-ssr] (ecmascript).
Did you mean to import PeriodSelector?
All exports of the module are statically known (It doesn't have dynamic exports). So it's known statically that the requested export doesn't exist.

Import traces:
  Client Component Browser:
    ./src/app/dashboard/page.tsx [Client Component Browser]
    ./src/app/dashboard/page.tsx [Server Component]

  Client Component SSR:
    ./src/app/dashboard/page.tsx [Client Component SSR]
    ./src/app/dashboard/page.tsx [Server Component] @ http://localhost:3000/_next/static/chunks/node_modules_next_dist_20ud_8w._.js:2099
[  608138ms] [ERROR] ./src/app/dashboard/page.tsx:8:1
Export presetRange doesn't exist in target module
   6 | import { Select } from '@/components/ui/select'
   7 | import { StatCard } from '@/components/dashboard/stat-card'
>  8 | import {
     | ^^^^^^^
>  9 |   PeriodSelector,
     | ^^^^^^^^^^^^^^^^^
> 10 |   presetRange,
     | ^^^^^^^^^^^^^^
> 11 |   type PeriodPreset,
     | ^^^^^^^^^^^^^^^^^^^^
> 12 | } from '@/components/dashboard/period-selector'
     | ^^^^^^^^^^^^^^^^^^^^^^^^^^^^^^^^^^^^^^^^^^^^^^^
  13 | import { SpendingTrend } from '@/components/dashboard/spending-trend'
  14 | import { CategoryBreakdown } from '@/components/dashboard/category-breakdown'
  15 | import { TopMerchants } from '@/components/dashboard/top-merchants'

The export presetRange was not found in module [project]/src/components/dashboard/period-selector.tsx [app-client] (ecmascript).
Did you mean to import PeriodSelector?
All exports of the module are statically known (It doesn't have dynamic exports). So it's known statically that the requested export doesn't exist.

Import traces:
  Client Component Browser:
    ./src/app/dashboard/page.tsx [Client Component Browser]
    ./src/app/dashboard/page.tsx [Server Component]

  Client Component SSR:
    ./src/app/dashboard/page.tsx [Client Component SSR]
    ./src/app/dashboard/page.tsx [Server Component] @ http://localhost:3000/_next/static/chunks/node_modules_next_dist_20ud_8w._.js:2099
[  608138ms] [ERROR] ./src/app/dashboard/page.tsx:8:1
Export presetRange doesn't exist in target module
   6 | import { Select } from '@/components/ui/select'
   7 | import { StatCard } from '@/components/dashboard/stat-card'
>  8 | import {
     | ^^^^^^^
>  9 |   PeriodSelector,
     | ^^^^^^^^^^^^^^^^^
> 10 |   presetRange,
     | ^^^^^^^^^^^^^^
> 11 |   type PeriodPreset,
     | ^^^^^^^^^^^^^^^^^^^^
> 12 | } from '@/components/dashboard/period-selector'
     | ^^^^^^^^^^^^^^^^^^^^^^^^^^^^^^^^^^^^^^^^^^^^^^^
  13 | import { SpendingTrend } from '@/components/dashboard/spending-trend'
  14 | import { CategoryBreakdown } from '@/components/dashboard/category-breakdown'
  15 | import { TopMerchants } from '@/components/dashboard/top-merchants'

The export presetRange was not found in module [project]/src/components/dashboard/period-selector.tsx [app-ssr] (ecmascript).
Did you mean to import PeriodSelector?
All exports of the module are statically known (It doesn't have dynamic exports). So it's known statically that the requested export doesn't exist.

Import traces:
  Client Component Browser:
    ./src/app/dashboard/page.tsx [Client Component Browser]
    ./src/app/dashboard/page.tsx [Server Component]

  Client Component SSR:
    ./src/app/dashboard/page.tsx [Client Component SSR]
    ./src/app/dashboard/page.tsx [Server Component] @ http://localhost:3000/_next/static/chunks/node_modules_next_dist_20ud_8w._.js:2099
[  608199ms] [ERROR] ./src/app/dashboard/page.tsx:8:1
Export presetRange doesn't exist in target module
   6 | import { Select } from '@/components/ui/select'
   7 | import { StatCard } from '@/components/dashboard/stat-card'
>  8 | import {
     | ^^^^^^^
>  9 |   PeriodSelector,
     | ^^^^^^^^^^^^^^^^^
> 10 |   presetRange,
     | ^^^^^^^^^^^^^^
> 11 |   type PeriodPreset,
     | ^^^^^^^^^^^^^^^^^^^^
> 12 | } from '@/components/dashboard/period-selector'
     | ^^^^^^^^^^^^^^^^^^^^^^^^^^^^^^^^^^^^^^^^^^^^^^^
  13 | import { SpendingTrend } from '@/components/dashboard/spending-trend'
  14 | import { CategoryBreakdown } from '@/components/dashboard/category-breakdown'
  15 | import { TopMerchants } from '@/components/dashboard/top-merchants'

The export presetRange was not found in module [project]/src/components/dashboard/period-selector.tsx [app-client] (ecmascript).
Did you mean to import PeriodSelector?
All exports of the module are statically known (It doesn't have dynamic exports). So it's known statically that the requested export doesn't exist.

Import traces:
  Client Component Browser:
    ./src/app/dashboard/page.tsx [Client Component Browser]
    ./src/app/dashboard/page.tsx [Server Component]

  Client Component SSR:
    ./src/app/dashboard/page.tsx [Client Component SSR]
    ./src/app/dashboard/page.tsx [Server Component] @ http://localhost:3000/_next/static/chunks/node_modules_next_dist_20ud_8w._.js:2099
[  608199ms] [ERROR] ./src/app/dashboard/page.tsx:8:1
Export presetRange doesn't exist in target module
   6 | import { Select } from '@/components/ui/select'
   7 | import { StatCard } from '@/components/dashboard/stat-card'
>  8 | import {
     | ^^^^^^^
>  9 |   PeriodSelector,
     | ^^^^^^^^^^^^^^^^^
> 10 |   presetRange,
     | ^^^^^^^^^^^^^^
> 11 |   type PeriodPreset,
     | ^^^^^^^^^^^^^^^^^^^^
> 12 | } from '@/components/dashboard/period-selector'
     | ^^^^^^^^^^^^^^^^^^^^^^^^^^^^^^^^^^^^^^^^^^^^^^^
  13 | import { SpendingTrend } from '@/components/dashboard/spending-trend'
  14 | import { CategoryBreakdown } from '@/components/dashboard/category-breakdown'
  15 | import { TopMerchants } from '@/components/dashboard/top-merchants'

The export presetRange was not found in module [project]/src/components/dashboard/period-selector.tsx [app-ssr] (ecmascript).
Did you mean to import PeriodSelector?
All exports of the module are statically known (It doesn't have dynamic exports). So it's known statically that the requested export doesn't exist.

Import traces:
  Client Component Browser:
    ./src/app/dashboard/page.tsx [Client Component Browser]
    ./src/app/dashboard/page.tsx [Server Component]

  Client Component SSR:
    ./src/app/dashboard/page.tsx [Client Component SSR]
    ./src/app/dashboard/page.tsx [Server Component] @ http://localhost:3000/_next/static/chunks/node_modules_next_dist_20ud_8w._.js:2099
[  608262ms] [LOG] [Fast Refresh] rebuilding @ http://localhost:3000/_next/static/chunks/node_modules_next_dist_20ud_8w._.js:1380
[  608327ms] [ERROR] ./src/app/dashboard/page.tsx:8:1
Export presetRange doesn't exist in target module
   6 | import { Select } from '@/components/ui/select'
   7 | import { StatCard } from '@/components/dashboard/stat-card'
>  8 | import {
     | ^^^^^^^
>  9 |   PeriodSelector,
     | ^^^^^^^^^^^^^^^^^
> 10 |   presetRange,
     | ^^^^^^^^^^^^^^
> 11 |   type PeriodPreset,
     | ^^^^^^^^^^^^^^^^^^^^
> 12 | } from '@/components/dashboard/period-selector'
     | ^^^^^^^^^^^^^^^^^^^^^^^^^^^^^^^^^^^^^^^^^^^^^^^
  13 | import { SpendingTrend } from '@/components/dashboard/spending-trend'
  14 | import { CategoryBreakdown } from '@/components/dashboard/category-breakdown'
  15 | import { TopMerchants } from '@/components/dashboard/top-merchants'

The export presetRange was not found in module [project]/src/components/dashboard/period-selector.tsx [app-client] (ecmascript).
Did you mean to import PeriodSelector?
All exports of the module are statically known (It doesn't have dynamic exports). So it's known statically that the requested export doesn't exist.

Import traces:
  Client Component Browser:
    ./src/app/dashboard/page.tsx [Client Component Browser]
    ./src/app/dashboard/page.tsx [Server Component]

  Client Component SSR:
    ./src/app/dashboard/page.tsx [Client Component SSR]
    ./src/app/dashboard/page.tsx [Server Component] @ http://localhost:3000/_next/static/chunks/node_modules_next_dist_20ud_8w._.js:2099
[  608327ms] [ERROR] ./src/app/dashboard/page.tsx:8:1
Export presetRange doesn't exist in target module
   6 | import { Select } from '@/components/ui/select'
   7 | import { StatCard } from '@/components/dashboard/stat-card'
>  8 | import {
     | ^^^^^^^
>  9 |   PeriodSelector,
     | ^^^^^^^^^^^^^^^^^
> 10 |   presetRange,
     | ^^^^^^^^^^^^^^
> 11 |   type PeriodPreset,
     | ^^^^^^^^^^^^^^^^^^^^
> 12 | } from '@/components/dashboard/period-selector'
     | ^^^^^^^^^^^^^^^^^^^^^^^^^^^^^^^^^^^^^^^^^^^^^^^
  13 | import { SpendingTrend } from '@/components/dashboard/spending-trend'
  14 | import { CategoryBreakdown } from '@/components/dashboard/category-breakdown'
  15 | import { TopMerchants } from '@/components/dashboard/top-merchants'

The export presetRange was not found in module [project]/src/components/dashboard/period-selector.tsx [app-ssr] (ecmascript).
Did you mean to import PeriodSelector?
All exports of the module are statically known (It doesn't have dynamic exports). So it's known statically that the requested export doesn't exist.

Import traces:
  Client Component Browser:
    ./src/app/dashboard/page.tsx [Client Component Browser]
    ./src/app/dashboard/page.tsx [Server Component]

  Client Component SSR:
    ./src/app/dashboard/page.tsx [Client Component SSR]
    ./src/app/dashboard/page.tsx [Server Component] @ http://localhost:3000/_next/static/chunks/node_modules_next_dist_20ud_8w._.js:2099
[  608387ms] [ERROR] ./src/app/dashboard/page.tsx:8:1
Export presetRange doesn't exist in target module
   6 | import { Select } from '@/components/ui/select'
   7 | import { StatCard } from '@/components/dashboard/stat-card'
>  8 | import {
     | ^^^^^^^
>  9 |   PeriodSelector,
     | ^^^^^^^^^^^^^^^^^
> 10 |   presetRange,
     | ^^^^^^^^^^^^^^
> 11 |   type PeriodPreset,
     | ^^^^^^^^^^^^^^^^^^^^
> 12 | } from '@/components/dashboard/period-selector'
     | ^^^^^^^^^^^^^^^^^^^^^^^^^^^^^^^^^^^^^^^^^^^^^^^
  13 | import { SpendingTrend } from '@/components/dashboard/spending-trend'
  14 | import { CategoryBreakdown } from '@/components/dashboard/category-breakdown'
  15 | import { TopMerchants } from '@/components/dashboard/top-merchants'

The export presetRange was not found in module [project]/src/components/dashboard/period-selector.tsx [app-client] (ecmascript).
Did you mean to import PeriodSelector?
All exports of the module are statically known (It doesn't have dynamic exports). So it's known statically that the requested export doesn't exist.

Import traces:
  Client Component Browser:
    ./src/app/dashboard/page.tsx [Client Component Browser]
    ./src/app/dashboard/page.tsx [Server Component]

  Client Component SSR:
    ./src/app/dashboard/page.tsx [Client Component SSR]
    ./src/app/dashboard/page.tsx [Server Component] @ http://localhost:3000/_next/static/chunks/node_modules_next_dist_20ud_8w._.js:2099
[  608387ms] [ERROR] ./src/app/dashboard/page.tsx:8:1
Export presetRange doesn't exist in target module
   6 | import { Select } from '@/components/ui/select'
   7 | import { StatCard } from '@/components/dashboard/stat-card'
>  8 | import {
     | ^^^^^^^
>  9 |   PeriodSelector,
     | ^^^^^^^^^^^^^^^^^
> 10 |   presetRange,
     | ^^^^^^^^^^^^^^
> 11 |   type PeriodPreset,
     | ^^^^^^^^^^^^^^^^^^^^
> 12 | } from '@/components/dashboard/period-selector'
     | ^^^^^^^^^^^^^^^^^^^^^^^^^^^^^^^^^^^^^^^^^^^^^^^
  13 | import { SpendingTrend } from '@/components/dashboard/spending-trend'
  14 | import { CategoryBreakdown } from '@/components/dashboard/category-breakdown'
  15 | import { TopMerchants } from '@/components/dashboard/top-merchants'

The export presetRange was not found in module [project]/src/components/dashboard/period-selector.tsx [app-ssr] (ecmascript).
Did you mean to import PeriodSelector?
All exports of the module are statically known (It doesn't have dynamic exports). So it's known statically that the requested export doesn't exist.

Import traces:
  Client Component Browser:
    ./src/app/dashboard/page.tsx [Client Component Browser]
    ./src/app/dashboard/page.tsx [Server Component]

  Client Component SSR:
    ./src/app/dashboard/page.tsx [Client Component SSR]
    ./src/app/dashboard/page.tsx [Server Component] @ http://localhost:3000/_next/static/chunks/node_modules_next_dist_20ud_8w._.js:2099
[  608450ms] [ERROR] ./src/app/dashboard/page.tsx:8:1
Export presetRange doesn't exist in target module
   6 | import { Select } from '@/components/ui/select'
   7 | import { StatCard } from '@/components/dashboard/stat-card'
>  8 | import {
     | ^^^^^^^
>  9 |   PeriodSelector,
     | ^^^^^^^^^^^^^^^^^
> 10 |   presetRange,
     | ^^^^^^^^^^^^^^
> 11 |   type PeriodPreset,
     | ^^^^^^^^^^^^^^^^^^^^
> 12 | } from '@/components/dashboard/period-selector'
     | ^^^^^^^^^^^^^^^^^^^^^^^^^^^^^^^^^^^^^^^^^^^^^^^
  13 | import { SpendingTrend } from '@/components/dashboard/spending-trend'
  14 | import { CategoryBreakdown } from '@/components/dashboard/category-breakdown'
  15 | import { TopMerchants } from '@/components/dashboard/top-merchants'

The export presetRange was not found in module [project]/src/components/dashboard/period-selector.tsx [app-client] (ecmascript).
Did you mean to import PeriodSelector?
All exports of the module are statically known (It doesn't have dynamic exports). So it's known statically that the requested export doesn't exist.

Import traces:
  Client Component Browser:
    ./src/app/dashboard/page.tsx [Client Component Browser]
    ./src/app/dashboard/page.tsx [Server Component]

  Client Component SSR:
    ./src/app/dashboard/page.tsx [Client Component SSR]
    ./src/app/dashboard/page.tsx [Server Component] @ http://localhost:3000/_next/static/chunks/node_modules_next_dist_20ud_8w._.js:2099
[  608450ms] [ERROR] ./src/app/dashboard/page.tsx:8:1
Export presetRange doesn't exist in target module
   6 | import { Select } from '@/components/ui/select'
   7 | import { StatCard } from '@/components/dashboard/stat-card'
>  8 | import {
     | ^^^^^^^
>  9 |   PeriodSelector,
     | ^^^^^^^^^^^^^^^^^
> 10 |   presetRange,
     | ^^^^^^^^^^^^^^
> 11 |   type PeriodPreset,
     | ^^^^^^^^^^^^^^^^^^^^
> 12 | } from '@/components/dashboard/period-selector'
     | ^^^^^^^^^^^^^^^^^^^^^^^^^^^^^^^^^^^^^^^^^^^^^^^
  13 | import { SpendingTrend } from '@/components/dashboard/spending-trend'
  14 | import { CategoryBreakdown } from '@/components/dashboard/category-breakdown'
  15 | import { TopMerchants } from '@/components/dashboard/top-merchants'

The export presetRange was not found in module [project]/src/components/dashboard/period-selector.tsx [app-ssr] (ecmascript).
Did you mean to import PeriodSelector?
All exports of the module are statically known (It doesn't have dynamic exports). So it's known statically that the requested export doesn't exist.

Import traces:
  Client Component Browser:
    ./src/app/dashboard/page.tsx [Client Component Browser]
    ./src/app/dashboard/page.tsx [Server Component]

  Client Component SSR:
    ./src/app/dashboard/page.tsx [Client Component SSR]
    ./src/app/dashboard/page.tsx [Server Component] @ http://localhost:3000/_next/static/chunks/node_modules_next_dist_20ud_8w._.js:2099
[  608513ms] [ERROR] ./src/app/dashboard/page.tsx:8:1
Export presetRange doesn't exist in target module
   6 | import { Select } from '@/components/ui/select'
   7 | import { StatCard } from '@/components/dashboard/stat-card'
>  8 | import {
     | ^^^^^^^
>  9 |   PeriodSelector,
     | ^^^^^^^^^^^^^^^^^
> 10 |   presetRange,
     | ^^^^^^^^^^^^^^
> 11 |   type PeriodPreset,
     | ^^^^^^^^^^^^^^^^^^^^
> 12 | } from '@/components/dashboard/period-selector'
     | ^^^^^^^^^^^^^^^^^^^^^^^^^^^^^^^^^^^^^^^^^^^^^^^
  13 | import { SpendingTrend } from '@/components/dashboard/spending-trend'
  14 | import { CategoryBreakdown } from '@/components/dashboard/category-breakdown'
  15 | import { TopMerchants } from '@/components/dashboard/top-merchants'

The export presetRange was not found in module [project]/src/components/dashboard/period-selector.tsx [app-client] (ecmascript).
Did you mean to import PeriodSelector?
All exports of the module are statically known (It doesn't have dynamic exports). So it's known statically that the requested export doesn't exist.

Import traces:
  Client Component Browser:
    ./src/app/dashboard/page.tsx [Client Component Browser]
    ./src/app/dashboard/page.tsx [Server Component]

  Client Component SSR:
    ./src/app/dashboard/page.tsx [Client Component SSR]
    ./src/app/dashboard/page.tsx [Server Component] @ http://localhost:3000/_next/static/chunks/node_modules_next_dist_20ud_8w._.js:2099
[  608513ms] [ERROR] ./src/app/dashboard/page.tsx:8:1
Export presetRange doesn't exist in target module
   6 | import { Select } from '@/components/ui/select'
   7 | import { StatCard } from '@/components/dashboard/stat-card'
>  8 | import {
     | ^^^^^^^
>  9 |   PeriodSelector,
     | ^^^^^^^^^^^^^^^^^
> 10 |   presetRange,
     | ^^^^^^^^^^^^^^
> 11 |   type PeriodPreset,
     | ^^^^^^^^^^^^^^^^^^^^
> 12 | } from '@/components/dashboard/period-selector'
     | ^^^^^^^^^^^^^^^^^^^^^^^^^^^^^^^^^^^^^^^^^^^^^^^
  13 | import { SpendingTrend } from '@/components/dashboard/spending-trend'
  14 | import { CategoryBreakdown } from '@/components/dashboard/category-breakdown'
  15 | import { TopMerchants } from '@/components/dashboard/top-merchants'

The export presetRange was not found in module [project]/src/components/dashboard/period-selector.tsx [app-ssr] (ecmascript).
Did you mean to import PeriodSelector?
All exports of the module are statically known (It doesn't have dynamic exports). So it's known statically that the requested export doesn't exist.

Import traces:
  Client Component Browser:
    ./src/app/dashboard/page.tsx [Client Component Browser]
    ./src/app/dashboard/page.tsx [Server Component]

  Client Component SSR:
    ./src/app/dashboard/page.tsx [Client Component SSR]
    ./src/app/dashboard/page.tsx [Server Component] @ http://localhost:3000/_next/static/chunks/node_modules_next_dist_20ud_8w._.js:2099
[  608620ms] [LOG] [Fast Refresh] rebuilding @ http://localhost:3000/_next/static/chunks/node_modules_next_dist_20ud_8w._.js:1380
[  608710ms] [ERROR] ./src/app/dashboard/page.tsx:8:1
Export presetRange doesn't exist in target module
   6 | import { Select } from '@/components/ui/select'
   7 | import { StatCard } from '@/components/dashboard/stat-card'
>  8 | import {
     | ^^^^^^^
>  9 |   PeriodSelector,
     | ^^^^^^^^^^^^^^^^^
> 10 |   presetRange,
     | ^^^^^^^^^^^^^^
> 11 |   type PeriodPreset,
     | ^^^^^^^^^^^^^^^^^^^^
> 12 | } from '@/components/dashboard/period-selector'
     | ^^^^^^^^^^^^^^^^^^^^^^^^^^^^^^^^^^^^^^^^^^^^^^^
  13 | import { SpendingTrend } from '@/components/dashboard/spending-trend'
  14 | import { CategoryBreakdown } from '@/components/dashboard/category-breakdown'
  15 | import { TopMerchants } from '@/components/dashboard/top-merchants'

The export presetRange was not found in module [project]/src/components/dashboard/period-selector.tsx [app-client] (ecmascript).
Did you mean to import PeriodSelector?
All exports of the module are statically known (It doesn't have dynamic exports). So it's known statically that the requested export doesn't exist.

Import traces:
  Client Component Browser:
    ./src/app/dashboard/page.tsx [Client Component Browser]
    ./src/app/dashboard/page.tsx [Server Component]

  Client Component SSR:
    ./src/app/dashboard/page.tsx [Client Component SSR]
    ./src/app/dashboard/page.tsx [Server Component] @ http://localhost:3000/_next/static/chunks/node_modules_next_dist_20ud_8w._.js:2099
[  608710ms] [ERROR] ./src/app/dashboard/page.tsx:8:1
Export presetRange doesn't exist in target module
   6 | import { Select } from '@/components/ui/select'
   7 | import { StatCard } from '@/components/dashboard/stat-card'
>  8 | import {
     | ^^^^^^^
>  9 |   PeriodSelector,
     | ^^^^^^^^^^^^^^^^^
> 10 |   presetRange,
     | ^^^^^^^^^^^^^^
> 11 |   type PeriodPreset,
     | ^^^^^^^^^^^^^^^^^^^^
> 12 | } from '@/components/dashboard/period-selector'
     | ^^^^^^^^^^^^^^^^^^^^^^^^^^^^^^^^^^^^^^^^^^^^^^^
  13 | import { SpendingTrend } from '@/components/dashboard/spending-trend'
  14 | import { CategoryBreakdown } from '@/components/dashboard/category-breakdown'
  15 | import { TopMerchants } from '@/components/dashboard/top-merchants'

The export presetRange was not found in module [project]/src/components/dashboard/period-selector.tsx [app-ssr] (ecmascript).
Did you mean to import PeriodSelector?
All exports of the module are statically known (It doesn't have dynamic exports). So it's known statically that the requested export doesn't exist.

Import traces:
  Client Component Browser:
    ./src/app/dashboard/page.tsx [Client Component Browser]
    ./src/app/dashboard/page.tsx [Server Component]

  Client Component SSR:
    ./src/app/dashboard/page.tsx [Client Component SSR]
    ./src/app/dashboard/page.tsx [Server Component] @ http://localhost:3000/_next/static/chunks/node_modules_next_dist_20ud_8w._.js:2099
[  608711ms] [ERROR] ./src/app/dashboard/page.tsx:8:1
Export presetRange doesn't exist in target module
   6 | import { Select } from '@/components/ui/select'
   7 | import { StatCard } from '@/components/dashboard/stat-card'
>  8 | import {
     | ^^^^^^^
>  9 |   PeriodSelector,
     | ^^^^^^^^^^^^^^^^^
> 10 |   presetRange,
     | ^^^^^^^^^^^^^^
> 11 |   type PeriodPreset,
     | ^^^^^^^^^^^^^^^^^^^^
> 12 | } from '@/components/dashboard/period-selector'
     | ^^^^^^^^^^^^^^^^^^^^^^^^^^^^^^^^^^^^^^^^^^^^^^^
  13 | import { SpendingTrend } from '@/components/dashboard/spending-trend'
  14 | import { CategoryBreakdown } from '@/components/dashboard/category-breakdown'
  15 | import { TopMerchants } from '@/components/dashboard/top-merchants'

The export presetRange was not found in module [project]/src/components/dashboard/period-selector.tsx [app-client] (ecmascript).
Did you mean to import PeriodSelector?
All exports of the module are statically known (It doesn't have dynamic exports). So it's known statically that the requested export doesn't exist.

Import traces:
  Client Component Browser:
    ./src/app/dashboard/page.tsx [Client Component Browser]
    ./src/app/dashboard/page.tsx [Server Component]

  Client Component SSR:
    ./src/app/dashboard/page.tsx [Client Component SSR]
    ./src/app/dashboard/page.tsx [Server Component] @ http://localhost:3000/_next/static/chunks/node_modules_next_dist_20ud_8w._.js:2099
[  608711ms] [ERROR] ./src/app/dashboard/page.tsx:8:1
Export presetRange doesn't exist in target module
   6 | import { Select } from '@/components/ui/select'
   7 | import { StatCard } from '@/components/dashboard/stat-card'
>  8 | import {
     | ^^^^^^^
>  9 |   PeriodSelector,
     | ^^^^^^^^^^^^^^^^^
> 10 |   presetRange,
     | ^^^^^^^^^^^^^^
> 11 |   type PeriodPreset,
     | ^^^^^^^^^^^^^^^^^^^^
> 12 | } from '@/components/dashboard/period-selector'
     | ^^^^^^^^^^^^^^^^^^^^^^^^^^^^^^^^^^^^^^^^^^^^^^^
  13 | import { SpendingTrend } from '@/components/dashboard/spending-trend'
  14 | import { CategoryBreakdown } from '@/components/dashboard/category-breakdown'
  15 | import { TopMerchants } from '@/components/dashboard/top-merchants'

The export presetRange was not found in module [project]/src/components/dashboard/period-selector.tsx [app-ssr] (ecmascript).
Did you mean to import PeriodSelector?
All exports of the module are statically known (It doesn't have dynamic exports). So it's known statically that the requested export doesn't exist.

Import traces:
  Client Component Browser:
    ./src/app/dashboard/page.tsx [Client Component Browser]
    ./src/app/dashboard/page.tsx [Server Component]

  Client Component SSR:
    ./src/app/dashboard/page.tsx [Client Component SSR]
    ./src/app/dashboard/page.tsx [Server Component] @ http://localhost:3000/_next/static/chunks/node_modules_next_dist_20ud_8w._.js:2099
[  608803ms] [ERROR] Failed to load resource: the server responded with a status of 500 (Internal Server Error) @ http://localhost:3000/expenses:0
[  608843ms] [INFO] %cDownload the React DevTools for a better development experience: https://react.dev/link/react-devtools font-weight:bold @ http://localhost:3000/_next/static/chunks/node_modules_react-dom_0kla17-._.js:15305
[  608855ms] Error: ./src/app/dashboard/page.tsx:8:1
Export presetRange doesn't exist in target module
   6 | import { Select } from '@/components/ui/select'
   7 | import { StatCard } from '@/components/dashboard/stat-card'
>  8 | import {
     | ^^^^^^^
>  9 |   PeriodSelector,
     | ^^^^^^^^^^^^^^^^^
> 10 |   presetRange,
     | ^^^^^^^^^^^^^^
> 11 |   type PeriodPreset,
     | ^^^^^^^^^^^^^^^^^^^^
> 12 | } from '@/components/dashboard/period-selector'
     | ^^^^^^^^^^^^^^^^^^^^^^^^^^^^^^^^^^^^^^^^^^^^^^^
  13 | import { SpendingTrend } from '@/components/dashboard/spending-trend'
  14 | import { CategoryBreakdown } from '@/components/dashboard/category-breakdown'
  15 | import { TopMerchants } from '@/components/dashboard/top-merchants'

The export presetRange was not found in module [project]/src/components/dashboard/period-selector.tsx [app-client] (ecmascript).
Did you mean to import PeriodSelector?
All exports of the module are statically known (It doesn't have dynamic exports). So it's known statically that the requested export doesn't exist.

Import traces:
  Client Component Browser:
    ./src/app/dashboard/page.tsx [Client Component Browser]
    ./src/app/dashboard/page.tsx [Server Component]

  Client Component SSR:
    ./src/app/dashboard/page.tsx [Client Component SSR]
    ./src/app/dashboard/page.tsx [Server Component]


    at <unknown> (Error: ./src/app/dashboard/page.tsx:8:1)
    at Object.getCompilationErrors (file://C:\Users\Najmi Briliant\vscode\finance-tracker\littlefinger\node_modules\next\dist\server\dev\hot-reloader-turbopack.js:1186:59)
    at DevBundlerService.getCompilationError (file://C:\Users\Najmi Briliant\vscode\finance-tracker\littlefinger\node_modules\next\dist\server\lib\dev-bundler-service.js:44:55)
    at DevServer.getCompilationError (file://C:\Users\Najmi Briliant\vscode\finance-tracker\littlefinger\node_modules\next\dist\server\dev\next-dev-server.js:720:42)
    at DevServer.findPageComponents (file://C:\Users\Najmi Briliant\vscode\finance-tracker\littlefinger\node_modules\next\dist\server\dev\next-dev-server.js:690:43)
    at async DevServer.renderErrorToResponseImpl (file://C:\Users\Najmi Briliant\vscode\finance-tracker\littlefinger\node_modules\next\dist\server\base-server.js:1753:26)
[  608857ms] [LOG] [HMR] connected @ http://localhost:3000/_next/static/chunks/node_modules_next_dist_20ud_8w._.js:1380
[  608861ms] [ERROR] ./src/app/dashboard/page.tsx:8:1
Export presetRange doesn't exist in target module
   6 | import { Select } from '@/components/ui/select'
   7 | import { StatCard } from '@/components/dashboard/stat-card'
>  8 | import {
     | ^^^^^^^
>  9 |   PeriodSelector,
     | ^^^^^^^^^^^^^^^^^
> 10 |   presetRange,
     | ^^^^^^^^^^^^^^
> 11 |   type PeriodPreset,
     | ^^^^^^^^^^^^^^^^^^^^
> 12 | } from '@/components/dashboard/period-selector'
     | ^^^^^^^^^^^^^^^^^^^^^^^^^^^^^^^^^^^^^^^^^^^^^^^
  13 | import { SpendingTrend } from '@/components/dashboard/spending-trend'
  14 | import { CategoryBreakdown } from '@/components/dashboard/category-breakdown'
  15 | import { TopMerchants } from '@/components/dashboard/top-merchants'

The export presetRange was not found in module [project]/src/components/dashboard/period-selector.tsx [app-client] (ecmascript).
Did you mean to import PeriodSelector?
All exports of the module are statically known (It doesn't have dynamic exports). So it's known statically that the requested export doesn't exist.

Import traces:
  Client Component Browser:
    ./src/app/dashboard/page.tsx [Client Component Browser]
    ./src/app/dashboard/page.tsx [Server Component]

  Client Component SSR:
    ./src/app/dashboard/page.tsx [Client Component SSR]
    ./src/app/dashboard/page.tsx [Server Component] @ http://localhost:3000/_next/static/chunks/node_modules_next_dist_20ud_8w._.js:2099
[  608861ms] [ERROR] ./src/app/dashboard/page.tsx:8:1
Export presetRange doesn't exist in target module
   6 | import { Select } from '@/components/ui/select'
   7 | import { StatCard } from '@/components/dashboard/stat-card'
>  8 | import {
     | ^^^^^^^
>  9 |   PeriodSelector,
     | ^^^^^^^^^^^^^^^^^
> 10 |   presetRange,
     | ^^^^^^^^^^^^^^
> 11 |   type PeriodPreset,
     | ^^^^^^^^^^^^^^^^^^^^
> 12 | } from '@/components/dashboard/period-selector'
     | ^^^^^^^^^^^^^^^^^^^^^^^^^^^^^^^^^^^^^^^^^^^^^^^
  13 | import { SpendingTrend } from '@/components/dashboard/spending-trend'
  14 | import { CategoryBreakdown } from '@/components/dashboard/category-breakdown'
  15 | import { TopMerchants } from '@/components/dashboard/top-merchants'

The export presetRange was not found in module [project]/src/components/dashboard/period-selector.tsx [app-ssr] (ecmascript).
Did you mean to import PeriodSelector?
All exports of the module are statically known (It doesn't have dynamic exports). So it's known statically that the requested export doesn't exist.

Import traces:
  Client Component Browser:
    ./src/app/dashboard/page.tsx [Client Component Browser]
    ./src/app/dashboard/page.tsx [Server Component]

  Client Component SSR:
    ./src/app/dashboard/page.tsx [Client Component SSR]
    ./src/app/dashboard/page.tsx [Server Component] @ http://localhost:3000/_next/static/chunks/node_modules_next_dist_20ud_8w._.js:2099
[  608931ms] [ERROR] ./src/app/dashboard/page.tsx:8:1
Export presetRange doesn't exist in target module
   6 | import { Select } from '@/components/ui/select'
   7 | import { StatCard } from '@/components/dashboard/stat-card'
>  8 | import {
     | ^^^^^^^
>  9 |   PeriodSelector,
     | ^^^^^^^^^^^^^^^^^
> 10 |   presetRange,
     | ^^^^^^^^^^^^^^
> 11 |   type PeriodPreset,
     | ^^^^^^^^^^^^^^^^^^^^
> 12 | } from '@/components/dashboard/period-selector'
     | ^^^^^^^^^^^^^^^^^^^^^^^^^^^^^^^^^^^^^^^^^^^^^^^
  13 | import { SpendingTrend } from '@/components/dashboard/spending-trend'
  14 | import { CategoryBreakdown } from '@/components/dashboard/category-breakdown'
  15 | import { TopMerchants } from '@/components/dashboard/top-merchants'

The export presetRange was not found in module [project]/src/components/dashboard/period-selector.tsx [app-client] (ecmascript).
Did you mean to import PeriodSelector?
All exports of the module are statically known (It doesn't have dynamic exports). So it's known statically that the requested export doesn't exist.

Import traces:
  Client Component Browser:
    ./src/app/dashboard/page.tsx [Client Component Browser]
    ./src/app/dashboard/page.tsx [Server Component]

  Client Component SSR:
    ./src/app/dashboard/page.tsx [Client Component SSR]
    ./src/app/dashboard/page.tsx [Server Component] @ http://localhost:3000/_next/static/chunks/node_modules_next_dist_20ud_8w._.js:2099
[  608932ms] [ERROR] ./src/app/dashboard/page.tsx:8:1
Export presetRange doesn't exist in target module
   6 | import { Select } from '@/components/ui/select'
   7 | import { StatCard } from '@/components/dashboard/stat-card'
>  8 | import {
     | ^^^^^^^
>  9 |   PeriodSelector,
     | ^^^^^^^^^^^^^^^^^
> 10 |   presetRange,
     | ^^^^^^^^^^^^^^
> 11 |   type PeriodPreset,
     | ^^^^^^^^^^^^^^^^^^^^
> 12 | } from '@/components/dashboard/period-selector'
     | ^^^^^^^^^^^^^^^^^^^^^^^^^^^^^^^^^^^^^^^^^^^^^^^
  13 | import { SpendingTrend } from '@/components/dashboard/spending-trend'
  14 | import { CategoryBreakdown } from '@/components/dashboard/category-breakdown'
  15 | import { TopMerchants } from '@/components/dashboard/top-merchants'

The export presetRange was not found in module [project]/src/components/dashboard/period-selector.tsx [app-ssr] (ecmascript).
Did you mean to import PeriodSelector?
All exports of the module are statically known (It doesn't have dynamic exports). So it's known statically that the requested export doesn't exist.

Import traces:
  Client Component Browser:
    ./src/app/dashboard/page.tsx [Client Component Browser]
    ./src/app/dashboard/page.tsx [Server Component]

  Client Component SSR:
    ./src/app/dashboard/page.tsx [Client Component SSR]
    ./src/app/dashboard/page.tsx [Server Component] @ http://localhost:3000/_next/static/chunks/node_modules_next_dist_20ud_8w._.js:2099
[  609022ms] [ERROR] ./src/app/dashboard/page.tsx:8:1
Export presetRange doesn't exist in target module
   6 | import { Select } from '@/components/ui/select'
   7 | import { StatCard } from '@/components/dashboard/stat-card'
>  8 | import {
     | ^^^^^^^
>  9 |   PeriodSelector,
     | ^^^^^^^^^^^^^^^^^
> 10 |   presetRange,
     | ^^^^^^^^^^^^^^
> 11 |   type PeriodPreset,
     | ^^^^^^^^^^^^^^^^^^^^
> 12 | } from '@/components/dashboard/period-selector'
     | ^^^^^^^^^^^^^^^^^^^^^^^^^^^^^^^^^^^^^^^^^^^^^^^
  13 | import { SpendingTrend } from '@/components/dashboard/spending-trend'
  14 | import { CategoryBreakdown } from '@/components/dashboard/category-breakdown'
  15 | import { TopMerchants } from '@/components/dashboard/top-merchants'

The export presetRange was not found in module [project]/src/components/dashboard/period-selector.tsx [app-client] (ecmascript).
Did you mean to import PeriodSelector?
All exports of the module are statically known (It doesn't have dynamic exports). So it's known statically that the requested export doesn't exist.

Import traces:
  Client Component Browser:
    ./src/app/dashboard/page.tsx [Client Component Browser]
    ./src/app/dashboard/page.tsx [Server Component]

  Client Component SSR:
    ./src/app/dashboard/page.tsx [Client Component SSR]
    ./src/app/dashboard/page.tsx [Server Component] @ http://localhost:3000/_next/static/chunks/node_modules_next_dist_20ud_8w._.js:2099
[  609023ms] [ERROR] ./src/app/dashboard/page.tsx:8:1
Export presetRange doesn't exist in target module
   6 | import { Select } from '@/components/ui/select'
   7 | import { StatCard } from '@/components/dashboard/stat-card'
>  8 | import {
     | ^^^^^^^
>  9 |   PeriodSelector,
     | ^^^^^^^^^^^^^^^^^
> 10 |   presetRange,
     | ^^^^^^^^^^^^^^
> 11 |   type PeriodPreset,
     | ^^^^^^^^^^^^^^^^^^^^
> 12 | } from '@/components/dashboard/period-selector'
     | ^^^^^^^^^^^^^^^^^^^^^^^^^^^^^^^^^^^^^^^^^^^^^^^
  13 | import { SpendingTrend } from '@/components/dashboard/spending-trend'
  14 | import { CategoryBreakdown } from '@/components/dashboard/category-breakdown'
  15 | import { TopMerchants } from '@/components/dashboard/top-merchants'

The export presetRange was not found in module [project]/src/components/dashboard/period-selector.tsx [app-ssr] (ecmascript).
Did you mean to import PeriodSelector?
All exports of the module are statically known (It doesn't have dynamic exports). So it's known statically that the requested export doesn't exist.

Import traces:
  Client Component Browser:
    ./src/app/dashboard/page.tsx [Client Component Browser]
    ./src/app/dashboard/page.tsx [Server Component]

  Client Component SSR:
    ./src/app/dashboard/page.tsx [Client Component SSR]
    ./src/app/dashboard/page.tsx [Server Component] @ http://localhost:3000/_next/static/chunks/node_modules_next_dist_20ud_8w._.js:2099
[  609085ms] [ERROR] ./src/app/dashboard/page.tsx:8:1
Export presetRange doesn't exist in target module
   6 | import { Select } from '@/components/ui/select'
   7 | import { StatCard } from '@/components/dashboard/stat-card'
>  8 | import {
     | ^^^^^^^
>  9 |   PeriodSelector,
     | ^^^^^^^^^^^^^^^^^
> 10 |   presetRange,
     | ^^^^^^^^^^^^^^
> 11 |   type PeriodPreset,
     | ^^^^^^^^^^^^^^^^^^^^
> 12 | } from '@/components/dashboard/period-selector'
     | ^^^^^^^^^^^^^^^^^^^^^^^^^^^^^^^^^^^^^^^^^^^^^^^
  13 | import { SpendingTrend } from '@/components/dashboard/spending-trend'
  14 | import { CategoryBreakdown } from '@/components/dashboard/category-breakdown'
  15 | import { TopMerchants } from '@/components/dashboard/top-merchants'

The export presetRange was not found in module [project]/src/components/dashboard/period-selector.tsx [app-client] (ecmascript).
Did you mean to import PeriodSelector?
All exports of the module are statically known (It doesn't have dynamic exports). So it's known statically that the requested export doesn't exist.

Import traces:
  Client Component Browser:
    ./src/app/dashboard/page.tsx [Client Component Browser]
    ./src/app/dashboard/page.tsx [Server Component]

  Client Component SSR:
    ./src/app/dashboard/page.tsx [Client Component SSR]
    ./src/app/dashboard/page.tsx [Server Component] @ http://localhost:3000/_next/static/chunks/node_modules_next_dist_20ud_8w._.js:2099
[  609085ms] [ERROR] ./src/app/dashboard/page.tsx:8:1
Export presetRange doesn't exist in target module
   6 | import { Select } from '@/components/ui/select'
   7 | import { StatCard } from '@/components/dashboard/stat-card'
>  8 | import {
     | ^^^^^^^
>  9 |   PeriodSelector,
     | ^^^^^^^^^^^^^^^^^
> 10 |   presetRange,
     | ^^^^^^^^^^^^^^
> 11 |   type PeriodPreset,
     | ^^^^^^^^^^^^^^^^^^^^
> 12 | } from '@/components/dashboard/period-selector'
     | ^^^^^^^^^^^^^^^^^^^^^^^^^^^^^^^^^^^^^^^^^^^^^^^
  13 | import { SpendingTrend } from '@/components/dashboard/spending-trend'
  14 | import { CategoryBreakdown } from '@/components/dashboard/category-breakdown'
  15 | import { TopMerchants } from '@/components/dashboard/top-merchants'

The export presetRange was not found in module [project]/src/components/dashboard/period-selector.tsx [app-ssr] (ecmascript).
Did you mean to import PeriodSelector?
All exports of the module are statically known (It doesn't have dynamic exports). So it's known statically that the requested export doesn't exist.

Import traces:
  Client Component Browser:
    ./src/app/dashboard/page.tsx [Client Component Browser]
    ./src/app/dashboard/page.tsx [Server Component]

  Client Component SSR:
    ./src/app/dashboard/page.tsx [Client Component SSR]
    ./src/app/dashboard/page.tsx [Server Component] @ http://localhost:3000/_next/static/chunks/node_modules_next_dist_20ud_8w._.js:2099
[  609146ms] [ERROR] ./src/app/dashboard/page.tsx:8:1
Export presetRange doesn't exist in target module
   6 | import { Select } from '@/components/ui/select'
   7 | import { StatCard } from '@/components/dashboard/stat-card'
>  8 | import {
     | ^^^^^^^
>  9 |   PeriodSelector,
     | ^^^^^^^^^^^^^^^^^
> 10 |   presetRange,
     | ^^^^^^^^^^^^^^
> 11 |   type PeriodPreset,
     | ^^^^^^^^^^^^^^^^^^^^
> 12 | } from '@/components/dashboard/period-selector'
     | ^^^^^^^^^^^^^^^^^^^^^^^^^^^^^^^^^^^^^^^^^^^^^^^
  13 | import { SpendingTrend } from '@/components/dashboard/spending-trend'
  14 | import { CategoryBreakdown } from '@/components/dashboard/category-breakdown'
  15 | import { TopMerchants } from '@/components/dashboard/top-merchants'

The export presetRange was not found in module [project]/src/components/dashboard/period-selector.tsx [app-client] (ecmascript).
Did you mean to import PeriodSelector?
All exports of the module are statically known (It doesn't have dynamic exports). So it's known statically that the requested export doesn't exist.

Import traces:
  Client Component Browser:
    ./src/app/dashboard/page.tsx [Client Component Browser]
    ./src/app/dashboard/page.tsx [Server Component]

  Client Component SSR:
    ./src/app/dashboard/page.tsx [Client Component SSR]
    ./src/app/dashboard/page.tsx [Server Component] @ http://localhost:3000/_next/static/chunks/node_modules_next_dist_20ud_8w._.js:2099
[  609146ms] [ERROR] ./src/app/dashboard/page.tsx:8:1
Export presetRange doesn't exist in target module
   6 | import { Select } from '@/components/ui/select'
   7 | import { StatCard } from '@/components/dashboard/stat-card'
>  8 | import {
     | ^^^^^^^
>  9 |   PeriodSelector,
     | ^^^^^^^^^^^^^^^^^
> 10 |   presetRange,
     | ^^^^^^^^^^^^^^
> 11 |   type PeriodPreset,
     | ^^^^^^^^^^^^^^^^^^^^
> 12 | } from '@/components/dashboard/period-selector'
     | ^^^^^^^^^^^^^^^^^^^^^^^^^^^^^^^^^^^^^^^^^^^^^^^
  13 | import { SpendingTrend } from '@/components/dashboard/spending-trend'
  14 | import { CategoryBreakdown } from '@/components/dashboard/category-breakdown'
  15 | import { TopMerchants } from '@/components/dashboard/top-merchants'

The export presetRange was not found in module [project]/src/components/dashboard/period-selector.tsx [app-ssr] (ecmascript).
Did you mean to import PeriodSelector?
All exports of the module are statically known (It doesn't have dynamic exports). So it's known statically that the requested export doesn't exist.

Import traces:
  Client Component Browser:
    ./src/app/dashboard/page.tsx [Client Component Browser]
    ./src/app/dashboard/page.tsx [Server Component]

  Client Component SSR:
    ./src/app/dashboard/page.tsx [Client Component SSR]
    ./src/app/dashboard/page.tsx [Server Component] @ http://localhost:3000/_next/static/chunks/node_modules_next_dist_20ud_8w._.js:2099
[  609208ms] [ERROR] ./src/app/dashboard/page.tsx:8:1
Export presetRange doesn't exist in target module
   6 | import { Select } from '@/components/ui/select'
   7 | import { StatCard } from '@/components/dashboard/stat-card'
>  8 | import {
     | ^^^^^^^
>  9 |   PeriodSelector,
     | ^^^^^^^^^^^^^^^^^
> 10 |   presetRange,
     | ^^^^^^^^^^^^^^
> 11 |   type PeriodPreset,
     | ^^^^^^^^^^^^^^^^^^^^
> 12 | } from '@/components/dashboard/period-selector'
     | ^^^^^^^^^^^^^^^^^^^^^^^^^^^^^^^^^^^^^^^^^^^^^^^
  13 | import { SpendingTrend } from '@/components/dashboard/spending-trend'
  14 | import { CategoryBreakdown } from '@/components/dashboard/category-breakdown'
  15 | import { TopMerchants } from '@/components/dashboard/top-merchants'

The export presetRange was not found in module [project]/src/components/dashboard/period-selector.tsx [app-client] (ecmascript).
Did you mean to import PeriodSelector?
All exports of the module are statically known (It doesn't have dynamic exports). So it's known statically that the requested export doesn't exist.

Import traces:
  Client Component Browser:
    ./src/app/dashboard/page.tsx [Client Component Browser]
    ./src/app/dashboard/page.tsx [Server Component]

  Client Component SSR:
    ./src/app/dashboard/page.tsx [Client Component SSR]
    ./src/app/dashboard/page.tsx [Server Component] @ http://localhost:3000/_next/static/chunks/node_modules_next_dist_20ud_8w._.js:2099
[  609208ms] [ERROR] ./src/app/dashboard/page.tsx:8:1
Export presetRange doesn't exist in target module
   6 | import { Select } from '@/components/ui/select'
   7 | import { StatCard } from '@/components/dashboard/stat-card'
>  8 | import {
     | ^^^^^^^
>  9 |   PeriodSelector,
     | ^^^^^^^^^^^^^^^^^
> 10 |   presetRange,
     | ^^^^^^^^^^^^^^
> 11 |   type PeriodPreset,
     | ^^^^^^^^^^^^^^^^^^^^
> 12 | } from '@/components/dashboard/period-selector'
     | ^^^^^^^^^^^^^^^^^^^^^^^^^^^^^^^^^^^^^^^^^^^^^^^
  13 | import { SpendingTrend } from '@/components/dashboard/spending-trend'
  14 | import { CategoryBreakdown } from '@/components/dashboard/category-breakdown'
  15 | import { TopMerchants } from '@/components/dashboard/top-merchants'

The export presetRange was not found in module [project]/src/components/dashboard/period-selector.tsx [app-ssr] (ecmascript).
Did you mean to import PeriodSelector?
All exports of the module are statically known (It doesn't have dynamic exports). So it's known statically that the requested export doesn't exist.

Import traces:
  Client Component Browser:
    ./src/app/dashboard/page.tsx [Client Component Browser]
    ./src/app/dashboard/page.tsx [Server Component]

  Client Component SSR:
    ./src/app/dashboard/page.tsx [Client Component SSR]
    ./src/app/dashboard/page.tsx [Server Component] @ http://localhost:3000/_next/static/chunks/node_modules_next_dist_20ud_8w._.js:2099
[  609271ms] [ERROR] ./src/app/dashboard/page.tsx:8:1
Export presetRange doesn't exist in target module
   6 | import { Select } from '@/components/ui/select'
   7 | import { StatCard } from '@/components/dashboard/stat-card'
>  8 | import {
     | ^^^^^^^
>  9 |   PeriodSelector,
     | ^^^^^^^^^^^^^^^^^
> 10 |   presetRange,
     | ^^^^^^^^^^^^^^
> 11 |   type PeriodPreset,
     | ^^^^^^^^^^^^^^^^^^^^
> 12 | } from '@/components/dashboard/period-selector'
     | ^^^^^^^^^^^^^^^^^^^^^^^^^^^^^^^^^^^^^^^^^^^^^^^
  13 | import { SpendingTrend } from '@/components/dashboard/spending-trend'
  14 | import { CategoryBreakdown } from '@/components/dashboard/category-breakdown'
  15 | import { TopMerchants } from '@/components/dashboard/top-merchants'

The export presetRange was not found in module [project]/src/components/dashboard/period-selector.tsx [app-client] (ecmascript).
Did you mean to import PeriodSelector?
All exports of the module are statically known (It doesn't have dynamic exports). So it's known statically that the requested export doesn't exist.

Import traces:
  Client Component Browser:
    ./src/app/dashboard/page.tsx [Client Component Browser]
    ./src/app/dashboard/page.tsx [Server Component]

  Client Component SSR:
    ./src/app/dashboard/page.tsx [Client Component SSR]
    ./src/app/dashboard/page.tsx [Server Component] @ http://localhost:3000/_next/static/chunks/node_modules_next_dist_20ud_8w._.js:2099
[  609271ms] [ERROR] ./src/app/dashboard/page.tsx:8:1
Export presetRange doesn't exist in target module
   6 | import { Select } from '@/components/ui/select'
   7 | import { StatCard } from '@/components/dashboard/stat-card'
>  8 | import {
     | ^^^^^^^
>  9 |   PeriodSelector,
     | ^^^^^^^^^^^^^^^^^
> 10 |   presetRange,
     | ^^^^^^^^^^^^^^
> 11 |   type PeriodPreset,
     | ^^^^^^^^^^^^^^^^^^^^
> 12 | } from '@/components/dashboard/period-selector'
     | ^^^^^^^^^^^^^^^^^^^^^^^^^^^^^^^^^^^^^^^^^^^^^^^
  13 | import { SpendingTrend } from '@/components/dashboard/spending-trend'
  14 | import { CategoryBreakdown } from '@/components/dashboard/category-breakdown'
  15 | import { TopMerchants } from '@/components/dashboard/top-merchants'

The export presetRange was not found in module [project]/src/components/dashboard/period-selector.tsx [app-ssr] (ecmascript).
Did you mean to import PeriodSelector?
All exports of the module are statically known (It doesn't have dynamic exports). So it's known statically that the requested export doesn't exist.

Import traces:
  Client Component Browser:
    ./src/app/dashboard/page.tsx [Client Component Browser]
    ./src/app/dashboard/page.tsx [Server Component]

  Client Component SSR:
    ./src/app/dashboard/page.tsx [Client Component SSR]
    ./src/app/dashboard/page.tsx [Server Component] @ http://localhost:3000/_next/static/chunks/node_modules_next_dist_20ud_8w._.js:2099
[  609333ms] [ERROR] ./src/app/dashboard/page.tsx:8:1
Export presetRange doesn't exist in target module
   6 | import { Select } from '@/components/ui/select'
   7 | import { StatCard } from '@/components/dashboard/stat-card'
>  8 | import {
     | ^^^^^^^
>  9 |   PeriodSelector,
     | ^^^^^^^^^^^^^^^^^
> 10 |   presetRange,
     | ^^^^^^^^^^^^^^
> 11 |   type PeriodPreset,
     | ^^^^^^^^^^^^^^^^^^^^
> 12 | } from '@/components/dashboard/period-selector'
     | ^^^^^^^^^^^^^^^^^^^^^^^^^^^^^^^^^^^^^^^^^^^^^^^
  13 | import { SpendingTrend } from '@/components/dashboard/spending-trend'
  14 | import { CategoryBreakdown } from '@/components/dashboard/category-breakdown'
  15 | import { TopMerchants } from '@/components/dashboard/top-merchants'

The export presetRange was not found in module [project]/src/components/dashboard/period-selector.tsx [app-client] (ecmascript).
Did you mean to import PeriodSelector?
All exports of the module are statically known (It doesn't have dynamic exports). So it's known statically that the requested export doesn't exist.

Import traces:
  Client Component Browser:
    ./src/app/dashboard/page.tsx [Client Component Browser]
    ./src/app/dashboard/page.tsx [Server Component]

  Client Component SSR:
    ./src/app/dashboard/page.tsx [Client Component SSR]
    ./src/app/dashboard/page.tsx [Server Component] @ http://localhost:3000/_next/static/chunks/node_modules_next_dist_20ud_8w._.js:2099
[  609333ms] [ERROR] ./src/app/dashboard/page.tsx:8:1
Export presetRange doesn't exist in target module
   6 | import { Select } from '@/components/ui/select'
   7 | import { StatCard } from '@/components/dashboard/stat-card'
>  8 | import {
     | ^^^^^^^
>  9 |   PeriodSelector,
     | ^^^^^^^^^^^^^^^^^
> 10 |   presetRange,
     | ^^^^^^^^^^^^^^
> 11 |   type PeriodPreset,
     | ^^^^^^^^^^^^^^^^^^^^
> 12 | } from '@/components/dashboard/period-selector'
     | ^^^^^^^^^^^^^^^^^^^^^^^^^^^^^^^^^^^^^^^^^^^^^^^
  13 | import { SpendingTrend } from '@/components/dashboard/spending-trend'
  14 | import { CategoryBreakdown } from '@/components/dashboard/category-breakdown'
  15 | import { TopMerchants } from '@/components/dashboard/top-merchants'

The export presetRange was not found in module [project]/src/components/dashboard/period-selector.tsx [app-ssr] (ecmascript).
Did you mean to import PeriodSelector?
All exports of the module are statically known (It doesn't have dynamic exports). So it's known statically that the requested export doesn't exist.

Import traces:
  Client Component Browser:
    ./src/app/dashboard/page.tsx [Client Component Browser]
    ./src/app/dashboard/page.tsx [Server Component]

  Client Component SSR:
    ./src/app/dashboard/page.tsx [Client Component SSR]
    ./src/app/dashboard/page.tsx [Server Component] @ http://localhost:3000/_next/static/chunks/node_modules_next_dist_20ud_8w._.js:2099
[  609396ms] [ERROR] ./src/app/dashboard/page.tsx:8:1
Export presetRange doesn't exist in target module
   6 | import { Select } from '@/components/ui/select'
   7 | import { StatCard } from '@/components/dashboard/stat-card'
>  8 | import {
     | ^^^^^^^
>  9 |   PeriodSelector,
     | ^^^^^^^^^^^^^^^^^
> 10 |   presetRange,
     | ^^^^^^^^^^^^^^
> 11 |   type PeriodPreset,
     | ^^^^^^^^^^^^^^^^^^^^
> 12 | } from '@/components/dashboard/period-selector'
     | ^^^^^^^^^^^^^^^^^^^^^^^^^^^^^^^^^^^^^^^^^^^^^^^
  13 | import { SpendingTrend } from '@/components/dashboard/spending-trend'
  14 | import { CategoryBreakdown } from '@/components/dashboard/category-breakdown'
  15 | import { TopMerchants } from '@/components/dashboard/top-merchants'

The export presetRange was not found in module [project]/src/components/dashboard/period-selector.tsx [app-client] (ecmascript).
Did you mean to import PeriodSelector?
All exports of the module are statically known (It doesn't have dynamic exports). So it's known statically that the requested export doesn't exist.

Import traces:
  Client Component Browser:
    ./src/app/dashboard/page.tsx [Client Component Browser]
    ./src/app/dashboard/page.tsx [Server Component]

  Client Component SSR:
    ./src/app/dashboard/page.tsx [Client Component SSR]
    ./src/app/dashboard/page.tsx [Server Component] @ http://localhost:3000/_next/static/chunks/node_modules_next_dist_20ud_8w._.js:2099
[  609396ms] [ERROR] ./src/app/dashboard/page.tsx:8:1
Export presetRange doesn't exist in target module
   6 | import { Select } from '@/components/ui/select'
   7 | import { StatCard } from '@/components/dashboard/stat-card'
>  8 | import {
     | ^^^^^^^
>  9 |   PeriodSelector,
     | ^^^^^^^^^^^^^^^^^
> 10 |   presetRange,
     | ^^^^^^^^^^^^^^
> 11 |   type PeriodPreset,
     | ^^^^^^^^^^^^^^^^^^^^
> 12 | } from '@/components/dashboard/period-selector'
     | ^^^^^^^^^^^^^^^^^^^^^^^^^^^^^^^^^^^^^^^^^^^^^^^
  13 | import { SpendingTrend } from '@/components/dashboard/spending-trend'
  14 | import { CategoryBreakdown } from '@/components/dashboard/category-breakdown'
  15 | import { TopMerchants } from '@/components/dashboard/top-merchants'

The export presetRange was not found in module [project]/src/components/dashboard/period-selector.tsx [app-ssr] (ecmascript).
Did you mean to import PeriodSelector?
All exports of the module are statically known (It doesn't have dynamic exports). So it's known statically that the requested export doesn't exist.

Import traces:
  Client Component Browser:
    ./src/app/dashboard/page.tsx [Client Component Browser]
    ./src/app/dashboard/page.tsx [Server Component]

  Client Component SSR:
    ./src/app/dashboard/page.tsx [Client Component SSR]
    ./src/app/dashboard/page.tsx [Server Component] @ http://localhost:3000/_next/static/chunks/node_modules_next_dist_20ud_8w._.js:2099
[  609459ms] [ERROR] ./src/app/dashboard/page.tsx:8:1
Export presetRange doesn't exist in target module
   6 | import { Select } from '@/components/ui/select'
   7 | import { StatCard } from '@/components/dashboard/stat-card'
>  8 | import {
     | ^^^^^^^
>  9 |   PeriodSelector,
     | ^^^^^^^^^^^^^^^^^
> 10 |   presetRange,
     | ^^^^^^^^^^^^^^
> 11 |   type PeriodPreset,
     | ^^^^^^^^^^^^^^^^^^^^
> 12 | } from '@/components/dashboard/period-selector'
     | ^^^^^^^^^^^^^^^^^^^^^^^^^^^^^^^^^^^^^^^^^^^^^^^
  13 | import { SpendingTrend } from '@/components/dashboard/spending-trend'
  14 | import { CategoryBreakdown } from '@/components/dashboard/category-breakdown'
  15 | import { TopMerchants } from '@/components/dashboard/top-merchants'

The export presetRange was not found in module [project]/src/components/dashboard/period-selector.tsx [app-client] (ecmascript).
Did you mean to import PeriodSelector?
All exports of the module are statically known (It doesn't have dynamic exports). So it's known statically that the requested export doesn't exist.

Import traces:
  Client Component Browser:
    ./src/app/dashboard/page.tsx [Client Component Browser]
    ./src/app/dashboard/page.tsx [Server Component]

  Client Component SSR:
    ./src/app/dashboard/page.tsx [Client Component SSR]
    ./src/app/dashboard/page.tsx [Server Component] @ http://localhost:3000/_next/static/chunks/node_modules_next_dist_20ud_8w._.js:2099
[  609459ms] [ERROR] ./src/app/dashboard/page.tsx:8:1
Export presetRange doesn't exist in target module
   6 | import { Select } from '@/components/ui/select'
   7 | import { StatCard } from '@/components/dashboard/stat-card'
>  8 | import {
     | ^^^^^^^
>  9 |   PeriodSelector,
     | ^^^^^^^^^^^^^^^^^
> 10 |   presetRange,
     | ^^^^^^^^^^^^^^
> 11 |   type PeriodPreset,
     | ^^^^^^^^^^^^^^^^^^^^
> 12 | } from '@/components/dashboard/period-selector'
     | ^^^^^^^^^^^^^^^^^^^^^^^^^^^^^^^^^^^^^^^^^^^^^^^
  13 | import { SpendingTrend } from '@/components/dashboard/spending-trend'
  14 | import { CategoryBreakdown } from '@/components/dashboard/category-breakdown'
  15 | import { TopMerchants } from '@/components/dashboard/top-merchants'

The export presetRange was not found in module [project]/src/components/dashboard/period-selector.tsx [app-ssr] (ecmascript).
Did you mean to import PeriodSelector?
All exports of the module are statically known (It doesn't have dynamic exports). So it's known statically that the requested export doesn't exist.

Import traces:
  Client Component Browser:
    ./src/app/dashboard/page.tsx [Client Component Browser]
    ./src/app/dashboard/page.tsx [Server Component]

  Client Component SSR:
    ./src/app/dashboard/page.tsx [Client Component SSR]
    ./src/app/dashboard/page.tsx [Server Component] @ http://localhost:3000/_next/static/chunks/node_modules_next_dist_20ud_8w._.js:2099
[  609523ms] [ERROR] ./src/app/dashboard/page.tsx:8:1
Export presetRange doesn't exist in target module
   6 | import { Select } from '@/components/ui/select'
   7 | import { StatCard } from '@/components/dashboard/stat-card'
>  8 | import {
     | ^^^^^^^
>  9 |   PeriodSelector,
     | ^^^^^^^^^^^^^^^^^
> 10 |   presetRange,
     | ^^^^^^^^^^^^^^
> 11 |   type PeriodPreset,
     | ^^^^^^^^^^^^^^^^^^^^
> 12 | } from '@/components/dashboard/period-selector'
     | ^^^^^^^^^^^^^^^^^^^^^^^^^^^^^^^^^^^^^^^^^^^^^^^
  13 | import { SpendingTrend } from '@/components/dashboard/spending-trend'
  14 | import { CategoryBreakdown } from '@/components/dashboard/category-breakdown'
  15 | import { TopMerchants } from '@/components/dashboard/top-merchants'

The export presetRange was not found in module [project]/src/components/dashboard/period-selector.tsx [app-client] (ecmascript).
Did you mean to import PeriodSelector?
All exports of the module are statically known (It doesn't have dynamic exports). So it's known statically that the requested export doesn't exist.

Import traces:
  Client Component Browser:
    ./src/app/dashboard/page.tsx [Client Component Browser]
    ./src/app/dashboard/page.tsx [Server Component]

  Client Component SSR:
    ./src/app/dashboard/page.tsx [Client Component SSR]
    ./src/app/dashboard/page.tsx [Server Component] @ http://localhost:3000/_next/static/chunks/node_modules_next_dist_20ud_8w._.js:2099
[  609523ms] [ERROR] ./src/app/dashboard/page.tsx:8:1
Export presetRange doesn't exist in target module
   6 | import { Select } from '@/components/ui/select'
   7 | import { StatCard } from '@/components/dashboard/stat-card'
>  8 | import {
     | ^^^^^^^
>  9 |   PeriodSelector,
     | ^^^^^^^^^^^^^^^^^
> 10 |   presetRange,
     | ^^^^^^^^^^^^^^
> 11 |   type PeriodPreset,
     | ^^^^^^^^^^^^^^^^^^^^
> 12 | } from '@/components/dashboard/period-selector'
     | ^^^^^^^^^^^^^^^^^^^^^^^^^^^^^^^^^^^^^^^^^^^^^^^
  13 | import { SpendingTrend } from '@/components/dashboard/spending-trend'
  14 | import { CategoryBreakdown } from '@/components/dashboard/category-breakdown'
  15 | import { TopMerchants } from '@/components/dashboard/top-merchants'

The export presetRange was not found in module [project]/src/components/dashboard/period-selector.tsx [app-ssr] (ecmascript).
Did you mean to import PeriodSelector?
All exports of the module are statically known (It doesn't have dynamic exports). So it's known statically that the requested export doesn't exist.

Import traces:
  Client Component Browser:
    ./src/app/dashboard/page.tsx [Client Component Browser]
    ./src/app/dashboard/page.tsx [Server Component]

  Client Component SSR:
    ./src/app/dashboard/page.tsx [Client Component SSR]
    ./src/app/dashboard/page.tsx [Server Component] @ http://localhost:3000/_next/static/chunks/node_modules_next_dist_20ud_8w._.js:2099
[  609585ms] [ERROR] ./src/app/dashboard/page.tsx:8:1
Export presetRange doesn't exist in target module
   6 | import { Select } from '@/components/ui/select'
   7 | import { StatCard } from '@/components/dashboard/stat-card'
>  8 | import {
     | ^^^^^^^
>  9 |   PeriodSelector,
     | ^^^^^^^^^^^^^^^^^
> 10 |   presetRange,
     | ^^^^^^^^^^^^^^
> 11 |   type PeriodPreset,
     | ^^^^^^^^^^^^^^^^^^^^
> 12 | } from '@/components/dashboard/period-selector'
     | ^^^^^^^^^^^^^^^^^^^^^^^^^^^^^^^^^^^^^^^^^^^^^^^
  13 | import { SpendingTrend } from '@/components/dashboard/spending-trend'
  14 | import { CategoryBreakdown } from '@/components/dashboard/category-breakdown'
  15 | import { TopMerchants } from '@/components/dashboard/top-merchants'

The export presetRange was not found in module [project]/src/components/dashboard/period-selector.tsx [app-client] (ecmascript).
Did you mean to import PeriodSelector?
All exports of the module are statically known (It doesn't have dynamic exports). So it's known statically that the requested export doesn't exist.

Import traces:
  Client Component Browser:
    ./src/app/dashboard/page.tsx [Client Component Browser]
    ./src/app/dashboard/page.tsx [Server Component]

  Client Component SSR:
    ./src/app/dashboard/page.tsx [Client Component SSR]
    ./src/app/dashboard/page.tsx [Server Component] @ http://localhost:3000/_next/static/chunks/node_modules_next_dist_20ud_8w._.js:2099
[  609586ms] [ERROR] ./src/app/dashboard/page.tsx:8:1
Export presetRange doesn't exist in target module
   6 | import { Select } from '@/components/ui/select'
   7 | import { StatCard } from '@/components/dashboard/stat-card'
>  8 | import {
     | ^^^^^^^
>  9 |   PeriodSelector,
     | ^^^^^^^^^^^^^^^^^
> 10 |   presetRange,
     | ^^^^^^^^^^^^^^
> 11 |   type PeriodPreset,
     | ^^^^^^^^^^^^^^^^^^^^
> 12 | } from '@/components/dashboard/period-selector'
     | ^^^^^^^^^^^^^^^^^^^^^^^^^^^^^^^^^^^^^^^^^^^^^^^
  13 | import { SpendingTrend } from '@/components/dashboard/spending-trend'
  14 | import { CategoryBreakdown } from '@/components/dashboard/category-breakdown'
  15 | import { TopMerchants } from '@/components/dashboard/top-merchants'

The export presetRange was not found in module [project]/src/components/dashboard/period-selector.tsx [app-ssr] (ecmascript).
Did you mean to import PeriodSelector?
All exports of the module are statically known (It doesn't have dynamic exports). So it's known statically that the requested export doesn't exist.

Import traces:
  Client Component Browser:
    ./src/app/dashboard/page.tsx [Client Component Browser]
    ./src/app/dashboard/page.tsx [Server Component]

  Client Component SSR:
    ./src/app/dashboard/page.tsx [Client Component SSR]
    ./src/app/dashboard/page.tsx [Server Component] @ http://localhost:3000/_next/static/chunks/node_modules_next_dist_20ud_8w._.js:2099
[  609648ms] [ERROR] ./src/app/dashboard/page.tsx:8:1
Export presetRange doesn't exist in target module
   6 | import { Select } from '@/components/ui/select'
   7 | import { StatCard } from '@/components/dashboard/stat-card'
>  8 | import {
     | ^^^^^^^
>  9 |   PeriodSelector,
     | ^^^^^^^^^^^^^^^^^
> 10 |   presetRange,
     | ^^^^^^^^^^^^^^
> 11 |   type PeriodPreset,
     | ^^^^^^^^^^^^^^^^^^^^
> 12 | } from '@/components/dashboard/period-selector'
     | ^^^^^^^^^^^^^^^^^^^^^^^^^^^^^^^^^^^^^^^^^^^^^^^
  13 | import { SpendingTrend } from '@/components/dashboard/spending-trend'
  14 | import { CategoryBreakdown } from '@/components/dashboard/category-breakdown'
  15 | import { TopMerchants } from '@/components/dashboard/top-merchants'

The export presetRange was not found in module [project]/src/components/dashboard/period-selector.tsx [app-client] (ecmascript).
Did you mean to import PeriodSelector?
All exports of the module are statically known (It doesn't have dynamic exports). So it's known statically that the requested export doesn't exist.

Import traces:
  Client Component Browser:
    ./src/app/dashboard/page.tsx [Client Component Browser]
    ./src/app/dashboard/page.tsx [Server Component]

  Client Component SSR:
    ./src/app/dashboard/page.tsx [Client Component SSR]
    ./src/app/dashboard/page.tsx [Server Component] @ http://localhost:3000/_next/static/chunks/node_modules_next_dist_20ud_8w._.js:2099
[  609648ms] [ERROR] ./src/app/dashboard/page.tsx:8:1
Export presetRange doesn't exist in target module
   6 | import { Select } from '@/components/ui/select'
   7 | import { StatCard } from '@/components/dashboard/stat-card'
>  8 | import {
     | ^^^^^^^
>  9 |   PeriodSelector,
     | ^^^^^^^^^^^^^^^^^
> 10 |   presetRange,
     | ^^^^^^^^^^^^^^
> 11 |   type PeriodPreset,
     | ^^^^^^^^^^^^^^^^^^^^
> 12 | } from '@/components/dashboard/period-selector'
     | ^^^^^^^^^^^^^^^^^^^^^^^^^^^^^^^^^^^^^^^^^^^^^^^
  13 | import { SpendingTrend } from '@/components/dashboard/spending-trend'
  14 | import { CategoryBreakdown } from '@/components/dashboard/category-breakdown'
  15 | import { TopMerchants } from '@/components/dashboard/top-merchants'

The export presetRange was not found in module [project]/src/components/dashboard/period-selector.tsx [app-ssr] (ecmascript).
Did you mean to import PeriodSelector?
All exports of the module are statically known (It doesn't have dynamic exports). So it's known statically that the requested export doesn't exist.

Import traces:
  Client Component Browser:
    ./src/app/dashboard/page.tsx [Client Component Browser]
    ./src/app/dashboard/page.tsx [Server Component]

  Client Component SSR:
    ./src/app/dashboard/page.tsx [Client Component SSR]
    ./src/app/dashboard/page.tsx [Server Component] @ http://localhost:3000/_next/static/chunks/node_modules_next_dist_20ud_8w._.js:2099
[  609711ms] [ERROR] ./src/app/dashboard/page.tsx:8:1
Export presetRange doesn't exist in target module
   6 | import { Select } from '@/components/ui/select'
   7 | import { StatCard } from '@/components/dashboard/stat-card'
>  8 | import {
     | ^^^^^^^
>  9 |   PeriodSelector,
     | ^^^^^^^^^^^^^^^^^
> 10 |   presetRange,
     | ^^^^^^^^^^^^^^
> 11 |   type PeriodPreset,
     | ^^^^^^^^^^^^^^^^^^^^
> 12 | } from '@/components/dashboard/period-selector'
     | ^^^^^^^^^^^^^^^^^^^^^^^^^^^^^^^^^^^^^^^^^^^^^^^
  13 | import { SpendingTrend } from '@/components/dashboard/spending-trend'
  14 | import { CategoryBreakdown } from '@/components/dashboard/category-breakdown'
  15 | import { TopMerchants } from '@/components/dashboard/top-merchants'

The export presetRange was not found in module [project]/src/components/dashboard/period-selector.tsx [app-client] (ecmascript).
Did you mean to import PeriodSelector?
All exports of the module are statically known (It doesn't have dynamic exports). So it's known statically that the requested export doesn't exist.

Import traces:
  Client Component Browser:
    ./src/app/dashboard/page.tsx [Client Component Browser]
    ./src/app/dashboard/page.tsx [Server Component]

  Client Component SSR:
    ./src/app/dashboard/page.tsx [Client Component SSR]
    ./src/app/dashboard/page.tsx [Server Component] @ http://localhost:3000/_next/static/chunks/node_modules_next_dist_20ud_8w._.js:2099
[  609711ms] [ERROR] ./src/app/dashboard/page.tsx:8:1
Export presetRange doesn't exist in target module
   6 | import { Select } from '@/components/ui/select'
   7 | import { StatCard } from '@/components/dashboard/stat-card'
>  8 | import {
     | ^^^^^^^
>  9 |   PeriodSelector,
     | ^^^^^^^^^^^^^^^^^
> 10 |   presetRange,
     | ^^^^^^^^^^^^^^
> 11 |   type PeriodPreset,
     | ^^^^^^^^^^^^^^^^^^^^
> 12 | } from '@/components/dashboard/period-selector'
     | ^^^^^^^^^^^^^^^^^^^^^^^^^^^^^^^^^^^^^^^^^^^^^^^
  13 | import { SpendingTrend } from '@/components/dashboard/spending-trend'
  14 | import { CategoryBreakdown } from '@/components/dashboard/category-breakdown'
  15 | import { TopMerchants } from '@/components/dashboard/top-merchants'

The export presetRange was not found in module [project]/src/components/dashboard/period-selector.tsx [app-ssr] (ecmascript).
Did you mean to import PeriodSelector?
All exports of the module are statically known (It doesn't have dynamic exports). So it's known statically that the requested export doesn't exist.

Import traces:
  Client Component Browser:
    ./src/app/dashboard/page.tsx [Client Component Browser]
    ./src/app/dashboard/page.tsx [Server Component]

  Client Component SSR:
    ./src/app/dashboard/page.tsx [Client Component SSR]
    ./src/app/dashboard/page.tsx [Server Component] @ http://localhost:3000/_next/static/chunks/node_modules_next_dist_20ud_8w._.js:2099
[  609772ms] [ERROR] ./src/app/dashboard/page.tsx:8:1
Export presetRange doesn't exist in target module
   6 | import { Select } from '@/components/ui/select'
   7 | import { StatCard } from '@/components/dashboard/stat-card'
>  8 | import {
     | ^^^^^^^
>  9 |   PeriodSelector,
     | ^^^^^^^^^^^^^^^^^
> 10 |   presetRange,
     | ^^^^^^^^^^^^^^
> 11 |   type PeriodPreset,
     | ^^^^^^^^^^^^^^^^^^^^
> 12 | } from '@/components/dashboard/period-selector'
     | ^^^^^^^^^^^^^^^^^^^^^^^^^^^^^^^^^^^^^^^^^^^^^^^
  13 | import { SpendingTrend } from '@/components/dashboard/spending-trend'
  14 | import { CategoryBreakdown } from '@/components/dashboard/category-breakdown'
  15 | import { TopMerchants } from '@/components/dashboard/top-merchants'

The export presetRange was not found in module [project]/src/components/dashboard/period-selector.tsx [app-client] (ecmascript).
Did you mean to import PeriodSelector?
All exports of the module are statically known (It doesn't have dynamic exports). So it's known statically that the requested export doesn't exist.

Import traces:
  Client Component Browser:
    ./src/app/dashboard/page.tsx [Client Component Browser]
    ./src/app/dashboard/page.tsx [Server Component]

  Client Component SSR:
    ./src/app/dashboard/page.tsx [Client Component SSR]
    ./src/app/dashboard/page.tsx [Server Component] @ http://localhost:3000/_next/static/chunks/node_modules_next_dist_20ud_8w._.js:2099
[  609772ms] [ERROR] ./src/app/dashboard/page.tsx:8:1
Export presetRange doesn't exist in target module
   6 | import { Select } from '@/components/ui/select'
   7 | import { StatCard } from '@/components/dashboard/stat-card'
>  8 | import {
     | ^^^^^^^
>  9 |   PeriodSelector,
     | ^^^^^^^^^^^^^^^^^
> 10 |   presetRange,
     | ^^^^^^^^^^^^^^
> 11 |   type PeriodPreset,
     | ^^^^^^^^^^^^^^^^^^^^
> 12 | } from '@/components/dashboard/period-selector'
     | ^^^^^^^^^^^^^^^^^^^^^^^^^^^^^^^^^^^^^^^^^^^^^^^
  13 | import { SpendingTrend } from '@/components/dashboard/spending-trend'
  14 | import { CategoryBreakdown } from '@/components/dashboard/category-breakdown'
  15 | import { TopMerchants } from '@/components/dashboard/top-merchants'

The export presetRange was not found in module [project]/src/components/dashboard/period-selector.tsx [app-ssr] (ecmascript).
Did you mean to import PeriodSelector?
All exports of the module are statically known (It doesn't have dynamic exports). So it's known statically that the requested export doesn't exist.

Import traces:
  Client Component Browser:
    ./src/app/dashboard/page.tsx [Client Component Browser]
    ./src/app/dashboard/page.tsx [Server Component]

  Client Component SSR:
    ./src/app/dashboard/page.tsx [Client Component SSR]
    ./src/app/dashboard/page.tsx [Server Component] @ http://localhost:3000/_next/static/chunks/node_modules_next_dist_20ud_8w._.js:2099
[  609836ms] [ERROR] ./src/app/dashboard/page.tsx:8:1
Export presetRange doesn't exist in target module
   6 | import { Select } from '@/components/ui/select'
   7 | import { StatCard } from '@/components/dashboard/stat-card'
>  8 | import {
     | ^^^^^^^
>  9 |   PeriodSelector,
     | ^^^^^^^^^^^^^^^^^
> 10 |   presetRange,
     | ^^^^^^^^^^^^^^
> 11 |   type PeriodPreset,
     | ^^^^^^^^^^^^^^^^^^^^
> 12 | } from '@/components/dashboard/period-selector'
     | ^^^^^^^^^^^^^^^^^^^^^^^^^^^^^^^^^^^^^^^^^^^^^^^
  13 | import { SpendingTrend } from '@/components/dashboard/spending-trend'
  14 | import { CategoryBreakdown } from '@/components/dashboard/category-breakdown'
  15 | import { TopMerchants } from '@/components/dashboard/top-merchants'

The export presetRange was not found in module [project]/src/components/dashboard/period-selector.tsx [app-client] (ecmascript).
Did you mean to import PeriodSelector?
All exports of the module are statically known (It doesn't have dynamic exports). So it's known statically that the requested export doesn't exist.

Import traces:
  Client Component Browser:
    ./src/app/dashboard/page.tsx [Client Component Browser]
    ./src/app/dashboard/page.tsx [Server Component]

  Client Component SSR:
    ./src/app/dashboard/page.tsx [Client Component SSR]
    ./src/app/dashboard/page.tsx [Server Component] @ http://localhost:3000/_next/static/chunks/node_modules_next_dist_20ud_8w._.js:2099
[  609836ms] [ERROR] ./src/app/dashboard/page.tsx:8:1
Export presetRange doesn't exist in target module
   6 | import { Select } from '@/components/ui/select'
   7 | import { StatCard } from '@/components/dashboard/stat-card'
>  8 | import {
     | ^^^^^^^
>  9 |   PeriodSelector,
     | ^^^^^^^^^^^^^^^^^
> 10 |   presetRange,
     | ^^^^^^^^^^^^^^
> 11 |   type PeriodPreset,
     | ^^^^^^^^^^^^^^^^^^^^
> 12 | } from '@/components/dashboard/period-selector'
     | ^^^^^^^^^^^^^^^^^^^^^^^^^^^^^^^^^^^^^^^^^^^^^^^
  13 | import { SpendingTrend } from '@/components/dashboard/spending-trend'
  14 | import { CategoryBreakdown } from '@/components/dashboard/category-breakdown'
  15 | import { TopMerchants } from '@/components/dashboard/top-merchants'

The export presetRange was not found in module [project]/src/components/dashboard/period-selector.tsx [app-ssr] (ecmascript).
Did you mean to import PeriodSelector?
All exports of the module are statically known (It doesn't have dynamic exports). So it's known statically that the requested export doesn't exist.

Import traces:
  Client Component Browser:
    ./src/app/dashboard/page.tsx [Client Component Browser]
    ./src/app/dashboard/page.tsx [Server Component]

  Client Component SSR:
    ./src/app/dashboard/page.tsx [Client Component SSR]
    ./src/app/dashboard/page.tsx [Server Component] @ http://localhost:3000/_next/static/chunks/node_modules_next_dist_20ud_8w._.js:2099
[  609896ms] [ERROR] ./src/app/dashboard/page.tsx:8:1
Export presetRange doesn't exist in target module
   6 | import { Select } from '@/components/ui/select'
   7 | import { StatCard } from '@/components/dashboard/stat-card'
>  8 | import {
     | ^^^^^^^
>  9 |   PeriodSelector,
     | ^^^^^^^^^^^^^^^^^
> 10 |   presetRange,
     | ^^^^^^^^^^^^^^
> 11 |   type PeriodPreset,
     | ^^^^^^^^^^^^^^^^^^^^
> 12 | } from '@/components/dashboard/period-selector'
     | ^^^^^^^^^^^^^^^^^^^^^^^^^^^^^^^^^^^^^^^^^^^^^^^
  13 | import { SpendingTrend } from '@/components/dashboard/spending-trend'
  14 | import { CategoryBreakdown } from '@/components/dashboard/category-breakdown'
  15 | import { TopMerchants } from '@/components/dashboard/top-merchants'

The export presetRange was not found in module [project]/src/components/dashboard/period-selector.tsx [app-client] (ecmascript).
Did you mean to import PeriodSelector?
All exports of the module are statically known (It doesn't have dynamic exports). So it's known statically that the requested export doesn't exist.

Import traces:
  Client Component Browser:
    ./src/app/dashboard/page.tsx [Client Component Browser]
    ./src/app/dashboard/page.tsx [Server Component]

  Client Component SSR:
    ./src/app/dashboard/page.tsx [Client Component SSR]
    ./src/app/dashboard/page.tsx [Server Component] @ http://localhost:3000/_next/static/chunks/node_modules_next_dist_20ud_8w._.js:2099
[  609896ms] [ERROR] ./src/app/dashboard/page.tsx:8:1
Export presetRange doesn't exist in target module
   6 | import { Select } from '@/components/ui/select'
   7 | import { StatCard } from '@/components/dashboard/stat-card'
>  8 | import {
     | ^^^^^^^
>  9 |   PeriodSelector,
     | ^^^^^^^^^^^^^^^^^
> 10 |   presetRange,
     | ^^^^^^^^^^^^^^
> 11 |   type PeriodPreset,
     | ^^^^^^^^^^^^^^^^^^^^
> 12 | } from '@/components/dashboard/period-selector'
     | ^^^^^^^^^^^^^^^^^^^^^^^^^^^^^^^^^^^^^^^^^^^^^^^
  13 | import { SpendingTrend } from '@/components/dashboard/spending-trend'
  14 | import { CategoryBreakdown } from '@/components/dashboard/category-breakdown'
  15 | import { TopMerchants } from '@/components/dashboard/top-merchants'

The export presetRange was not found in module [project]/src/components/dashboard/period-selector.tsx [app-ssr] (ecmascript).
Did you mean to import PeriodSelector?
All exports of the module are statically known (It doesn't have dynamic exports). So it's known statically that the requested export doesn't exist.

Import traces:
  Client Component Browser:
    ./src/app/dashboard/page.tsx [Client Component Browser]
    ./src/app/dashboard/page.tsx [Server Component]

  Client Component SSR:
    ./src/app/dashboard/page.tsx [Client Component SSR]
    ./src/app/dashboard/page.tsx [Server Component] @ http://localhost:3000/_next/static/chunks/node_modules_next_dist_20ud_8w._.js:2099
[  610018ms] [LOG] [Fast Refresh] rebuilding @ http://localhost:3000/_next/static/chunks/node_modules_next_dist_20ud_8w._.js:1380
[  610092ms] [ERROR] ./src/app/dashboard/page.tsx:8:1
Export presetRange doesn't exist in target module
   6 | import { Select } from '@/components/ui/select'
   7 | import { StatCard } from '@/components/dashboard/stat-card'
>  8 | import {
     | ^^^^^^^
>  9 |   PeriodSelector,
     | ^^^^^^^^^^^^^^^^^
> 10 |   presetRange,
     | ^^^^^^^^^^^^^^
> 11 |   type PeriodPreset,
     | ^^^^^^^^^^^^^^^^^^^^
> 12 | } from '@/components/dashboard/period-selector'
     | ^^^^^^^^^^^^^^^^^^^^^^^^^^^^^^^^^^^^^^^^^^^^^^^
  13 | import { SpendingTrend } from '@/components/dashboard/spending-trend'
  14 | import { CategoryBreakdown } from '@/components/dashboard/category-breakdown'
  15 | import { TopMerchants } from '@/components/dashboard/top-merchants'

The export presetRange was not found in module [project]/src/components/dashboard/period-selector.tsx [app-client] (ecmascript).
Did you mean to import PeriodSelector?
All exports of the module are statically known (It doesn't have dynamic exports). So it's known statically that the requested export doesn't exist.

Import traces:
  Client Component Browser:
    ./src/app/dashboard/page.tsx [Client Component Browser]
    ./src/app/dashboard/page.tsx [Server Component]

  Client Component SSR:
    ./src/app/dashboard/page.tsx [Client Component SSR]
    ./src/app/dashboard/page.tsx [Server Component] @ http://localhost:3000/_next/static/chunks/node_modules_next_dist_20ud_8w._.js:2099
[  610092ms] [ERROR] ./src/app/dashboard/page.tsx:8:1
Export presetRange doesn't exist in target module
   6 | import { Select } from '@/components/ui/select'
   7 | import { StatCard } from '@/components/dashboard/stat-card'
>  8 | import {
     | ^^^^^^^
>  9 |   PeriodSelector,
     | ^^^^^^^^^^^^^^^^^
> 10 |   presetRange,
     | ^^^^^^^^^^^^^^
> 11 |   type PeriodPreset,
     | ^^^^^^^^^^^^^^^^^^^^
> 12 | } from '@/components/dashboard/period-selector'
     | ^^^^^^^^^^^^^^^^^^^^^^^^^^^^^^^^^^^^^^^^^^^^^^^
  13 | import { SpendingTrend } from '@/components/dashboard/spending-trend'
  14 | import { CategoryBreakdown } from '@/components/dashboard/category-breakdown'
  15 | import { TopMerchants } from '@/components/dashboard/top-merchants'

The export presetRange was not found in module [project]/src/components/dashboard/period-selector.tsx [app-ssr] (ecmascript).
Did you mean to import PeriodSelector?
All exports of the module are statically known (It doesn't have dynamic exports). So it's known statically that the requested export doesn't exist.

Import traces:
  Client Component Browser:
    ./src/app/dashboard/page.tsx [Client Component Browser]
    ./src/app/dashboard/page.tsx [Server Component]

  Client Component SSR:
    ./src/app/dashboard/page.tsx [Client Component SSR]
    ./src/app/dashboard/page.tsx [Server Component] @ http://localhost:3000/_next/static/chunks/node_modules_next_dist_20ud_8w._.js:2099
[  610093ms] [ERROR] ./src/app/dashboard/page.tsx:8:1
Export presetRange doesn't exist in target module
   6 | import { Select } from '@/components/ui/select'
   7 | import { StatCard } from '@/components/dashboard/stat-card'
>  8 | import {
     | ^^^^^^^
>  9 |   PeriodSelector,
     | ^^^^^^^^^^^^^^^^^
> 10 |   presetRange,
     | ^^^^^^^^^^^^^^
> 11 |   type PeriodPreset,
     | ^^^^^^^^^^^^^^^^^^^^
> 12 | } from '@/components/dashboard/period-selector'
     | ^^^^^^^^^^^^^^^^^^^^^^^^^^^^^^^^^^^^^^^^^^^^^^^
  13 | import { SpendingTrend } from '@/components/dashboard/spending-trend'
  14 | import { CategoryBreakdown } from '@/components/dashboard/category-breakdown'
  15 | import { TopMerchants } from '@/components/dashboard/top-merchants'

The export presetRange was not found in module [project]/src/components/dashboard/period-selector.tsx [app-client] (ecmascript).
Did you mean to import PeriodSelector?
All exports of the module are statically known (It doesn't have dynamic exports). So it's known statically that the requested export doesn't exist.

Import traces:
  Client Component Browser:
    ./src/app/dashboard/page.tsx [Client Component Browser]
    ./src/app/dashboard/page.tsx [Server Component]

  Client Component SSR:
    ./src/app/dashboard/page.tsx [Client Component SSR]
    ./src/app/dashboard/page.tsx [Server Component] @ http://localhost:3000/_next/static/chunks/node_modules_next_dist_20ud_8w._.js:2099
[  610093ms] [ERROR] ./src/app/dashboard/page.tsx:8:1
Export presetRange doesn't exist in target module
   6 | import { Select } from '@/components/ui/select'
   7 | import { StatCard } from '@/components/dashboard/stat-card'
>  8 | import {
     | ^^^^^^^
>  9 |   PeriodSelector,
     | ^^^^^^^^^^^^^^^^^
> 10 |   presetRange,
     | ^^^^^^^^^^^^^^
> 11 |   type PeriodPreset,
     | ^^^^^^^^^^^^^^^^^^^^
> 12 | } from '@/components/dashboard/period-selector'
     | ^^^^^^^^^^^^^^^^^^^^^^^^^^^^^^^^^^^^^^^^^^^^^^^
  13 | import { SpendingTrend } from '@/components/dashboard/spending-trend'
  14 | import { CategoryBreakdown } from '@/components/dashboard/category-breakdown'
  15 | import { TopMerchants } from '@/components/dashboard/top-merchants'

The export presetRange was not found in module [project]/src/components/dashboard/period-selector.tsx [app-ssr] (ecmascript).
Did you mean to import PeriodSelector?
All exports of the module are statically known (It doesn't have dynamic exports). So it's known statically that the requested export doesn't exist.

Import traces:
  Client Component Browser:
    ./src/app/dashboard/page.tsx [Client Component Browser]
    ./src/app/dashboard/page.tsx [Server Component]

  Client Component SSR:
    ./src/app/dashboard/page.tsx [Client Component SSR]
    ./src/app/dashboard/page.tsx [Server Component] @ http://localhost:3000/_next/static/chunks/node_modules_next_dist_20ud_8w._.js:2099
[  610169ms] [ERROR] Failed to load resource: the server responded with a status of 500 (Internal Server Error) @ http://localhost:3000/expenses:0
[  610205ms] [INFO] %cDownload the React DevTools for a better development experience: https://react.dev/link/react-devtools font-weight:bold @ http://localhost:3000/_next/static/chunks/node_modules_react-dom_0kla17-._.js:15305
[  610220ms] Error: ./src/app/dashboard/page.tsx:8:1
Export presetRange doesn't exist in target module
   6 | import { Select } from '@/components/ui/select'
   7 | import { StatCard } from '@/components/dashboard/stat-card'
>  8 | import {
     | ^^^^^^^
>  9 |   PeriodSelector,
     | ^^^^^^^^^^^^^^^^^
> 10 |   presetRange,
     | ^^^^^^^^^^^^^^
> 11 |   type PeriodPreset,
     | ^^^^^^^^^^^^^^^^^^^^
> 12 | } from '@/components/dashboard/period-selector'
     | ^^^^^^^^^^^^^^^^^^^^^^^^^^^^^^^^^^^^^^^^^^^^^^^
  13 | import { SpendingTrend } from '@/components/dashboard/spending-trend'
  14 | import { CategoryBreakdown } from '@/components/dashboard/category-breakdown'
  15 | import { TopMerchants } from '@/components/dashboard/top-merchants'

The export presetRange was not found in module [project]/src/components/dashboard/period-selector.tsx [app-client] (ecmascript).
Did you mean to import PeriodSelector?
All exports of the module are statically known (It doesn't have dynamic exports). So it's known statically that the requested export doesn't exist.

Import traces:
  Client Component Browser:
    ./src/app/dashboard/page.tsx [Client Component Browser]
    ./src/app/dashboard/page.tsx [Server Component]

  Client Component SSR:
    ./src/app/dashboard/page.tsx [Client Component SSR]
    ./src/app/dashboard/page.tsx [Server Component]


    at <unknown> (Error: ./src/app/dashboard/page.tsx:8:1)
    at Object.getCompilationErrors (file://C:\Users\Najmi Briliant\vscode\finance-tracker\littlefinger\node_modules\next\dist\server\dev\hot-reloader-turbopack.js:1186:59)
    at DevBundlerService.getCompilationError (file://C:\Users\Najmi Briliant\vscode\finance-tracker\littlefinger\node_modules\next\dist\server\lib\dev-bundler-service.js:44:55)
    at DevServer.getCompilationError (file://C:\Users\Najmi Briliant\vscode\finance-tracker\littlefinger\node_modules\next\dist\server\dev\next-dev-server.js:720:42)
    at DevServer.findPageComponents (file://C:\Users\Najmi Briliant\vscode\finance-tracker\littlefinger\node_modules\next\dist\server\dev\next-dev-server.js:690:43)
    at async DevServer.renderErrorToResponseImpl (file://C:\Users\Najmi Briliant\vscode\finance-tracker\littlefinger\node_modules\next\dist\server\base-server.js:1753:26)
[  610222ms] [LOG] [HMR] connected @ http://localhost:3000/_next/static/chunks/node_modules_next_dist_20ud_8w._.js:1380
[  610225ms] [ERROR] ./src/app/dashboard/page.tsx:8:1
Export presetRange doesn't exist in target module
   6 | import { Select } from '@/components/ui/select'
   7 | import { StatCard } from '@/components/dashboard/stat-card'
>  8 | import {
     | ^^^^^^^
>  9 |   PeriodSelector,
     | ^^^^^^^^^^^^^^^^^
> 10 |   presetRange,
     | ^^^^^^^^^^^^^^
> 11 |   type PeriodPreset,
     | ^^^^^^^^^^^^^^^^^^^^
> 12 | } from '@/components/dashboard/period-selector'
     | ^^^^^^^^^^^^^^^^^^^^^^^^^^^^^^^^^^^^^^^^^^^^^^^
  13 | import { SpendingTrend } from '@/components/dashboard/spending-trend'
  14 | import { CategoryBreakdown } from '@/components/dashboard/category-breakdown'
  15 | import { TopMerchants } from '@/components/dashboard/top-merchants'

The export presetRange was not found in module [project]/src/components/dashboard/period-selector.tsx [app-client] (ecmascript).
Did you mean to import PeriodSelector?
All exports of the module are statically known (It doesn't have dynamic exports). So it's known statically that the requested export doesn't exist.

Import traces:
  Client Component Browser:
    ./src/app/dashboard/page.tsx [Client Component Browser]
    ./src/app/dashboard/page.tsx [Server Component]

  Client Component SSR:
    ./src/app/dashboard/page.tsx [Client Component SSR]
    ./src/app/dashboard/page.tsx [Server Component] @ http://localhost:3000/_next/static/chunks/node_modules_next_dist_20ud_8w._.js:2099
[  610226ms] [ERROR] ./src/app/dashboard/page.tsx:8:1
Export presetRange doesn't exist in target module
   6 | import { Select } from '@/components/ui/select'
   7 | import { StatCard } from '@/components/dashboard/stat-card'
>  8 | import {
     | ^^^^^^^
>  9 |   PeriodSelector,
     | ^^^^^^^^^^^^^^^^^
> 10 |   presetRange,
     | ^^^^^^^^^^^^^^
> 11 |   type PeriodPreset,
     | ^^^^^^^^^^^^^^^^^^^^
> 12 | } from '@/components/dashboard/period-selector'
     | ^^^^^^^^^^^^^^^^^^^^^^^^^^^^^^^^^^^^^^^^^^^^^^^
  13 | import { SpendingTrend } from '@/components/dashboard/spending-trend'
  14 | import { CategoryBreakdown } from '@/components/dashboard/category-breakdown'
  15 | import { TopMerchants } from '@/components/dashboard/top-merchants'

The export presetRange was not found in module [project]/src/components/dashboard/period-selector.tsx [app-ssr] (ecmascript).
Did you mean to import PeriodSelector?
All exports of the module are statically known (It doesn't have dynamic exports). So it's known statically that the requested export doesn't exist.

Import traces:
  Client Component Browser:
    ./src/app/dashboard/page.tsx [Client Component Browser]
    ./src/app/dashboard/page.tsx [Server Component]

  Client Component SSR:
    ./src/app/dashboard/page.tsx [Client Component SSR]
    ./src/app/dashboard/page.tsx [Server Component] @ http://localhost:3000/_next/static/chunks/node_modules_next_dist_20ud_8w._.js:2099
[  610229ms] [ERROR] ./src/app/dashboard/page.tsx:8:1
Export presetRange doesn't exist in target module
   6 | import { Select } from '@/components/ui/select'
   7 | import { StatCard } from '@/components/dashboard/stat-card'
>  8 | import {
     | ^^^^^^^
>  9 |   PeriodSelector,
     | ^^^^^^^^^^^^^^^^^
> 10 |   presetRange,
     | ^^^^^^^^^^^^^^
> 11 |   type PeriodPreset,
     | ^^^^^^^^^^^^^^^^^^^^
> 12 | } from '@/components/dashboard/period-selector'
     | ^^^^^^^^^^^^^^^^^^^^^^^^^^^^^^^^^^^^^^^^^^^^^^^
  13 | import { SpendingTrend } from '@/components/dashboard/spending-trend'
  14 | import { CategoryBreakdown } from '@/components/dashboard/category-breakdown'
  15 | import { TopMerchants } from '@/components/dashboard/top-merchants'

The export presetRange was not found in module [project]/src/components/dashboard/period-selector.tsx [app-client] (ecmascript).
Did you mean to import PeriodSelector?
All exports of the module are statically known (It doesn't have dynamic exports). So it's known statically that the requested export doesn't exist.

Import traces:
  Client Component Browser:
    ./src/app/dashboard/page.tsx [Client Component Browser]
    ./src/app/dashboard/page.tsx [Server Component]

  Client Component SSR:
    ./src/app/dashboard/page.tsx [Client Component SSR]
    ./src/app/dashboard/page.tsx [Server Component] @ http://localhost:3000/_next/static/chunks/node_modules_next_dist_20ud_8w._.js:2099
[  610230ms] [ERROR] ./src/app/dashboard/page.tsx:8:1
Export presetRange doesn't exist in target module
   6 | import { Select } from '@/components/ui/select'
   7 | import { StatCard } from '@/components/dashboard/stat-card'
>  8 | import {
     | ^^^^^^^
>  9 |   PeriodSelector,
     | ^^^^^^^^^^^^^^^^^
> 10 |   presetRange,
     | ^^^^^^^^^^^^^^
> 11 |   type PeriodPreset,
     | ^^^^^^^^^^^^^^^^^^^^
> 12 | } from '@/components/dashboard/period-selector'
     | ^^^^^^^^^^^^^^^^^^^^^^^^^^^^^^^^^^^^^^^^^^^^^^^
  13 | import { SpendingTrend } from '@/components/dashboard/spending-trend'
  14 | import { CategoryBreakdown } from '@/components/dashboard/category-breakdown'
  15 | import { TopMerchants } from '@/components/dashboard/top-merchants'

The export presetRange was not found in module [project]/src/components/dashboard/period-selector.tsx [app-ssr] (ecmascript).
Did you mean to import PeriodSelector?
All exports of the module are statically known (It doesn't have dynamic exports). So it's known statically that the requested export doesn't exist.

Import traces:
  Client Component Browser:
    ./src/app/dashboard/page.tsx [Client Component Browser]
    ./src/app/dashboard/page.tsx [Server Component]

  Client Component SSR:
    ./src/app/dashboard/page.tsx [Client Component SSR]
    ./src/app/dashboard/page.tsx [Server Component] @ http://localhost:3000/_next/static/chunks/node_modules_next_dist_20ud_8w._.js:2099
[  610285ms] [ERROR] ./src/app/dashboard/page.tsx:8:1
Export presetRange doesn't exist in target module
   6 | import { Select } from '@/components/ui/select'
   7 | import { StatCard } from '@/components/dashboard/stat-card'
>  8 | import {
     | ^^^^^^^
>  9 |   PeriodSelector,
     | ^^^^^^^^^^^^^^^^^
> 10 |   presetRange,
     | ^^^^^^^^^^^^^^
> 11 |   type PeriodPreset,
     | ^^^^^^^^^^^^^^^^^^^^
> 12 | } from '@/components/dashboard/period-selector'
     | ^^^^^^^^^^^^^^^^^^^^^^^^^^^^^^^^^^^^^^^^^^^^^^^
  13 | import { SpendingTrend } from '@/components/dashboard/spending-trend'
  14 | import { CategoryBreakdown } from '@/components/dashboard/category-breakdown'
  15 | import { TopMerchants } from '@/components/dashboard/top-merchants'

The export presetRange was not found in module [project]/src/components/dashboard/period-selector.tsx [app-client] (ecmascript).
Did you mean to import PeriodSelector?
All exports of the module are statically known (It doesn't have dynamic exports). So it's known statically that the requested export doesn't exist.

Import traces:
  Client Component Browser:
    ./src/app/dashboard/page.tsx [Client Component Browser]
    ./src/app/dashboard/page.tsx [Server Component]

  Client Component SSR:
    ./src/app/dashboard/page.tsx [Client Component SSR]
    ./src/app/dashboard/page.tsx [Server Component] @ http://localhost:3000/_next/static/chunks/node_modules_next_dist_20ud_8w._.js:2099
[  610285ms] [ERROR] ./src/app/dashboard/page.tsx:8:1
Export presetRange doesn't exist in target module
   6 | import { Select } from '@/components/ui/select'
   7 | import { StatCard } from '@/components/dashboard/stat-card'
>  8 | import {
     | ^^^^^^^
>  9 |   PeriodSelector,
     | ^^^^^^^^^^^^^^^^^
> 10 |   presetRange,
     | ^^^^^^^^^^^^^^
> 11 |   type PeriodPreset,
     | ^^^^^^^^^^^^^^^^^^^^
> 12 | } from '@/components/dashboard/period-selector'
     | ^^^^^^^^^^^^^^^^^^^^^^^^^^^^^^^^^^^^^^^^^^^^^^^
  13 | import { SpendingTrend } from '@/components/dashboard/spending-trend'
  14 | import { CategoryBreakdown } from '@/components/dashboard/category-breakdown'
  15 | import { TopMerchants } from '@/components/dashboard/top-merchants'

The export presetRange was not found in module [project]/src/components/dashboard/period-selector.tsx [app-ssr] (ecmascript).
Did you mean to import PeriodSelector?
All exports of the module are statically known (It doesn't have dynamic exports). So it's known statically that the requested export doesn't exist.

Import traces:
  Client Component Browser:
    ./src/app/dashboard/page.tsx [Client Component Browser]
    ./src/app/dashboard/page.tsx [Server Component]

  Client Component SSR:
    ./src/app/dashboard/page.tsx [Client Component SSR]
    ./src/app/dashboard/page.tsx [Server Component] @ http://localhost:3000/_next/static/chunks/node_modules_next_dist_20ud_8w._.js:2099
[  610340ms] [ERROR] ./src/app/dashboard/page.tsx:8:1
Export presetRange doesn't exist in target module
   6 | import { Select } from '@/components/ui/select'
   7 | import { StatCard } from '@/components/dashboard/stat-card'
>  8 | import {
     | ^^^^^^^
>  9 |   PeriodSelector,
     | ^^^^^^^^^^^^^^^^^
> 10 |   presetRange,
     | ^^^^^^^^^^^^^^
> 11 |   type PeriodPreset,
     | ^^^^^^^^^^^^^^^^^^^^
> 12 | } from '@/components/dashboard/period-selector'
     | ^^^^^^^^^^^^^^^^^^^^^^^^^^^^^^^^^^^^^^^^^^^^^^^
  13 | import { SpendingTrend } from '@/components/dashboard/spending-trend'
  14 | import { CategoryBreakdown } from '@/components/dashboard/category-breakdown'
  15 | import { TopMerchants } from '@/components/dashboard/top-merchants'

The export presetRange was not found in module [project]/src/components/dashboard/period-selector.tsx [app-client] (ecmascript).
Did you mean to import PeriodSelector?
All exports of the module are statically known (It doesn't have dynamic exports). So it's known statically that the requested export doesn't exist.

Import traces:
  Client Component Browser:
    ./src/app/dashboard/page.tsx [Client Component Browser]
    ./src/app/dashboard/page.tsx [Server Component]

  Client Component SSR:
    ./src/app/dashboard/page.tsx [Client Component SSR]
    ./src/app/dashboard/page.tsx [Server Component] @ http://localhost:3000/_next/static/chunks/node_modules_next_dist_20ud_8w._.js:2099
[  610340ms] [ERROR] ./src/app/dashboard/page.tsx:8:1
Export presetRange doesn't exist in target module
   6 | import { Select } from '@/components/ui/select'
   7 | import { StatCard } from '@/components/dashboard/stat-card'
>  8 | import {
     | ^^^^^^^
>  9 |   PeriodSelector,
     | ^^^^^^^^^^^^^^^^^
> 10 |   presetRange,
     | ^^^^^^^^^^^^^^
> 11 |   type PeriodPreset,
     | ^^^^^^^^^^^^^^^^^^^^
> 12 | } from '@/components/dashboard/period-selector'
     | ^^^^^^^^^^^^^^^^^^^^^^^^^^^^^^^^^^^^^^^^^^^^^^^
  13 | import { SpendingTrend } from '@/components/dashboard/spending-trend'
  14 | import { CategoryBreakdown } from '@/components/dashboard/category-breakdown'
  15 | import { TopMerchants } from '@/components/dashboard/top-merchants'

The export presetRange was not found in module [project]/src/components/dashboard/period-selector.tsx [app-ssr] (ecmascript).
Did you mean to import PeriodSelector?
All exports of the module are statically known (It doesn't have dynamic exports). So it's known statically that the requested export doesn't exist.

Import traces:
  Client Component Browser:
    ./src/app/dashboard/page.tsx [Client Component Browser]
    ./src/app/dashboard/page.tsx [Server Component]

  Client Component SSR:
    ./src/app/dashboard/page.tsx [Client Component SSR]
    ./src/app/dashboard/page.tsx [Server Component] @ http://localhost:3000/_next/static/chunks/node_modules_next_dist_20ud_8w._.js:2099
[  610395ms] [ERROR] ./src/app/dashboard/page.tsx:8:1
Export presetRange doesn't exist in target module
   6 | import { Select } from '@/components/ui/select'
   7 | import { StatCard } from '@/components/dashboard/stat-card'
>  8 | import {
     | ^^^^^^^
>  9 |   PeriodSelector,
     | ^^^^^^^^^^^^^^^^^
> 10 |   presetRange,
     | ^^^^^^^^^^^^^^
> 11 |   type PeriodPreset,
     | ^^^^^^^^^^^^^^^^^^^^
> 12 | } from '@/components/dashboard/period-selector'
     | ^^^^^^^^^^^^^^^^^^^^^^^^^^^^^^^^^^^^^^^^^^^^^^^
  13 | import { SpendingTrend } from '@/components/dashboard/spending-trend'
  14 | import { CategoryBreakdown } from '@/components/dashboard/category-breakdown'
  15 | import { TopMerchants } from '@/components/dashboard/top-merchants'

The export presetRange was not found in module [project]/src/components/dashboard/period-selector.tsx [app-client] (ecmascript).
Did you mean to import PeriodSelector?
All exports of the module are statically known (It doesn't have dynamic exports). So it's known statically that the requested export doesn't exist.

Import traces:
  Client Component Browser:
    ./src/app/dashboard/page.tsx [Client Component Browser]
    ./src/app/dashboard/page.tsx [Server Component]

  Client Component SSR:
    ./src/app/dashboard/page.tsx [Client Component SSR]
    ./src/app/dashboard/page.tsx [Server Component] @ http://localhost:3000/_next/static/chunks/node_modules_next_dist_20ud_8w._.js:2099
[  610395ms] [ERROR] ./src/app/dashboard/page.tsx:8:1
Export presetRange doesn't exist in target module
   6 | import { Select } from '@/components/ui/select'
   7 | import { StatCard } from '@/components/dashboard/stat-card'
>  8 | import {
     | ^^^^^^^
>  9 |   PeriodSelector,
     | ^^^^^^^^^^^^^^^^^
> 10 |   presetRange,
     | ^^^^^^^^^^^^^^
> 11 |   type PeriodPreset,
     | ^^^^^^^^^^^^^^^^^^^^
> 12 | } from '@/components/dashboard/period-selector'
     | ^^^^^^^^^^^^^^^^^^^^^^^^^^^^^^^^^^^^^^^^^^^^^^^
  13 | import { SpendingTrend } from '@/components/dashboard/spending-trend'
  14 | import { CategoryBreakdown } from '@/components/dashboard/category-breakdown'
  15 | import { TopMerchants } from '@/components/dashboard/top-merchants'

The export presetRange was not found in module [project]/src/components/dashboard/period-selector.tsx [app-ssr] (ecmascript).
Did you mean to import PeriodSelector?
All exports of the module are statically known (It doesn't have dynamic exports). So it's known statically that the requested export doesn't exist.

Import traces:
  Client Component Browser:
    ./src/app/dashboard/page.tsx [Client Component Browser]
    ./src/app/dashboard/page.tsx [Server Component]

  Client Component SSR:
    ./src/app/dashboard/page.tsx [Client Component SSR]
    ./src/app/dashboard/page.tsx [Server Component] @ http://localhost:3000/_next/static/chunks/node_modules_next_dist_20ud_8w._.js:2099
[  610456ms] [ERROR] ./src/app/dashboard/page.tsx:8:1
Export presetRange doesn't exist in target module
   6 | import { Select } from '@/components/ui/select'
   7 | import { StatCard } from '@/components/dashboard/stat-card'
>  8 | import {
     | ^^^^^^^
>  9 |   PeriodSelector,
     | ^^^^^^^^^^^^^^^^^
> 10 |   presetRange,
     | ^^^^^^^^^^^^^^
> 11 |   type PeriodPreset,
     | ^^^^^^^^^^^^^^^^^^^^
> 12 | } from '@/components/dashboard/period-selector'
     | ^^^^^^^^^^^^^^^^^^^^^^^^^^^^^^^^^^^^^^^^^^^^^^^
  13 | import { SpendingTrend } from '@/components/dashboard/spending-trend'
  14 | import { CategoryBreakdown } from '@/components/dashboard/category-breakdown'
  15 | import { TopMerchants } from '@/components/dashboard/top-merchants'

The export presetRange was not found in module [project]/src/components/dashboard/period-selector.tsx [app-client] (ecmascript).
Did you mean to import PeriodSelector?
All exports of the module are statically known (It doesn't have dynamic exports). So it's known statically that the requested export doesn't exist.

Import traces:
  Client Component Browser:
    ./src/app/dashboard/page.tsx [Client Component Browser]
    ./src/app/dashboard/page.tsx [Server Component]

  Client Component SSR:
    ./src/app/dashboard/page.tsx [Client Component SSR]
    ./src/app/dashboard/page.tsx [Server Component] @ http://localhost:3000/_next/static/chunks/node_modules_next_dist_20ud_8w._.js:2099
[  610456ms] [ERROR] ./src/app/dashboard/page.tsx:8:1
Export presetRange doesn't exist in target module
   6 | import { Select } from '@/components/ui/select'
   7 | import { StatCard } from '@/components/dashboard/stat-card'
>  8 | import {
     | ^^^^^^^
>  9 |   PeriodSelector,
     | ^^^^^^^^^^^^^^^^^
> 10 |   presetRange,
     | ^^^^^^^^^^^^^^
> 11 |   type PeriodPreset,
     | ^^^^^^^^^^^^^^^^^^^^
> 12 | } from '@/components/dashboard/period-selector'
     | ^^^^^^^^^^^^^^^^^^^^^^^^^^^^^^^^^^^^^^^^^^^^^^^
  13 | import { SpendingTrend } from '@/components/dashboard/spending-trend'
  14 | import { CategoryBreakdown } from '@/components/dashboard/category-breakdown'
  15 | import { TopMerchants } from '@/components/dashboard/top-merchants'

The export presetRange was not found in module [project]/src/components/dashboard/period-selector.tsx [app-ssr] (ecmascript).
Did you mean to import PeriodSelector?
All exports of the module are statically known (It doesn't have dynamic exports). So it's known statically that the requested export doesn't exist.

Import traces:
  Client Component Browser:
    ./src/app/dashboard/page.tsx [Client Component Browser]
    ./src/app/dashboard/page.tsx [Server Component]

  Client Component SSR:
    ./src/app/dashboard/page.tsx [Client Component SSR]
    ./src/app/dashboard/page.tsx [Server Component] @ http://localhost:3000/_next/static/chunks/node_modules_next_dist_20ud_8w._.js:2099
[  610518ms] [ERROR] ./src/app/dashboard/page.tsx:8:1
Export presetRange doesn't exist in target module
   6 | import { Select } from '@/components/ui/select'
   7 | import { StatCard } from '@/components/dashboard/stat-card'
>  8 | import {
     | ^^^^^^^
>  9 |   PeriodSelector,
     | ^^^^^^^^^^^^^^^^^
> 10 |   presetRange,
     | ^^^^^^^^^^^^^^
> 11 |   type PeriodPreset,
     | ^^^^^^^^^^^^^^^^^^^^
> 12 | } from '@/components/dashboard/period-selector'
     | ^^^^^^^^^^^^^^^^^^^^^^^^^^^^^^^^^^^^^^^^^^^^^^^
  13 | import { SpendingTrend } from '@/components/dashboard/spending-trend'
  14 | import { CategoryBreakdown } from '@/components/dashboard/category-breakdown'
  15 | import { TopMerchants } from '@/components/dashboard/top-merchants'

The export presetRange was not found in module [project]/src/components/dashboard/period-selector.tsx [app-client] (ecmascript).
Did you mean to import PeriodSelector?
All exports of the module are statically known (It doesn't have dynamic exports). So it's known statically that the requested export doesn't exist.

Import traces:
  Client Component Browser:
    ./src/app/dashboard/page.tsx [Client Component Browser]
    ./src/app/dashboard/page.tsx [Server Component]

  Client Component SSR:
    ./src/app/dashboard/page.tsx [Client Component SSR]
    ./src/app/dashboard/page.tsx [Server Component] @ http://localhost:3000/_next/static/chunks/node_modules_next_dist_20ud_8w._.js:2099
[  610518ms] [ERROR] ./src/app/dashboard/page.tsx:8:1
Export presetRange doesn't exist in target module
   6 | import { Select } from '@/components/ui/select'
   7 | import { StatCard } from '@/components/dashboard/stat-card'
>  8 | import {
     | ^^^^^^^
>  9 |   PeriodSelector,
     | ^^^^^^^^^^^^^^^^^
> 10 |   presetRange,
     | ^^^^^^^^^^^^^^
> 11 |   type PeriodPreset,
     | ^^^^^^^^^^^^^^^^^^^^
> 12 | } from '@/components/dashboard/period-selector'
     | ^^^^^^^^^^^^^^^^^^^^^^^^^^^^^^^^^^^^^^^^^^^^^^^
  13 | import { SpendingTrend } from '@/components/dashboard/spending-trend'
  14 | import { CategoryBreakdown } from '@/components/dashboard/category-breakdown'
  15 | import { TopMerchants } from '@/components/dashboard/top-merchants'

The export presetRange was not found in module [project]/src/components/dashboard/period-selector.tsx [app-ssr] (ecmascript).
Did you mean to import PeriodSelector?
All exports of the module are statically known (It doesn't have dynamic exports). So it's known statically that the requested export doesn't exist.

Import traces:
  Client Component Browser:
    ./src/app/dashboard/page.tsx [Client Component Browser]
    ./src/app/dashboard/page.tsx [Server Component]

  Client Component SSR:
    ./src/app/dashboard/page.tsx [Client Component SSR]
    ./src/app/dashboard/page.tsx [Server Component] @ http://localhost:3000/_next/static/chunks/node_modules_next_dist_20ud_8w._.js:2099
[  610580ms] [ERROR] ./src/app/dashboard/page.tsx:8:1
Export presetRange doesn't exist in target module
   6 | import { Select } from '@/components/ui/select'
   7 | import { StatCard } from '@/components/dashboard/stat-card'
>  8 | import {
     | ^^^^^^^
>  9 |   PeriodSelector,
     | ^^^^^^^^^^^^^^^^^
> 10 |   presetRange,
     | ^^^^^^^^^^^^^^
> 11 |   type PeriodPreset,
     | ^^^^^^^^^^^^^^^^^^^^
> 12 | } from '@/components/dashboard/period-selector'
     | ^^^^^^^^^^^^^^^^^^^^^^^^^^^^^^^^^^^^^^^^^^^^^^^
  13 | import { SpendingTrend } from '@/components/dashboard/spending-trend'
  14 | import { CategoryBreakdown } from '@/components/dashboard/category-breakdown'
  15 | import { TopMerchants } from '@/components/dashboard/top-merchants'

The export presetRange was not found in module [project]/src/components/dashboard/period-selector.tsx [app-client] (ecmascript).
Did you mean to import PeriodSelector?
All exports of the module are statically known (It doesn't have dynamic exports). So it's known statically that the requested export doesn't exist.

Import traces:
  Client Component Browser:
    ./src/app/dashboard/page.tsx [Client Component Browser]
    ./src/app/dashboard/page.tsx [Server Component]

  Client Component SSR:
    ./src/app/dashboard/page.tsx [Client Component SSR]
    ./src/app/dashboard/page.tsx [Server Component] @ http://localhost:3000/_next/static/chunks/node_modules_next_dist_20ud_8w._.js:2099
[  610580ms] [ERROR] ./src/app/dashboard/page.tsx:8:1
Export presetRange doesn't exist in target module
   6 | import { Select } from '@/components/ui/select'
   7 | import { StatCard } from '@/components/dashboard/stat-card'
>  8 | import {
     | ^^^^^^^
>  9 |   PeriodSelector,
     | ^^^^^^^^^^^^^^^^^
> 10 |   presetRange,
     | ^^^^^^^^^^^^^^
> 11 |   type PeriodPreset,
     | ^^^^^^^^^^^^^^^^^^^^
> 12 | } from '@/components/dashboard/period-selector'
     | ^^^^^^^^^^^^^^^^^^^^^^^^^^^^^^^^^^^^^^^^^^^^^^^
  13 | import { SpendingTrend } from '@/components/dashboard/spending-trend'
  14 | import { CategoryBreakdown } from '@/components/dashboard/category-breakdown'
  15 | import { TopMerchants } from '@/components/dashboard/top-merchants'

The export presetRange was not found in module [project]/src/components/dashboard/period-selector.tsx [app-ssr] (ecmascript).
Did you mean to import PeriodSelector?
All exports of the module are statically known (It doesn't have dynamic exports). So it's known statically that the requested export doesn't exist.

Import traces:
  Client Component Browser:
    ./src/app/dashboard/page.tsx [Client Component Browser]
    ./src/app/dashboard/page.tsx [Server Component]

  Client Component SSR:
    ./src/app/dashboard/page.tsx [Client Component SSR]
    ./src/app/dashboard/page.tsx [Server Component] @ http://localhost:3000/_next/static/chunks/node_modules_next_dist_20ud_8w._.js:2099
[  610642ms] [ERROR] ./src/app/dashboard/page.tsx:8:1
Export presetRange doesn't exist in target module
   6 | import { Select } from '@/components/ui/select'
   7 | import { StatCard } from '@/components/dashboard/stat-card'
>  8 | import {
     | ^^^^^^^
>  9 |   PeriodSelector,
     | ^^^^^^^^^^^^^^^^^
> 10 |   presetRange,
     | ^^^^^^^^^^^^^^
> 11 |   type PeriodPreset,
     | ^^^^^^^^^^^^^^^^^^^^
> 12 | } from '@/components/dashboard/period-selector'
     | ^^^^^^^^^^^^^^^^^^^^^^^^^^^^^^^^^^^^^^^^^^^^^^^
  13 | import { SpendingTrend } from '@/components/dashboard/spending-trend'
  14 | import { CategoryBreakdown } from '@/components/dashboard/category-breakdown'
  15 | import { TopMerchants } from '@/components/dashboard/top-merchants'

The export presetRange was not found in module [project]/src/components/dashboard/period-selector.tsx [app-client] (ecmascript).
Did you mean to import PeriodSelector?
All exports of the module are statically known (It doesn't have dynamic exports). So it's known statically that the requested export doesn't exist.

Import traces:
  Client Component Browser:
    ./src/app/dashboard/page.tsx [Client Component Browser]
    ./src/app/dashboard/page.tsx [Server Component]

  Client Component SSR:
    ./src/app/dashboard/page.tsx [Client Component SSR]
    ./src/app/dashboard/page.tsx [Server Component] @ http://localhost:3000/_next/static/chunks/node_modules_next_dist_20ud_8w._.js:2099
[  610643ms] [ERROR] ./src/app/dashboard/page.tsx:8:1
Export presetRange doesn't exist in target module
   6 | import { Select } from '@/components/ui/select'
   7 | import { StatCard } from '@/components/dashboard/stat-card'
>  8 | import {
     | ^^^^^^^
>  9 |   PeriodSelector,
     | ^^^^^^^^^^^^^^^^^
> 10 |   presetRange,
     | ^^^^^^^^^^^^^^
> 11 |   type PeriodPreset,
     | ^^^^^^^^^^^^^^^^^^^^
> 12 | } from '@/components/dashboard/period-selector'
     | ^^^^^^^^^^^^^^^^^^^^^^^^^^^^^^^^^^^^^^^^^^^^^^^
  13 | import { SpendingTrend } from '@/components/dashboard/spending-trend'
  14 | import { CategoryBreakdown } from '@/components/dashboard/category-breakdown'
  15 | import { TopMerchants } from '@/components/dashboard/top-merchants'

The export presetRange was not found in module [project]/src/components/dashboard/period-selector.tsx [app-ssr] (ecmascript).
Did you mean to import PeriodSelector?
All exports of the module are statically known (It doesn't have dynamic exports). So it's known statically that the requested export doesn't exist.

Import traces:
  Client Component Browser:
    ./src/app/dashboard/page.tsx [Client Component Browser]
    ./src/app/dashboard/page.tsx [Server Component]

  Client Component SSR:
    ./src/app/dashboard/page.tsx [Client Component SSR]
    ./src/app/dashboard/page.tsx [Server Component] @ http://localhost:3000/_next/static/chunks/node_modules_next_dist_20ud_8w._.js:2099
[  610704ms] [ERROR] ./src/app/dashboard/page.tsx:8:1
Export presetRange doesn't exist in target module
   6 | import { Select } from '@/components/ui/select'
   7 | import { StatCard } from '@/components/dashboard/stat-card'
>  8 | import {
     | ^^^^^^^
>  9 |   PeriodSelector,
     | ^^^^^^^^^^^^^^^^^
> 10 |   presetRange,
     | ^^^^^^^^^^^^^^
> 11 |   type PeriodPreset,
     | ^^^^^^^^^^^^^^^^^^^^
> 12 | } from '@/components/dashboard/period-selector'
     | ^^^^^^^^^^^^^^^^^^^^^^^^^^^^^^^^^^^^^^^^^^^^^^^
  13 | import { SpendingTrend } from '@/components/dashboard/spending-trend'
  14 | import { CategoryBreakdown } from '@/components/dashboard/category-breakdown'
  15 | import { TopMerchants } from '@/components/dashboard/top-merchants'

The export presetRange was not found in module [project]/src/components/dashboard/period-selector.tsx [app-client] (ecmascript).
Did you mean to import PeriodSelector?
All exports of the module are statically known (It doesn't have dynamic exports). So it's known statically that the requested export doesn't exist.

Import traces:
  Client Component Browser:
    ./src/app/dashboard/page.tsx [Client Component Browser]
    ./src/app/dashboard/page.tsx [Server Component]

  Client Component SSR:
    ./src/app/dashboard/page.tsx [Client Component SSR]
    ./src/app/dashboard/page.tsx [Server Component] @ http://localhost:3000/_next/static/chunks/node_modules_next_dist_20ud_8w._.js:2099
[  610704ms] [ERROR] ./src/app/dashboard/page.tsx:8:1
Export presetRange doesn't exist in target module
   6 | import { Select } from '@/components/ui/select'
   7 | import { StatCard } from '@/components/dashboard/stat-card'
>  8 | import {
     | ^^^^^^^
>  9 |   PeriodSelector,
     | ^^^^^^^^^^^^^^^^^
> 10 |   presetRange,
     | ^^^^^^^^^^^^^^
> 11 |   type PeriodPreset,
     | ^^^^^^^^^^^^^^^^^^^^
> 12 | } from '@/components/dashboard/period-selector'
     | ^^^^^^^^^^^^^^^^^^^^^^^^^^^^^^^^^^^^^^^^^^^^^^^
  13 | import { SpendingTrend } from '@/components/dashboard/spending-trend'
  14 | import { CategoryBreakdown } from '@/components/dashboard/category-breakdown'
  15 | import { TopMerchants } from '@/components/dashboard/top-merchants'

The export presetRange was not found in module [project]/src/components/dashboard/period-selector.tsx [app-ssr] (ecmascript).
Did you mean to import PeriodSelector?
All exports of the module are statically known (It doesn't have dynamic exports). So it's known statically that the requested export doesn't exist.

Import traces:
  Client Component Browser:
    ./src/app/dashboard/page.tsx [Client Component Browser]
    ./src/app/dashboard/page.tsx [Server Component]

  Client Component SSR:
    ./src/app/dashboard/page.tsx [Client Component SSR]
    ./src/app/dashboard/page.tsx [Server Component] @ http://localhost:3000/_next/static/chunks/node_modules_next_dist_20ud_8w._.js:2099
[  610768ms] [ERROR] ./src/app/dashboard/page.tsx:8:1
Export presetRange doesn't exist in target module
   6 | import { Select } from '@/components/ui/select'
   7 | import { StatCard } from '@/components/dashboard/stat-card'
>  8 | import {
     | ^^^^^^^
>  9 |   PeriodSelector,
     | ^^^^^^^^^^^^^^^^^
> 10 |   presetRange,
     | ^^^^^^^^^^^^^^
> 11 |   type PeriodPreset,
     | ^^^^^^^^^^^^^^^^^^^^
> 12 | } from '@/components/dashboard/period-selector'
     | ^^^^^^^^^^^^^^^^^^^^^^^^^^^^^^^^^^^^^^^^^^^^^^^
  13 | import { SpendingTrend } from '@/components/dashboard/spending-trend'
  14 | import { CategoryBreakdown } from '@/components/dashboard/category-breakdown'
  15 | import { TopMerchants } from '@/components/dashboard/top-merchants'

The export presetRange was not found in module [project]/src/components/dashboard/period-selector.tsx [app-client] (ecmascript).
Did you mean to import PeriodSelector?
All exports of the module are statically known (It doesn't have dynamic exports). So it's known statically that the requested export doesn't exist.

Import traces:
  Client Component Browser:
    ./src/app/dashboard/page.tsx [Client Component Browser]
    ./src/app/dashboard/page.tsx [Server Component]

  Client Component SSR:
    ./src/app/dashboard/page.tsx [Client Component SSR]
    ./src/app/dashboard/page.tsx [Server Component] @ http://localhost:3000/_next/static/chunks/node_modules_next_dist_20ud_8w._.js:2099
[  610769ms] [ERROR] ./src/app/dashboard/page.tsx:8:1
Export presetRange doesn't exist in target module
   6 | import { Select } from '@/components/ui/select'
   7 | import { StatCard } from '@/components/dashboard/stat-card'
>  8 | import {
     | ^^^^^^^
>  9 |   PeriodSelector,
     | ^^^^^^^^^^^^^^^^^
> 10 |   presetRange,
     | ^^^^^^^^^^^^^^
> 11 |   type PeriodPreset,
     | ^^^^^^^^^^^^^^^^^^^^
> 12 | } from '@/components/dashboard/period-selector'
     | ^^^^^^^^^^^^^^^^^^^^^^^^^^^^^^^^^^^^^^^^^^^^^^^
  13 | import { SpendingTrend } from '@/components/dashboard/spending-trend'
  14 | import { CategoryBreakdown } from '@/components/dashboard/category-breakdown'
  15 | import { TopMerchants } from '@/components/dashboard/top-merchants'

The export presetRange was not found in module [project]/src/components/dashboard/period-selector.tsx [app-ssr] (ecmascript).
Did you mean to import PeriodSelector?
All exports of the module are statically known (It doesn't have dynamic exports). So it's known statically that the requested export doesn't exist.

Import traces:
  Client Component Browser:
    ./src/app/dashboard/page.tsx [Client Component Browser]
    ./src/app/dashboard/page.tsx [Server Component]

  Client Component SSR:
    ./src/app/dashboard/page.tsx [Client Component SSR]
    ./src/app/dashboard/page.tsx [Server Component] @ http://localhost:3000/_next/static/chunks/node_modules_next_dist_20ud_8w._.js:2099
[  610831ms] [ERROR] ./src/app/dashboard/page.tsx:8:1
Export presetRange doesn't exist in target module
   6 | import { Select } from '@/components/ui/select'
   7 | import { StatCard } from '@/components/dashboard/stat-card'
>  8 | import {
     | ^^^^^^^
>  9 |   PeriodSelector,
     | ^^^^^^^^^^^^^^^^^
> 10 |   presetRange,
     | ^^^^^^^^^^^^^^
> 11 |   type PeriodPreset,
     | ^^^^^^^^^^^^^^^^^^^^
> 12 | } from '@/components/dashboard/period-selector'
     | ^^^^^^^^^^^^^^^^^^^^^^^^^^^^^^^^^^^^^^^^^^^^^^^
  13 | import { SpendingTrend } from '@/components/dashboard/spending-trend'
  14 | import { CategoryBreakdown } from '@/components/dashboard/category-breakdown'
  15 | import { TopMerchants } from '@/components/dashboard/top-merchants'

The export presetRange was not found in module [project]/src/components/dashboard/period-selector.tsx [app-client] (ecmascript).
Did you mean to import PeriodSelector?
All exports of the module are statically known (It doesn't have dynamic exports). So it's known statically that the requested export doesn't exist.

Import traces:
  Client Component Browser:
    ./src/app/dashboard/page.tsx [Client Component Browser]
    ./src/app/dashboard/page.tsx [Server Component]

  Client Component SSR:
    ./src/app/dashboard/page.tsx [Client Component SSR]
    ./src/app/dashboard/page.tsx [Server Component] @ http://localhost:3000/_next/static/chunks/node_modules_next_dist_20ud_8w._.js:2099
[  610831ms] [ERROR] ./src/app/dashboard/page.tsx:8:1
Export presetRange doesn't exist in target module
   6 | import { Select } from '@/components/ui/select'
   7 | import { StatCard } from '@/components/dashboard/stat-card'
>  8 | import {
     | ^^^^^^^
>  9 |   PeriodSelector,
     | ^^^^^^^^^^^^^^^^^
> 10 |   presetRange,
     | ^^^^^^^^^^^^^^
> 11 |   type PeriodPreset,
     | ^^^^^^^^^^^^^^^^^^^^
> 12 | } from '@/components/dashboard/period-selector'
     | ^^^^^^^^^^^^^^^^^^^^^^^^^^^^^^^^^^^^^^^^^^^^^^^
  13 | import { SpendingTrend } from '@/components/dashboard/spending-trend'
  14 | import { CategoryBreakdown } from '@/components/dashboard/category-breakdown'
  15 | import { TopMerchants } from '@/components/dashboard/top-merchants'

The export presetRange was not found in module [project]/src/components/dashboard/period-selector.tsx [app-ssr] (ecmascript).
Did you mean to import PeriodSelector?
All exports of the module are statically known (It doesn't have dynamic exports). So it's known statically that the requested export doesn't exist.

Import traces:
  Client Component Browser:
    ./src/app/dashboard/page.tsx [Client Component Browser]
    ./src/app/dashboard/page.tsx [Server Component]

  Client Component SSR:
    ./src/app/dashboard/page.tsx [Client Component SSR]
    ./src/app/dashboard/page.tsx [Server Component] @ http://localhost:3000/_next/static/chunks/node_modules_next_dist_20ud_8w._.js:2099
[  610893ms] [ERROR] ./src/app/dashboard/page.tsx:8:1
Export presetRange doesn't exist in target module
   6 | import { Select } from '@/components/ui/select'
   7 | import { StatCard } from '@/components/dashboard/stat-card'
>  8 | import {
     | ^^^^^^^
>  9 |   PeriodSelector,
     | ^^^^^^^^^^^^^^^^^
> 10 |   presetRange,
     | ^^^^^^^^^^^^^^
> 11 |   type PeriodPreset,
     | ^^^^^^^^^^^^^^^^^^^^
> 12 | } from '@/components/dashboard/period-selector'
     | ^^^^^^^^^^^^^^^^^^^^^^^^^^^^^^^^^^^^^^^^^^^^^^^
  13 | import { SpendingTrend } from '@/components/dashboard/spending-trend'
  14 | import { CategoryBreakdown } from '@/components/dashboard/category-breakdown'
  15 | import { TopMerchants } from '@/components/dashboard/top-merchants'

The export presetRange was not found in module [project]/src/components/dashboard/period-selector.tsx [app-client] (ecmascript).
Did you mean to import PeriodSelector?
All exports of the module are statically known (It doesn't have dynamic exports). So it's known statically that the requested export doesn't exist.

Import traces:
  Client Component Browser:
    ./src/app/dashboard/page.tsx [Client Component Browser]
    ./src/app/dashboard/page.tsx [Server Component]

  Client Component SSR:
    ./src/app/dashboard/page.tsx [Client Component SSR]
    ./src/app/dashboard/page.tsx [Server Component] @ http://localhost:3000/_next/static/chunks/node_modules_next_dist_20ud_8w._.js:2099
[  610893ms] [ERROR] ./src/app/dashboard/page.tsx:8:1
Export presetRange doesn't exist in target module
   6 | import { Select } from '@/components/ui/select'
   7 | import { StatCard } from '@/components/dashboard/stat-card'
>  8 | import {
     | ^^^^^^^
>  9 |   PeriodSelector,
     | ^^^^^^^^^^^^^^^^^
> 10 |   presetRange,
     | ^^^^^^^^^^^^^^
> 11 |   type PeriodPreset,
     | ^^^^^^^^^^^^^^^^^^^^
> 12 | } from '@/components/dashboard/period-selector'
     | ^^^^^^^^^^^^^^^^^^^^^^^^^^^^^^^^^^^^^^^^^^^^^^^
  13 | import { SpendingTrend } from '@/components/dashboard/spending-trend'
  14 | import { CategoryBreakdown } from '@/components/dashboard/category-breakdown'
  15 | import { TopMerchants } from '@/components/dashboard/top-merchants'

The export presetRange was not found in module [project]/src/components/dashboard/period-selector.tsx [app-ssr] (ecmascript).
Did you mean to import PeriodSelector?
All exports of the module are statically known (It doesn't have dynamic exports). So it's known statically that the requested export doesn't exist.

Import traces:
  Client Component Browser:
    ./src/app/dashboard/page.tsx [Client Component Browser]
    ./src/app/dashboard/page.tsx [Server Component]

  Client Component SSR:
    ./src/app/dashboard/page.tsx [Client Component SSR]
    ./src/app/dashboard/page.tsx [Server Component] @ http://localhost:3000/_next/static/chunks/node_modules_next_dist_20ud_8w._.js:2099
[  610955ms] [ERROR] ./src/app/dashboard/page.tsx:8:1
Export presetRange doesn't exist in target module
   6 | import { Select } from '@/components/ui/select'
   7 | import { StatCard } from '@/components/dashboard/stat-card'
>  8 | import {
     | ^^^^^^^
>  9 |   PeriodSelector,
     | ^^^^^^^^^^^^^^^^^
> 10 |   presetRange,
     | ^^^^^^^^^^^^^^
> 11 |   type PeriodPreset,
     | ^^^^^^^^^^^^^^^^^^^^
> 12 | } from '@/components/dashboard/period-selector'
     | ^^^^^^^^^^^^^^^^^^^^^^^^^^^^^^^^^^^^^^^^^^^^^^^
  13 | import { SpendingTrend } from '@/components/dashboard/spending-trend'
  14 | import { CategoryBreakdown } from '@/components/dashboard/category-breakdown'
  15 | import { TopMerchants } from '@/components/dashboard/top-merchants'

The export presetRange was not found in module [project]/src/components/dashboard/period-selector.tsx [app-client] (ecmascript).
Did you mean to import PeriodSelector?
All exports of the module are statically known (It doesn't have dynamic exports). So it's known statically that the requested export doesn't exist.

Import traces:
  Client Component Browser:
    ./src/app/dashboard/page.tsx [Client Component Browser]
    ./src/app/dashboard/page.tsx [Server Component]

  Client Component SSR:
    ./src/app/dashboard/page.tsx [Client Component SSR]
    ./src/app/dashboard/page.tsx [Server Component] @ http://localhost:3000/_next/static/chunks/node_modules_next_dist_20ud_8w._.js:2099
[  610955ms] [ERROR] ./src/app/dashboard/page.tsx:8:1
Export presetRange doesn't exist in target module
   6 | import { Select } from '@/components/ui/select'
   7 | import { StatCard } from '@/components/dashboard/stat-card'
>  8 | import {
     | ^^^^^^^
>  9 |   PeriodSelector,
     | ^^^^^^^^^^^^^^^^^
> 10 |   presetRange,
     | ^^^^^^^^^^^^^^
> 11 |   type PeriodPreset,
     | ^^^^^^^^^^^^^^^^^^^^
> 12 | } from '@/components/dashboard/period-selector'
     | ^^^^^^^^^^^^^^^^^^^^^^^^^^^^^^^^^^^^^^^^^^^^^^^
  13 | import { SpendingTrend } from '@/components/dashboard/spending-trend'
  14 | import { CategoryBreakdown } from '@/components/dashboard/category-breakdown'
  15 | import { TopMerchants } from '@/components/dashboard/top-merchants'

The export presetRange was not found in module [project]/src/components/dashboard/period-selector.tsx [app-ssr] (ecmascript).
Did you mean to import PeriodSelector?
All exports of the module are statically known (It doesn't have dynamic exports). So it's known statically that the requested export doesn't exist.

Import traces:
  Client Component Browser:
    ./src/app/dashboard/page.tsx [Client Component Browser]
    ./src/app/dashboard/page.tsx [Server Component]

  Client Component SSR:
    ./src/app/dashboard/page.tsx [Client Component SSR]
    ./src/app/dashboard/page.tsx [Server Component] @ http://localhost:3000/_next/static/chunks/node_modules_next_dist_20ud_8w._.js:2099
[  611016ms] [ERROR] ./src/app/dashboard/page.tsx:8:1
Export presetRange doesn't exist in target module
   6 | import { Select } from '@/components/ui/select'
   7 | import { StatCard } from '@/components/dashboard/stat-card'
>  8 | import {
     | ^^^^^^^
>  9 |   PeriodSelector,
     | ^^^^^^^^^^^^^^^^^
> 10 |   presetRange,
     | ^^^^^^^^^^^^^^
> 11 |   type PeriodPreset,
     | ^^^^^^^^^^^^^^^^^^^^
> 12 | } from '@/components/dashboard/period-selector'
     | ^^^^^^^^^^^^^^^^^^^^^^^^^^^^^^^^^^^^^^^^^^^^^^^
  13 | import { SpendingTrend } from '@/components/dashboard/spending-trend'
  14 | import { CategoryBreakdown } from '@/components/dashboard/category-breakdown'
  15 | import { TopMerchants } from '@/components/dashboard/top-merchants'

The export presetRange was not found in module [project]/src/components/dashboard/period-selector.tsx [app-client] (ecmascript).
Did you mean to import PeriodSelector?
All exports of the module are statically known (It doesn't have dynamic exports). So it's known statically that the requested export doesn't exist.

Import traces:
  Client Component Browser:
    ./src/app/dashboard/page.tsx [Client Component Browser]
    ./src/app/dashboard/page.tsx [Server Component]

  Client Component SSR:
    ./src/app/dashboard/page.tsx [Client Component SSR]
    ./src/app/dashboard/page.tsx [Server Component] @ http://localhost:3000/_next/static/chunks/node_modules_next_dist_20ud_8w._.js:2099
[  611016ms] [ERROR] ./src/app/dashboard/page.tsx:8:1
Export presetRange doesn't exist in target module
   6 | import { Select } from '@/components/ui/select'
   7 | import { StatCard } from '@/components/dashboard/stat-card'
>  8 | import {
     | ^^^^^^^
>  9 |   PeriodSelector,
     | ^^^^^^^^^^^^^^^^^
> 10 |   presetRange,
     | ^^^^^^^^^^^^^^
> 11 |   type PeriodPreset,
     | ^^^^^^^^^^^^^^^^^^^^
> 12 | } from '@/components/dashboard/period-selector'
     | ^^^^^^^^^^^^^^^^^^^^^^^^^^^^^^^^^^^^^^^^^^^^^^^
  13 | import { SpendingTrend } from '@/components/dashboard/spending-trend'
  14 | import { CategoryBreakdown } from '@/components/dashboard/category-breakdown'
  15 | import { TopMerchants } from '@/components/dashboard/top-merchants'

The export presetRange was not found in module [project]/src/components/dashboard/period-selector.tsx [app-ssr] (ecmascript).
Did you mean to import PeriodSelector?
All exports of the module are statically known (It doesn't have dynamic exports). So it's known statically that the requested export doesn't exist.

Import traces:
  Client Component Browser:
    ./src/app/dashboard/page.tsx [Client Component Browser]
    ./src/app/dashboard/page.tsx [Server Component]

  Client Component SSR:
    ./src/app/dashboard/page.tsx [Client Component SSR]
    ./src/app/dashboard/page.tsx [Server Component] @ http://localhost:3000/_next/static/chunks/node_modules_next_dist_20ud_8w._.js:2099
[  611078ms] [ERROR] ./src/app/dashboard/page.tsx:8:1
Export presetRange doesn't exist in target module
   6 | import { Select } from '@/components/ui/select'
   7 | import { StatCard } from '@/components/dashboard/stat-card'
>  8 | import {
     | ^^^^^^^
>  9 |   PeriodSelector,
     | ^^^^^^^^^^^^^^^^^
> 10 |   presetRange,
     | ^^^^^^^^^^^^^^
> 11 |   type PeriodPreset,
     | ^^^^^^^^^^^^^^^^^^^^
> 12 | } from '@/components/dashboard/period-selector'
     | ^^^^^^^^^^^^^^^^^^^^^^^^^^^^^^^^^^^^^^^^^^^^^^^
  13 | import { SpendingTrend } from '@/components/dashboard/spending-trend'
  14 | import { CategoryBreakdown } from '@/components/dashboard/category-breakdown'
  15 | import { TopMerchants } from '@/components/dashboard/top-merchants'

The export presetRange was not found in module [project]/src/components/dashboard/period-selector.tsx [app-client] (ecmascript).
Did you mean to import PeriodSelector?
All exports of the module are statically known (It doesn't have dynamic exports). So it's known statically that the requested export doesn't exist.

Import traces:
  Client Component Browser:
    ./src/app/dashboard/page.tsx [Client Component Browser]
    ./src/app/dashboard/page.tsx [Server Component]

  Client Component SSR:
    ./src/app/dashboard/page.tsx [Client Component SSR]
    ./src/app/dashboard/page.tsx [Server Component] @ http://localhost:3000/_next/static/chunks/node_modules_next_dist_20ud_8w._.js:2099
[  611078ms] [ERROR] ./src/app/dashboard/page.tsx:8:1
Export presetRange doesn't exist in target module
   6 | import { Select } from '@/components/ui/select'
   7 | import { StatCard } from '@/components/dashboard/stat-card'
>  8 | import {
     | ^^^^^^^
>  9 |   PeriodSelector,
     | ^^^^^^^^^^^^^^^^^
> 10 |   presetRange,
     | ^^^^^^^^^^^^^^
> 11 |   type PeriodPreset,
     | ^^^^^^^^^^^^^^^^^^^^
> 12 | } from '@/components/dashboard/period-selector'
     | ^^^^^^^^^^^^^^^^^^^^^^^^^^^^^^^^^^^^^^^^^^^^^^^
  13 | import { SpendingTrend } from '@/components/dashboard/spending-trend'
  14 | import { CategoryBreakdown } from '@/components/dashboard/category-breakdown'
  15 | import { TopMerchants } from '@/components/dashboard/top-merchants'

The export presetRange was not found in module [project]/src/components/dashboard/period-selector.tsx [app-ssr] (ecmascript).
Did you mean to import PeriodSelector?
All exports of the module are statically known (It doesn't have dynamic exports). So it's known statically that the requested export doesn't exist.

Import traces:
  Client Component Browser:
    ./src/app/dashboard/page.tsx [Client Component Browser]
    ./src/app/dashboard/page.tsx [Server Component]

  Client Component SSR:
    ./src/app/dashboard/page.tsx [Client Component SSR]
    ./src/app/dashboard/page.tsx [Server Component] @ http://localhost:3000/_next/static/chunks/node_modules_next_dist_20ud_8w._.js:2099
[  611140ms] [ERROR] ./src/app/dashboard/page.tsx:8:1
Export presetRange doesn't exist in target module
   6 | import { Select } from '@/components/ui/select'
   7 | import { StatCard } from '@/components/dashboard/stat-card'
>  8 | import {
     | ^^^^^^^
>  9 |   PeriodSelector,
     | ^^^^^^^^^^^^^^^^^
> 10 |   presetRange,
     | ^^^^^^^^^^^^^^
> 11 |   type PeriodPreset,
     | ^^^^^^^^^^^^^^^^^^^^
> 12 | } from '@/components/dashboard/period-selector'
     | ^^^^^^^^^^^^^^^^^^^^^^^^^^^^^^^^^^^^^^^^^^^^^^^
  13 | import { SpendingTrend } from '@/components/dashboard/spending-trend'
  14 | import { CategoryBreakdown } from '@/components/dashboard/category-breakdown'
  15 | import { TopMerchants } from '@/components/dashboard/top-merchants'

The export presetRange was not found in module [project]/src/components/dashboard/period-selector.tsx [app-client] (ecmascript).
Did you mean to import PeriodSelector?
All exports of the module are statically known (It doesn't have dynamic exports). So it's known statically that the requested export doesn't exist.

Import traces:
  Client Component Browser:
    ./src/app/dashboard/page.tsx [Client Component Browser]
    ./src/app/dashboard/page.tsx [Server Component]

  Client Component SSR:
    ./src/app/dashboard/page.tsx [Client Component SSR]
    ./src/app/dashboard/page.tsx [Server Component] @ http://localhost:3000/_next/static/chunks/node_modules_next_dist_20ud_8w._.js:2099
[  611140ms] [ERROR] ./src/app/dashboard/page.tsx:8:1
Export presetRange doesn't exist in target module
   6 | import { Select } from '@/components/ui/select'
   7 | import { StatCard } from '@/components/dashboard/stat-card'
>  8 | import {
     | ^^^^^^^
>  9 |   PeriodSelector,
     | ^^^^^^^^^^^^^^^^^
> 10 |   presetRange,
     | ^^^^^^^^^^^^^^
> 11 |   type PeriodPreset,
     | ^^^^^^^^^^^^^^^^^^^^
> 12 | } from '@/components/dashboard/period-selector'
     | ^^^^^^^^^^^^^^^^^^^^^^^^^^^^^^^^^^^^^^^^^^^^^^^
  13 | import { SpendingTrend } from '@/components/dashboard/spending-trend'
  14 | import { CategoryBreakdown } from '@/components/dashboard/category-breakdown'
  15 | import { TopMerchants } from '@/components/dashboard/top-merchants'

The export presetRange was not found in module [project]/src/components/dashboard/period-selector.tsx [app-ssr] (ecmascript).
Did you mean to import PeriodSelector?
All exports of the module are statically known (It doesn't have dynamic exports). So it's known statically that the requested export doesn't exist.

Import traces:
  Client Component Browser:
    ./src/app/dashboard/page.tsx [Client Component Browser]
    ./src/app/dashboard/page.tsx [Server Component]

  Client Component SSR:
    ./src/app/dashboard/page.tsx [Client Component SSR]
    ./src/app/dashboard/page.tsx [Server Component] @ http://localhost:3000/_next/static/chunks/node_modules_next_dist_20ud_8w._.js:2099
[  611204ms] [ERROR] ./src/app/dashboard/page.tsx:8:1
Export presetRange doesn't exist in target module
   6 | import { Select } from '@/components/ui/select'
   7 | import { StatCard } from '@/components/dashboard/stat-card'
>  8 | import {
     | ^^^^^^^
>  9 |   PeriodSelector,
     | ^^^^^^^^^^^^^^^^^
> 10 |   presetRange,
     | ^^^^^^^^^^^^^^
> 11 |   type PeriodPreset,
     | ^^^^^^^^^^^^^^^^^^^^
> 12 | } from '@/components/dashboard/period-selector'
     | ^^^^^^^^^^^^^^^^^^^^^^^^^^^^^^^^^^^^^^^^^^^^^^^
  13 | import { SpendingTrend } from '@/components/dashboard/spending-trend'
  14 | import { CategoryBreakdown } from '@/components/dashboard/category-breakdown'
  15 | import { TopMerchants } from '@/components/dashboard/top-merchants'

The export presetRange was not found in module [project]/src/components/dashboard/period-selector.tsx [app-client] (ecmascript).
Did you mean to import PeriodSelector?
All exports of the module are statically known (It doesn't have dynamic exports). So it's known statically that the requested export doesn't exist.

Import traces:
  Client Component Browser:
    ./src/app/dashboard/page.tsx [Client Component Browser]
    ./src/app/dashboard/page.tsx [Server Component]

  Client Component SSR:
    ./src/app/dashboard/page.tsx [Client Component SSR]
    ./src/app/dashboard/page.tsx [Server Component] @ http://localhost:3000/_next/static/chunks/node_modules_next_dist_20ud_8w._.js:2099
[  611205ms] [ERROR] ./src/app/dashboard/page.tsx:8:1
Export presetRange doesn't exist in target module
   6 | import { Select } from '@/components/ui/select'
   7 | import { StatCard } from '@/components/dashboard/stat-card'
>  8 | import {
     | ^^^^^^^
>  9 |   PeriodSelector,
     | ^^^^^^^^^^^^^^^^^
> 10 |   presetRange,
     | ^^^^^^^^^^^^^^
> 11 |   type PeriodPreset,
     | ^^^^^^^^^^^^^^^^^^^^
> 12 | } from '@/components/dashboard/period-selector'
     | ^^^^^^^^^^^^^^^^^^^^^^^^^^^^^^^^^^^^^^^^^^^^^^^
  13 | import { SpendingTrend } from '@/components/dashboard/spending-trend'
  14 | import { CategoryBreakdown } from '@/components/dashboard/category-breakdown'
  15 | import { TopMerchants } from '@/components/dashboard/top-merchants'

The export presetRange was not found in module [project]/src/components/dashboard/period-selector.tsx [app-ssr] (ecmascript).
Did you mean to import PeriodSelector?
All exports of the module are statically known (It doesn't have dynamic exports). So it's known statically that the requested export doesn't exist.

Import traces:
  Client Component Browser:
    ./src/app/dashboard/page.tsx [Client Component Browser]
    ./src/app/dashboard/page.tsx [Server Component]

  Client Component SSR:
    ./src/app/dashboard/page.tsx [Client Component SSR]
    ./src/app/dashboard/page.tsx [Server Component] @ http://localhost:3000/_next/static/chunks/node_modules_next_dist_20ud_8w._.js:2099
[  611267ms] [ERROR] ./src/app/dashboard/page.tsx:8:1
Export presetRange doesn't exist in target module
   6 | import { Select } from '@/components/ui/select'
   7 | import { StatCard } from '@/components/dashboard/stat-card'
>  8 | import {
     | ^^^^^^^
>  9 |   PeriodSelector,
     | ^^^^^^^^^^^^^^^^^
> 10 |   presetRange,
     | ^^^^^^^^^^^^^^
> 11 |   type PeriodPreset,
     | ^^^^^^^^^^^^^^^^^^^^
> 12 | } from '@/components/dashboard/period-selector'
     | ^^^^^^^^^^^^^^^^^^^^^^^^^^^^^^^^^^^^^^^^^^^^^^^
  13 | import { SpendingTrend } from '@/components/dashboard/spending-trend'
  14 | import { CategoryBreakdown } from '@/components/dashboard/category-breakdown'
  15 | import { TopMerchants } from '@/components/dashboard/top-merchants'

The export presetRange was not found in module [project]/src/components/dashboard/period-selector.tsx [app-client] (ecmascript).
Did you mean to import PeriodSelector?
All exports of the module are statically known (It doesn't have dynamic exports). So it's known statically that the requested export doesn't exist.

Import traces:
  Client Component Browser:
    ./src/app/dashboard/page.tsx [Client Component Browser]
    ./src/app/dashboard/page.tsx [Server Component]

  Client Component SSR:
    ./src/app/dashboard/page.tsx [Client Component SSR]
    ./src/app/dashboard/page.tsx [Server Component] @ http://localhost:3000/_next/static/chunks/node_modules_next_dist_20ud_8w._.js:2099
[  611268ms] [ERROR] ./src/app/dashboard/page.tsx:8:1
Export presetRange doesn't exist in target module
   6 | import { Select } from '@/components/ui/select'
   7 | import { StatCard } from '@/components/dashboard/stat-card'
>  8 | import {
     | ^^^^^^^
>  9 |   PeriodSelector,
     | ^^^^^^^^^^^^^^^^^
> 10 |   presetRange,
     | ^^^^^^^^^^^^^^
> 11 |   type PeriodPreset,
     | ^^^^^^^^^^^^^^^^^^^^
> 12 | } from '@/components/dashboard/period-selector'
     | ^^^^^^^^^^^^^^^^^^^^^^^^^^^^^^^^^^^^^^^^^^^^^^^
  13 | import { SpendingTrend } from '@/components/dashboard/spending-trend'
  14 | import { CategoryBreakdown } from '@/components/dashboard/category-breakdown'
  15 | import { TopMerchants } from '@/components/dashboard/top-merchants'

The export presetRange was not found in module [project]/src/components/dashboard/period-selector.tsx [app-ssr] (ecmascript).
Did you mean to import PeriodSelector?
All exports of the module are statically known (It doesn't have dynamic exports). So it's known statically that the requested export doesn't exist.

Import traces:
  Client Component Browser:
    ./src/app/dashboard/page.tsx [Client Component Browser]
    ./src/app/dashboard/page.tsx [Server Component]

  Client Component SSR:
    ./src/app/dashboard/page.tsx [Client Component SSR]
    ./src/app/dashboard/page.tsx [Server Component] @ http://localhost:3000/_next/static/chunks/node_modules_next_dist_20ud_8w._.js:2099
[  611370ms] [LOG] [Fast Refresh] rebuilding @ http://localhost:3000/_next/static/chunks/node_modules_next_dist_20ud_8w._.js:1380
[  611415ms] [ERROR] ./src/app/dashboard/page.tsx:8:1
Export presetRange doesn't exist in target module
   6 | import { Select } from '@/components/ui/select'
   7 | import { StatCard } from '@/components/dashboard/stat-card'
>  8 | import {
     | ^^^^^^^
>  9 |   PeriodSelector,
     | ^^^^^^^^^^^^^^^^^
> 10 |   presetRange,
     | ^^^^^^^^^^^^^^
> 11 |   type PeriodPreset,
     | ^^^^^^^^^^^^^^^^^^^^
> 12 | } from '@/components/dashboard/period-selector'
     | ^^^^^^^^^^^^^^^^^^^^^^^^^^^^^^^^^^^^^^^^^^^^^^^
  13 | import { SpendingTrend } from '@/components/dashboard/spending-trend'
  14 | import { CategoryBreakdown } from '@/components/dashboard/category-breakdown'
  15 | import { TopMerchants } from '@/components/dashboard/top-merchants'

The export presetRange was not found in module [project]/src/components/dashboard/period-selector.tsx [app-client] (ecmascript).
Did you mean to import PeriodSelector?
All exports of the module are statically known (It doesn't have dynamic exports). So it's known statically that the requested export doesn't exist.

Import traces:
  Client Component Browser:
    ./src/app/dashboard/page.tsx [Client Component Browser]
    ./src/app/dashboard/page.tsx [Server Component]

  Client Component SSR:
    ./src/app/dashboard/page.tsx [Client Component SSR]
    ./src/app/dashboard/page.tsx [Server Component] @ http://localhost:3000/_next/static/chunks/node_modules_next_dist_20ud_8w._.js:2099
[  611416ms] [ERROR] ./src/app/dashboard/page.tsx:8:1
Export presetRange doesn't exist in target module
   6 | import { Select } from '@/components/ui/select'
   7 | import { StatCard } from '@/components/dashboard/stat-card'
>  8 | import {
     | ^^^^^^^
>  9 |   PeriodSelector,
     | ^^^^^^^^^^^^^^^^^
> 10 |   presetRange,
     | ^^^^^^^^^^^^^^
> 11 |   type PeriodPreset,
     | ^^^^^^^^^^^^^^^^^^^^
> 12 | } from '@/components/dashboard/period-selector'
     | ^^^^^^^^^^^^^^^^^^^^^^^^^^^^^^^^^^^^^^^^^^^^^^^
  13 | import { SpendingTrend } from '@/components/dashboard/spending-trend'
  14 | import { CategoryBreakdown } from '@/components/dashboard/category-breakdown'
  15 | import { TopMerchants } from '@/components/dashboard/top-merchants'

The export presetRange was not found in module [project]/src/components/dashboard/period-selector.tsx [app-ssr] (ecmascript).
Did you mean to import PeriodSelector?
All exports of the module are statically known (It doesn't have dynamic exports). So it's known statically that the requested export doesn't exist.

Import traces:
  Client Component Browser:
    ./src/app/dashboard/page.tsx [Client Component Browser]
    ./src/app/dashboard/page.tsx [Server Component]

  Client Component SSR:
    ./src/app/dashboard/page.tsx [Client Component SSR]
    ./src/app/dashboard/page.tsx [Server Component] @ http://localhost:3000/_next/static/chunks/node_modules_next_dist_20ud_8w._.js:2099
[  611422ms] [ERROR] ./src/app/dashboard/page.tsx:8:1
Export presetRange doesn't exist in target module
   6 | import { Select } from '@/components/ui/select'
   7 | import { StatCard } from '@/components/dashboard/stat-card'
>  8 | import {
     | ^^^^^^^
>  9 |   PeriodSelector,
     | ^^^^^^^^^^^^^^^^^
> 10 |   presetRange,
     | ^^^^^^^^^^^^^^
> 11 |   type PeriodPreset,
     | ^^^^^^^^^^^^^^^^^^^^
> 12 | } from '@/components/dashboard/period-selector'
     | ^^^^^^^^^^^^^^^^^^^^^^^^^^^^^^^^^^^^^^^^^^^^^^^
  13 | import { SpendingTrend } from '@/components/dashboard/spending-trend'
  14 | import { CategoryBreakdown } from '@/components/dashboard/category-breakdown'
  15 | import { TopMerchants } from '@/components/dashboard/top-merchants'

The export presetRange was not found in module [project]/src/components/dashboard/period-selector.tsx [app-client] (ecmascript).
Did you mean to import PeriodSelector?
All exports of the module are statically known (It doesn't have dynamic exports). So it's known statically that the requested export doesn't exist.

Import traces:
  Client Component Browser:
    ./src/app/dashboard/page.tsx [Client Component Browser]
    ./src/app/dashboard/page.tsx [Server Component]

  Client Component SSR:
    ./src/app/dashboard/page.tsx [Client Component SSR]
    ./src/app/dashboard/page.tsx [Server Component] @ http://localhost:3000/_next/static/chunks/node_modules_next_dist_20ud_8w._.js:2099
[  611422ms] [ERROR] ./src/app/dashboard/page.tsx:8:1
Export presetRange doesn't exist in target module
   6 | import { Select } from '@/components/ui/select'
   7 | import { StatCard } from '@/components/dashboard/stat-card'
>  8 | import {
     | ^^^^^^^
>  9 |   PeriodSelector,
     | ^^^^^^^^^^^^^^^^^
> 10 |   presetRange,
     | ^^^^^^^^^^^^^^
> 11 |   type PeriodPreset,
     | ^^^^^^^^^^^^^^^^^^^^
> 12 | } from '@/components/dashboard/period-selector'
     | ^^^^^^^^^^^^^^^^^^^^^^^^^^^^^^^^^^^^^^^^^^^^^^^
  13 | import { SpendingTrend } from '@/components/dashboard/spending-trend'
  14 | import { CategoryBreakdown } from '@/components/dashboard/category-breakdown'
  15 | import { TopMerchants } from '@/components/dashboard/top-merchants'

The export presetRange was not found in module [project]/src/components/dashboard/period-selector.tsx [app-ssr] (ecmascript).
Did you mean to import PeriodSelector?
All exports of the module are statically known (It doesn't have dynamic exports). So it's known statically that the requested export doesn't exist.

Import traces:
  Client Component Browser:
    ./src/app/dashboard/page.tsx [Client Component Browser]
    ./src/app/dashboard/page.tsx [Server Component]

  Client Component SSR:
    ./src/app/dashboard/page.tsx [Client Component SSR]
    ./src/app/dashboard/page.tsx [Server Component] @ http://localhost:3000/_next/static/chunks/node_modules_next_dist_20ud_8w._.js:2099
[  611488ms] [ERROR] Failed to load resource: the server responded with a status of 500 (Internal Server Error) @ http://localhost:3000/expenses:0
[  611518ms] [INFO] %cDownload the React DevTools for a better development experience: https://react.dev/link/react-devtools font-weight:bold @ http://localhost:3000/_next/static/chunks/node_modules_react-dom_0kla17-._.js:15305
[  611528ms] Error: ./src/app/dashboard/page.tsx:8:1
Export presetRange doesn't exist in target module
   6 | import { Select } from '@/components/ui/select'
   7 | import { StatCard } from '@/components/dashboard/stat-card'
>  8 | import {
     | ^^^^^^^
>  9 |   PeriodSelector,
     | ^^^^^^^^^^^^^^^^^
> 10 |   presetRange,
     | ^^^^^^^^^^^^^^
> 11 |   type PeriodPreset,
     | ^^^^^^^^^^^^^^^^^^^^
> 12 | } from '@/components/dashboard/period-selector'
     | ^^^^^^^^^^^^^^^^^^^^^^^^^^^^^^^^^^^^^^^^^^^^^^^
  13 | import { SpendingTrend } from '@/components/dashboard/spending-trend'
  14 | import { CategoryBreakdown } from '@/components/dashboard/category-breakdown'
  15 | import { TopMerchants } from '@/components/dashboard/top-merchants'

The export presetRange was not found in module [project]/src/components/dashboard/period-selector.tsx [app-client] (ecmascript).
Did you mean to import PeriodSelector?
All exports of the module are statically known (It doesn't have dynamic exports). So it's known statically that the requested export doesn't exist.

Import traces:
  Client Component Browser:
    ./src/app/dashboard/page.tsx [Client Component Browser]
    ./src/app/dashboard/page.tsx [Server Component]

  Client Component SSR:
    ./src/app/dashboard/page.tsx [Client Component SSR]
    ./src/app/dashboard/page.tsx [Server Component]


    at <unknown> (Error: ./src/app/dashboard/page.tsx:8:1)
    at Object.getCompilationErrors (file://C:\Users\Najmi Briliant\vscode\finance-tracker\littlefinger\node_modules\next\dist\server\dev\hot-reloader-turbopack.js:1186:59)
    at DevBundlerService.getCompilationError (file://C:\Users\Najmi Briliant\vscode\finance-tracker\littlefinger\node_modules\next\dist\server\lib\dev-bundler-service.js:44:55)
    at DevServer.getCompilationError (file://C:\Users\Najmi Briliant\vscode\finance-tracker\littlefinger\node_modules\next\dist\server\dev\next-dev-server.js:720:42)
    at DevServer.findPageComponents (file://C:\Users\Najmi Briliant\vscode\finance-tracker\littlefinger\node_modules\next\dist\server\dev\next-dev-server.js:690:43)
    at async DevServer.renderErrorToResponseImpl (file://C:\Users\Najmi Briliant\vscode\finance-tracker\littlefinger\node_modules\next\dist\server\base-server.js:1753:26)
[  611530ms] [LOG] [HMR] connected @ http://localhost:3000/_next/static/chunks/node_modules_next_dist_20ud_8w._.js:1380
[  611534ms] [ERROR] ./src/app/dashboard/page.tsx:8:1
Export presetRange doesn't exist in target module
   6 | import { Select } from '@/components/ui/select'
   7 | import { StatCard } from '@/components/dashboard/stat-card'
>  8 | import {
     | ^^^^^^^
>  9 |   PeriodSelector,
     | ^^^^^^^^^^^^^^^^^
> 10 |   presetRange,
     | ^^^^^^^^^^^^^^
> 11 |   type PeriodPreset,
     | ^^^^^^^^^^^^^^^^^^^^
> 12 | } from '@/components/dashboard/period-selector'
     | ^^^^^^^^^^^^^^^^^^^^^^^^^^^^^^^^^^^^^^^^^^^^^^^
  13 | import { SpendingTrend } from '@/components/dashboard/spending-trend'
  14 | import { CategoryBreakdown } from '@/components/dashboard/category-breakdown'
  15 | import { TopMerchants } from '@/components/dashboard/top-merchants'

The export presetRange was not found in module [project]/src/components/dashboard/period-selector.tsx [app-client] (ecmascript).
Did you mean to import PeriodSelector?
All exports of the module are statically known (It doesn't have dynamic exports). So it's known statically that the requested export doesn't exist.

Import traces:
  Client Component Browser:
    ./src/app/dashboard/page.tsx [Client Component Browser]
    ./src/app/dashboard/page.tsx [Server Component]

  Client Component SSR:
    ./src/app/dashboard/page.tsx [Client Component SSR]
    ./src/app/dashboard/page.tsx [Server Component] @ http://localhost:3000/_next/static/chunks/node_modules_next_dist_20ud_8w._.js:2099
[  611534ms] [ERROR] ./src/app/dashboard/page.tsx:8:1
Export presetRange doesn't exist in target module
   6 | import { Select } from '@/components/ui/select'
   7 | import { StatCard } from '@/components/dashboard/stat-card'
>  8 | import {
     | ^^^^^^^
>  9 |   PeriodSelector,
     | ^^^^^^^^^^^^^^^^^
> 10 |   presetRange,
     | ^^^^^^^^^^^^^^
> 11 |   type PeriodPreset,
     | ^^^^^^^^^^^^^^^^^^^^
> 12 | } from '@/components/dashboard/period-selector'
     | ^^^^^^^^^^^^^^^^^^^^^^^^^^^^^^^^^^^^^^^^^^^^^^^
  13 | import { SpendingTrend } from '@/components/dashboard/spending-trend'
  14 | import { CategoryBreakdown } from '@/components/dashboard/category-breakdown'
  15 | import { TopMerchants } from '@/components/dashboard/top-merchants'

The export presetRange was not found in module [project]/src/components/dashboard/period-selector.tsx [app-ssr] (ecmascript).
Did you mean to import PeriodSelector?
All exports of the module are statically known (It doesn't have dynamic exports). So it's known statically that the requested export doesn't exist.

Import traces:
  Client Component Browser:
    ./src/app/dashboard/page.tsx [Client Component Browser]
    ./src/app/dashboard/page.tsx [Server Component]

  Client Component SSR:
    ./src/app/dashboard/page.tsx [Client Component SSR]
    ./src/app/dashboard/page.tsx [Server Component] @ http://localhost:3000/_next/static/chunks/node_modules_next_dist_20ud_8w._.js:2099
[  611594ms] [ERROR] ./src/app/dashboard/page.tsx:8:1
Export presetRange doesn't exist in target module
   6 | import { Select } from '@/components/ui/select'
   7 | import { StatCard } from '@/components/dashboard/stat-card'
>  8 | import {
     | ^^^^^^^
>  9 |   PeriodSelector,
     | ^^^^^^^^^^^^^^^^^
> 10 |   presetRange,
     | ^^^^^^^^^^^^^^
> 11 |   type PeriodPreset,
     | ^^^^^^^^^^^^^^^^^^^^
> 12 | } from '@/components/dashboard/period-selector'
     | ^^^^^^^^^^^^^^^^^^^^^^^^^^^^^^^^^^^^^^^^^^^^^^^
  13 | import { SpendingTrend } from '@/components/dashboard/spending-trend'
  14 | import { CategoryBreakdown } from '@/components/dashboard/category-breakdown'
  15 | import { TopMerchants } from '@/components/dashboard/top-merchants'

The export presetRange was not found in module [project]/src/components/dashboard/period-selector.tsx [app-client] (ecmascript).
Did you mean to import PeriodSelector?
All exports of the module are statically known (It doesn't have dynamic exports). So it's known statically that the requested export doesn't exist.

Import traces:
  Client Component Browser:
    ./src/app/dashboard/page.tsx [Client Component Browser]
    ./src/app/dashboard/page.tsx [Server Component]

  Client Component SSR:
    ./src/app/dashboard/page.tsx [Client Component SSR]
    ./src/app/dashboard/page.tsx [Server Component] @ http://localhost:3000/_next/static/chunks/node_modules_next_dist_20ud_8w._.js:2099
[  611594ms] [ERROR] ./src/app/dashboard/page.tsx:8:1
Export presetRange doesn't exist in target module
   6 | import { Select } from '@/components/ui/select'
   7 | import { StatCard } from '@/components/dashboard/stat-card'
>  8 | import {
     | ^^^^^^^
>  9 |   PeriodSelector,
     | ^^^^^^^^^^^^^^^^^
> 10 |   presetRange,
     | ^^^^^^^^^^^^^^
> 11 |   type PeriodPreset,
     | ^^^^^^^^^^^^^^^^^^^^
> 12 | } from '@/components/dashboard/period-selector'
     | ^^^^^^^^^^^^^^^^^^^^^^^^^^^^^^^^^^^^^^^^^^^^^^^
  13 | import { SpendingTrend } from '@/components/dashboard/spending-trend'
  14 | import { CategoryBreakdown } from '@/components/dashboard/category-breakdown'
  15 | import { TopMerchants } from '@/components/dashboard/top-merchants'

The export presetRange was not found in module [project]/src/components/dashboard/period-selector.tsx [app-ssr] (ecmascript).
Did you mean to import PeriodSelector?
All exports of the module are statically known (It doesn't have dynamic exports). So it's known statically that the requested export doesn't exist.

Import traces:
  Client Component Browser:
    ./src/app/dashboard/page.tsx [Client Component Browser]
    ./src/app/dashboard/page.tsx [Server Component]

  Client Component SSR:
    ./src/app/dashboard/page.tsx [Client Component SSR]
    ./src/app/dashboard/page.tsx [Server Component] @ http://localhost:3000/_next/static/chunks/node_modules_next_dist_20ud_8w._.js:2099
[  611655ms] [ERROR] ./src/app/dashboard/page.tsx:8:1
Export presetRange doesn't exist in target module
   6 | import { Select } from '@/components/ui/select'
   7 | import { StatCard } from '@/components/dashboard/stat-card'
>  8 | import {
     | ^^^^^^^
>  9 |   PeriodSelector,
     | ^^^^^^^^^^^^^^^^^
> 10 |   presetRange,
     | ^^^^^^^^^^^^^^
> 11 |   type PeriodPreset,
     | ^^^^^^^^^^^^^^^^^^^^
> 12 | } from '@/components/dashboard/period-selector'
     | ^^^^^^^^^^^^^^^^^^^^^^^^^^^^^^^^^^^^^^^^^^^^^^^
  13 | import { SpendingTrend } from '@/components/dashboard/spending-trend'
  14 | import { CategoryBreakdown } from '@/components/dashboard/category-breakdown'
  15 | import { TopMerchants } from '@/components/dashboard/top-merchants'

The export presetRange was not found in module [project]/src/components/dashboard/period-selector.tsx [app-client] (ecmascript).
Did you mean to import PeriodSelector?
All exports of the module are statically known (It doesn't have dynamic exports). So it's known statically that the requested export doesn't exist.

Import traces:
  Client Component Browser:
    ./src/app/dashboard/page.tsx [Client Component Browser]
    ./src/app/dashboard/page.tsx [Server Component]

  Client Component SSR:
    ./src/app/dashboard/page.tsx [Client Component SSR]
    ./src/app/dashboard/page.tsx [Server Component] @ http://localhost:3000/_next/static/chunks/node_modules_next_dist_20ud_8w._.js:2099
[  611655ms] [ERROR] ./src/app/dashboard/page.tsx:8:1
Export presetRange doesn't exist in target module
   6 | import { Select } from '@/components/ui/select'
   7 | import { StatCard } from '@/components/dashboard/stat-card'
>  8 | import {
     | ^^^^^^^
>  9 |   PeriodSelector,
     | ^^^^^^^^^^^^^^^^^
> 10 |   presetRange,
     | ^^^^^^^^^^^^^^
> 11 |   type PeriodPreset,
     | ^^^^^^^^^^^^^^^^^^^^
> 12 | } from '@/components/dashboard/period-selector'
     | ^^^^^^^^^^^^^^^^^^^^^^^^^^^^^^^^^^^^^^^^^^^^^^^
  13 | import { SpendingTrend } from '@/components/dashboard/spending-trend'
  14 | import { CategoryBreakdown } from '@/components/dashboard/category-breakdown'
  15 | import { TopMerchants } from '@/components/dashboard/top-merchants'

The export presetRange was not found in module [project]/src/components/dashboard/period-selector.tsx [app-ssr] (ecmascript).
Did you mean to import PeriodSelector?
All exports of the module are statically known (It doesn't have dynamic exports). So it's known statically that the requested export doesn't exist.

Import traces:
  Client Component Browser:
    ./src/app/dashboard/page.tsx [Client Component Browser]
    ./src/app/dashboard/page.tsx [Server Component]

  Client Component SSR:
    ./src/app/dashboard/page.tsx [Client Component SSR]
    ./src/app/dashboard/page.tsx [Server Component] @ http://localhost:3000/_next/static/chunks/node_modules_next_dist_20ud_8w._.js:2099
[  611721ms] [ERROR] ./src/app/dashboard/page.tsx:8:1
Export presetRange doesn't exist in target module
   6 | import { Select } from '@/components/ui/select'
   7 | import { StatCard } from '@/components/dashboard/stat-card'
>  8 | import {
     | ^^^^^^^
>  9 |   PeriodSelector,
     | ^^^^^^^^^^^^^^^^^
> 10 |   presetRange,
     | ^^^^^^^^^^^^^^
> 11 |   type PeriodPreset,
     | ^^^^^^^^^^^^^^^^^^^^
> 12 | } from '@/components/dashboard/period-selector'
     | ^^^^^^^^^^^^^^^^^^^^^^^^^^^^^^^^^^^^^^^^^^^^^^^
  13 | import { SpendingTrend } from '@/components/dashboard/spending-trend'
  14 | import { CategoryBreakdown } from '@/components/dashboard/category-breakdown'
  15 | import { TopMerchants } from '@/components/dashboard/top-merchants'

The export presetRange was not found in module [project]/src/components/dashboard/period-selector.tsx [app-client] (ecmascript).
Did you mean to import PeriodSelector?
All exports of the module are statically known (It doesn't have dynamic exports). So it's known statically that the requested export doesn't exist.

Import traces:
  Client Component Browser:
    ./src/app/dashboard/page.tsx [Client Component Browser]
    ./src/app/dashboard/page.tsx [Server Component]

  Client Component SSR:
    ./src/app/dashboard/page.tsx [Client Component SSR]
    ./src/app/dashboard/page.tsx [Server Component] @ http://localhost:3000/_next/static/chunks/node_modules_next_dist_20ud_8w._.js:2099
[  611721ms] [ERROR] ./src/app/dashboard/page.tsx:8:1
Export presetRange doesn't exist in target module
   6 | import { Select } from '@/components/ui/select'
   7 | import { StatCard } from '@/components/dashboard/stat-card'
>  8 | import {
     | ^^^^^^^
>  9 |   PeriodSelector,
     | ^^^^^^^^^^^^^^^^^
> 10 |   presetRange,
     | ^^^^^^^^^^^^^^
> 11 |   type PeriodPreset,
     | ^^^^^^^^^^^^^^^^^^^^
> 12 | } from '@/components/dashboard/period-selector'
     | ^^^^^^^^^^^^^^^^^^^^^^^^^^^^^^^^^^^^^^^^^^^^^^^
  13 | import { SpendingTrend } from '@/components/dashboard/spending-trend'
  14 | import { CategoryBreakdown } from '@/components/dashboard/category-breakdown'
  15 | import { TopMerchants } from '@/components/dashboard/top-merchants'

The export presetRange was not found in module [project]/src/components/dashboard/period-selector.tsx [app-ssr] (ecmascript).
Did you mean to import PeriodSelector?
All exports of the module are statically known (It doesn't have dynamic exports). So it's known statically that the requested export doesn't exist.

Import traces:
  Client Component Browser:
    ./src/app/dashboard/page.tsx [Client Component Browser]
    ./src/app/dashboard/page.tsx [Server Component]

  Client Component SSR:
    ./src/app/dashboard/page.tsx [Client Component SSR]
    ./src/app/dashboard/page.tsx [Server Component] @ http://localhost:3000/_next/static/chunks/node_modules_next_dist_20ud_8w._.js:2099
[  611782ms] [ERROR] ./src/app/dashboard/page.tsx:8:1
Export presetRange doesn't exist in target module
   6 | import { Select } from '@/components/ui/select'
   7 | import { StatCard } from '@/components/dashboard/stat-card'
>  8 | import {
     | ^^^^^^^
>  9 |   PeriodSelector,
     | ^^^^^^^^^^^^^^^^^
> 10 |   presetRange,
     | ^^^^^^^^^^^^^^
> 11 |   type PeriodPreset,
     | ^^^^^^^^^^^^^^^^^^^^
> 12 | } from '@/components/dashboard/period-selector'
     | ^^^^^^^^^^^^^^^^^^^^^^^^^^^^^^^^^^^^^^^^^^^^^^^
  13 | import { SpendingTrend } from '@/components/dashboard/spending-trend'
  14 | import { CategoryBreakdown } from '@/components/dashboard/category-breakdown'
  15 | import { TopMerchants } from '@/components/dashboard/top-merchants'

The export presetRange was not found in module [project]/src/components/dashboard/period-selector.tsx [app-client] (ecmascript).
Did you mean to import PeriodSelector?
All exports of the module are statically known (It doesn't have dynamic exports). So it's known statically that the requested export doesn't exist.

Import traces:
  Client Component Browser:
    ./src/app/dashboard/page.tsx [Client Component Browser]
    ./src/app/dashboard/page.tsx [Server Component]

  Client Component SSR:
    ./src/app/dashboard/page.tsx [Client Component SSR]
    ./src/app/dashboard/page.tsx [Server Component] @ http://localhost:3000/_next/static/chunks/node_modules_next_dist_20ud_8w._.js:2099
[  611782ms] [ERROR] ./src/app/dashboard/page.tsx:8:1
Export presetRange doesn't exist in target module
   6 | import { Select } from '@/components/ui/select'
   7 | import { StatCard } from '@/components/dashboard/stat-card'
>  8 | import {
     | ^^^^^^^
>  9 |   PeriodSelector,
     | ^^^^^^^^^^^^^^^^^
> 10 |   presetRange,
     | ^^^^^^^^^^^^^^
> 11 |   type PeriodPreset,
     | ^^^^^^^^^^^^^^^^^^^^
> 12 | } from '@/components/dashboard/period-selector'
     | ^^^^^^^^^^^^^^^^^^^^^^^^^^^^^^^^^^^^^^^^^^^^^^^
  13 | import { SpendingTrend } from '@/components/dashboard/spending-trend'
  14 | import { CategoryBreakdown } from '@/components/dashboard/category-breakdown'
  15 | import { TopMerchants } from '@/components/dashboard/top-merchants'

The export presetRange was not found in module [project]/src/components/dashboard/period-selector.tsx [app-ssr] (ecmascript).
Did you mean to import PeriodSelector?
All exports of the module are statically known (It doesn't have dynamic exports). So it's known statically that the requested export doesn't exist.

Import traces:
  Client Component Browser:
    ./src/app/dashboard/page.tsx [Client Component Browser]
    ./src/app/dashboard/page.tsx [Server Component]

  Client Component SSR:
    ./src/app/dashboard/page.tsx [Client Component SSR]
    ./src/app/dashboard/page.tsx [Server Component] @ http://localhost:3000/_next/static/chunks/node_modules_next_dist_20ud_8w._.js:2099
[  611846ms] [ERROR] ./src/app/dashboard/page.tsx:8:1
Export presetRange doesn't exist in target module
   6 | import { Select } from '@/components/ui/select'
   7 | import { StatCard } from '@/components/dashboard/stat-card'
>  8 | import {
     | ^^^^^^^
>  9 |   PeriodSelector,
     | ^^^^^^^^^^^^^^^^^
> 10 |   presetRange,
     | ^^^^^^^^^^^^^^
> 11 |   type PeriodPreset,
     | ^^^^^^^^^^^^^^^^^^^^
> 12 | } from '@/components/dashboard/period-selector'
     | ^^^^^^^^^^^^^^^^^^^^^^^^^^^^^^^^^^^^^^^^^^^^^^^
  13 | import { SpendingTrend } from '@/components/dashboard/spending-trend'
  14 | import { CategoryBreakdown } from '@/components/dashboard/category-breakdown'
  15 | import { TopMerchants } from '@/components/dashboard/top-merchants'

The export presetRange was not found in module [project]/src/components/dashboard/period-selector.tsx [app-client] (ecmascript).
Did you mean to import PeriodSelector?
All exports of the module are statically known (It doesn't have dynamic exports). So it's known statically that the requested export doesn't exist.

Import traces:
  Client Component Browser:
    ./src/app/dashboard/page.tsx [Client Component Browser]
    ./src/app/dashboard/page.tsx [Server Component]

  Client Component SSR:
    ./src/app/dashboard/page.tsx [Client Component SSR]
    ./src/app/dashboard/page.tsx [Server Component] @ http://localhost:3000/_next/static/chunks/node_modules_next_dist_20ud_8w._.js:2099
[  611846ms] [ERROR] ./src/app/dashboard/page.tsx:8:1
Export presetRange doesn't exist in target module
   6 | import { Select } from '@/components/ui/select'
   7 | import { StatCard } from '@/components/dashboard/stat-card'
>  8 | import {
     | ^^^^^^^
>  9 |   PeriodSelector,
     | ^^^^^^^^^^^^^^^^^
> 10 |   presetRange,
     | ^^^^^^^^^^^^^^
> 11 |   type PeriodPreset,
     | ^^^^^^^^^^^^^^^^^^^^
> 12 | } from '@/components/dashboard/period-selector'
     | ^^^^^^^^^^^^^^^^^^^^^^^^^^^^^^^^^^^^^^^^^^^^^^^
  13 | import { SpendingTrend } from '@/components/dashboard/spending-trend'
  14 | import { CategoryBreakdown } from '@/components/dashboard/category-breakdown'
  15 | import { TopMerchants } from '@/components/dashboard/top-merchants'

The export presetRange was not found in module [project]/src/components/dashboard/period-selector.tsx [app-ssr] (ecmascript).
Did you mean to import PeriodSelector?
All exports of the module are statically known (It doesn't have dynamic exports). So it's known statically that the requested export doesn't exist.

Import traces:
  Client Component Browser:
    ./src/app/dashboard/page.tsx [Client Component Browser]
    ./src/app/dashboard/page.tsx [Server Component]

  Client Component SSR:
    ./src/app/dashboard/page.tsx [Client Component SSR]
    ./src/app/dashboard/page.tsx [Server Component] @ http://localhost:3000/_next/static/chunks/node_modules_next_dist_20ud_8w._.js:2099
[  611908ms] [ERROR] ./src/app/dashboard/page.tsx:8:1
Export presetRange doesn't exist in target module
   6 | import { Select } from '@/components/ui/select'
   7 | import { StatCard } from '@/components/dashboard/stat-card'
>  8 | import {
     | ^^^^^^^
>  9 |   PeriodSelector,
     | ^^^^^^^^^^^^^^^^^
> 10 |   presetRange,
     | ^^^^^^^^^^^^^^
> 11 |   type PeriodPreset,
     | ^^^^^^^^^^^^^^^^^^^^
> 12 | } from '@/components/dashboard/period-selector'
     | ^^^^^^^^^^^^^^^^^^^^^^^^^^^^^^^^^^^^^^^^^^^^^^^
  13 | import { SpendingTrend } from '@/components/dashboard/spending-trend'
  14 | import { CategoryBreakdown } from '@/components/dashboard/category-breakdown'
  15 | import { TopMerchants } from '@/components/dashboard/top-merchants'

The export presetRange was not found in module [project]/src/components/dashboard/period-selector.tsx [app-client] (ecmascript).
Did you mean to import PeriodSelector?
All exports of the module are statically known (It doesn't have dynamic exports). So it's known statically that the requested export doesn't exist.

Import traces:
  Client Component Browser:
    ./src/app/dashboard/page.tsx [Client Component Browser]
    ./src/app/dashboard/page.tsx [Server Component]

  Client Component SSR:
    ./src/app/dashboard/page.tsx [Client Component SSR]
    ./src/app/dashboard/page.tsx [Server Component] @ http://localhost:3000/_next/static/chunks/node_modules_next_dist_20ud_8w._.js:2099
[  611908ms] [ERROR] ./src/app/dashboard/page.tsx:8:1
Export presetRange doesn't exist in target module
   6 | import { Select } from '@/components/ui/select'
   7 | import { StatCard } from '@/components/dashboard/stat-card'
>  8 | import {
     | ^^^^^^^
>  9 |   PeriodSelector,
     | ^^^^^^^^^^^^^^^^^
> 10 |   presetRange,
     | ^^^^^^^^^^^^^^
> 11 |   type PeriodPreset,
     | ^^^^^^^^^^^^^^^^^^^^
> 12 | } from '@/components/dashboard/period-selector'
     | ^^^^^^^^^^^^^^^^^^^^^^^^^^^^^^^^^^^^^^^^^^^^^^^
  13 | import { SpendingTrend } from '@/components/dashboard/spending-trend'
  14 | import { CategoryBreakdown } from '@/components/dashboard/category-breakdown'
  15 | import { TopMerchants } from '@/components/dashboard/top-merchants'

The export presetRange was not found in module [project]/src/components/dashboard/period-selector.tsx [app-ssr] (ecmascript).
Did you mean to import PeriodSelector?
All exports of the module are statically known (It doesn't have dynamic exports). So it's known statically that the requested export doesn't exist.

Import traces:
  Client Component Browser:
    ./src/app/dashboard/page.tsx [Client Component Browser]
    ./src/app/dashboard/page.tsx [Server Component]

  Client Component SSR:
    ./src/app/dashboard/page.tsx [Client Component SSR]
    ./src/app/dashboard/page.tsx [Server Component] @ http://localhost:3000/_next/static/chunks/node_modules_next_dist_20ud_8w._.js:2099
[  611971ms] [ERROR] ./src/app/dashboard/page.tsx:8:1
Export presetRange doesn't exist in target module
   6 | import { Select } from '@/components/ui/select'
   7 | import { StatCard } from '@/components/dashboard/stat-card'
>  8 | import {
     | ^^^^^^^
>  9 |   PeriodSelector,
     | ^^^^^^^^^^^^^^^^^
> 10 |   presetRange,
     | ^^^^^^^^^^^^^^
> 11 |   type PeriodPreset,
     | ^^^^^^^^^^^^^^^^^^^^
> 12 | } from '@/components/dashboard/period-selector'
     | ^^^^^^^^^^^^^^^^^^^^^^^^^^^^^^^^^^^^^^^^^^^^^^^
  13 | import { SpendingTrend } from '@/components/dashboard/spending-trend'
  14 | import { CategoryBreakdown } from '@/components/dashboard/category-breakdown'
  15 | import { TopMerchants } from '@/components/dashboard/top-merchants'

The export presetRange was not found in module [project]/src/components/dashboard/period-selector.tsx [app-client] (ecmascript).
Did you mean to import PeriodSelector?
All exports of the module are statically known (It doesn't have dynamic exports). So it's known statically that the requested export doesn't exist.

Import traces:
  Client Component Browser:
    ./src/app/dashboard/page.tsx [Client Component Browser]
    ./src/app/dashboard/page.tsx [Server Component]

  Client Component SSR:
    ./src/app/dashboard/page.tsx [Client Component SSR]
    ./src/app/dashboard/page.tsx [Server Component] @ http://localhost:3000/_next/static/chunks/node_modules_next_dist_20ud_8w._.js:2099
[  611971ms] [ERROR] ./src/app/dashboard/page.tsx:8:1
Export presetRange doesn't exist in target module
   6 | import { Select } from '@/components/ui/select'
   7 | import { StatCard } from '@/components/dashboard/stat-card'
>  8 | import {
     | ^^^^^^^
>  9 |   PeriodSelector,
     | ^^^^^^^^^^^^^^^^^
> 10 |   presetRange,
     | ^^^^^^^^^^^^^^
> 11 |   type PeriodPreset,
     | ^^^^^^^^^^^^^^^^^^^^
> 12 | } from '@/components/dashboard/period-selector'
     | ^^^^^^^^^^^^^^^^^^^^^^^^^^^^^^^^^^^^^^^^^^^^^^^
  13 | import { SpendingTrend } from '@/components/dashboard/spending-trend'
  14 | import { CategoryBreakdown } from '@/components/dashboard/category-breakdown'
  15 | import { TopMerchants } from '@/components/dashboard/top-merchants'

The export presetRange was not found in module [project]/src/components/dashboard/period-selector.tsx [app-ssr] (ecmascript).
Did you mean to import PeriodSelector?
All exports of the module are statically known (It doesn't have dynamic exports). So it's known statically that the requested export doesn't exist.

Import traces:
  Client Component Browser:
    ./src/app/dashboard/page.tsx [Client Component Browser]
    ./src/app/dashboard/page.tsx [Server Component]

  Client Component SSR:
    ./src/app/dashboard/page.tsx [Client Component SSR]
    ./src/app/dashboard/page.tsx [Server Component] @ http://localhost:3000/_next/static/chunks/node_modules_next_dist_20ud_8w._.js:2099
[  612031ms] [ERROR] ./src/app/dashboard/page.tsx:8:1
Export presetRange doesn't exist in target module
   6 | import { Select } from '@/components/ui/select'
   7 | import { StatCard } from '@/components/dashboard/stat-card'
>  8 | import {
     | ^^^^^^^
>  9 |   PeriodSelector,
     | ^^^^^^^^^^^^^^^^^
> 10 |   presetRange,
     | ^^^^^^^^^^^^^^
> 11 |   type PeriodPreset,
     | ^^^^^^^^^^^^^^^^^^^^
> 12 | } from '@/components/dashboard/period-selector'
     | ^^^^^^^^^^^^^^^^^^^^^^^^^^^^^^^^^^^^^^^^^^^^^^^
  13 | import { SpendingTrend } from '@/components/dashboard/spending-trend'
  14 | import { CategoryBreakdown } from '@/components/dashboard/category-breakdown'
  15 | import { TopMerchants } from '@/components/dashboard/top-merchants'

The export presetRange was not found in module [project]/src/components/dashboard/period-selector.tsx [app-client] (ecmascript).
Did you mean to import PeriodSelector?
All exports of the module are statically known (It doesn't have dynamic exports). So it's known statically that the requested export doesn't exist.

Import traces:
  Client Component Browser:
    ./src/app/dashboard/page.tsx [Client Component Browser]
    ./src/app/dashboard/page.tsx [Server Component]

  Client Component SSR:
    ./src/app/dashboard/page.tsx [Client Component SSR]
    ./src/app/dashboard/page.tsx [Server Component] @ http://localhost:3000/_next/static/chunks/node_modules_next_dist_20ud_8w._.js:2099
[  612032ms] [ERROR] ./src/app/dashboard/page.tsx:8:1
Export presetRange doesn't exist in target module
   6 | import { Select } from '@/components/ui/select'
   7 | import { StatCard } from '@/components/dashboard/stat-card'
>  8 | import {
     | ^^^^^^^
>  9 |   PeriodSelector,
     | ^^^^^^^^^^^^^^^^^
> 10 |   presetRange,
     | ^^^^^^^^^^^^^^
> 11 |   type PeriodPreset,
     | ^^^^^^^^^^^^^^^^^^^^
> 12 | } from '@/components/dashboard/period-selector'
     | ^^^^^^^^^^^^^^^^^^^^^^^^^^^^^^^^^^^^^^^^^^^^^^^
  13 | import { SpendingTrend } from '@/components/dashboard/spending-trend'
  14 | import { CategoryBreakdown } from '@/components/dashboard/category-breakdown'
  15 | import { TopMerchants } from '@/components/dashboard/top-merchants'

The export presetRange was not found in module [project]/src/components/dashboard/period-selector.tsx [app-ssr] (ecmascript).
Did you mean to import PeriodSelector?
All exports of the module are statically known (It doesn't have dynamic exports). So it's known statically that the requested export doesn't exist.

Import traces:
  Client Component Browser:
    ./src/app/dashboard/page.tsx [Client Component Browser]
    ./src/app/dashboard/page.tsx [Server Component]

  Client Component SSR:
    ./src/app/dashboard/page.tsx [Client Component SSR]
    ./src/app/dashboard/page.tsx [Server Component] @ http://localhost:3000/_next/static/chunks/node_modules_next_dist_20ud_8w._.js:2099
[  612099ms] [ERROR] ./src/app/dashboard/page.tsx:8:1
Export presetRange doesn't exist in target module
   6 | import { Select } from '@/components/ui/select'
   7 | import { StatCard } from '@/components/dashboard/stat-card'
>  8 | import {
     | ^^^^^^^
>  9 |   PeriodSelector,
     | ^^^^^^^^^^^^^^^^^
> 10 |   presetRange,
     | ^^^^^^^^^^^^^^
> 11 |   type PeriodPreset,
     | ^^^^^^^^^^^^^^^^^^^^
> 12 | } from '@/components/dashboard/period-selector'
     | ^^^^^^^^^^^^^^^^^^^^^^^^^^^^^^^^^^^^^^^^^^^^^^^
  13 | import { SpendingTrend } from '@/components/dashboard/spending-trend'
  14 | import { CategoryBreakdown } from '@/components/dashboard/category-breakdown'
  15 | import { TopMerchants } from '@/components/dashboard/top-merchants'

The export presetRange was not found in module [project]/src/components/dashboard/period-selector.tsx [app-client] (ecmascript).
Did you mean to import PeriodSelector?
All exports of the module are statically known (It doesn't have dynamic exports). So it's known statically that the requested export doesn't exist.

Import traces:
  Client Component Browser:
    ./src/app/dashboard/page.tsx [Client Component Browser]
    ./src/app/dashboard/page.tsx [Server Component]

  Client Component SSR:
    ./src/app/dashboard/page.tsx [Client Component SSR]
    ./src/app/dashboard/page.tsx [Server Component] @ http://localhost:3000/_next/static/chunks/node_modules_next_dist_20ud_8w._.js:2099
[  612099ms] [ERROR] ./src/app/dashboard/page.tsx:8:1
Export presetRange doesn't exist in target module
   6 | import { Select } from '@/components/ui/select'
   7 | import { StatCard } from '@/components/dashboard/stat-card'
>  8 | import {
     | ^^^^^^^
>  9 |   PeriodSelector,
     | ^^^^^^^^^^^^^^^^^
> 10 |   presetRange,
     | ^^^^^^^^^^^^^^
> 11 |   type PeriodPreset,
     | ^^^^^^^^^^^^^^^^^^^^
> 12 | } from '@/components/dashboard/period-selector'
     | ^^^^^^^^^^^^^^^^^^^^^^^^^^^^^^^^^^^^^^^^^^^^^^^
  13 | import { SpendingTrend } from '@/components/dashboard/spending-trend'
  14 | import { CategoryBreakdown } from '@/components/dashboard/category-breakdown'
  15 | import { TopMerchants } from '@/components/dashboard/top-merchants'

The export presetRange was not found in module [project]/src/components/dashboard/period-selector.tsx [app-ssr] (ecmascript).
Did you mean to import PeriodSelector?
All exports of the module are statically known (It doesn't have dynamic exports). So it's known statically that the requested export doesn't exist.

Import traces:
  Client Component Browser:
    ./src/app/dashboard/page.tsx [Client Component Browser]
    ./src/app/dashboard/page.tsx [Server Component]

  Client Component SSR:
    ./src/app/dashboard/page.tsx [Client Component SSR]
    ./src/app/dashboard/page.tsx [Server Component] @ http://localhost:3000/_next/static/chunks/node_modules_next_dist_20ud_8w._.js:2099
[  612158ms] [ERROR] ./src/app/dashboard/page.tsx:8:1
Export presetRange doesn't exist in target module
   6 | import { Select } from '@/components/ui/select'
   7 | import { StatCard } from '@/components/dashboard/stat-card'
>  8 | import {
     | ^^^^^^^
>  9 |   PeriodSelector,
     | ^^^^^^^^^^^^^^^^^
> 10 |   presetRange,
     | ^^^^^^^^^^^^^^
> 11 |   type PeriodPreset,
     | ^^^^^^^^^^^^^^^^^^^^
> 12 | } from '@/components/dashboard/period-selector'
     | ^^^^^^^^^^^^^^^^^^^^^^^^^^^^^^^^^^^^^^^^^^^^^^^
  13 | import { SpendingTrend } from '@/components/dashboard/spending-trend'
  14 | import { CategoryBreakdown } from '@/components/dashboard/category-breakdown'
  15 | import { TopMerchants } from '@/components/dashboard/top-merchants'

The export presetRange was not found in module [project]/src/components/dashboard/period-selector.tsx [app-client] (ecmascript).
Did you mean to import PeriodSelector?
All exports of the module are statically known (It doesn't have dynamic exports). So it's known statically that the requested export doesn't exist.

Import traces:
  Client Component Browser:
    ./src/app/dashboard/page.tsx [Client Component Browser]
    ./src/app/dashboard/page.tsx [Server Component]

  Client Component SSR:
    ./src/app/dashboard/page.tsx [Client Component SSR]
    ./src/app/dashboard/page.tsx [Server Component] @ http://localhost:3000/_next/static/chunks/node_modules_next_dist_20ud_8w._.js:2099
[  612158ms] [ERROR] ./src/app/dashboard/page.tsx:8:1
Export presetRange doesn't exist in target module
   6 | import { Select } from '@/components/ui/select'
   7 | import { StatCard } from '@/components/dashboard/stat-card'
>  8 | import {
     | ^^^^^^^
>  9 |   PeriodSelector,
     | ^^^^^^^^^^^^^^^^^
> 10 |   presetRange,
     | ^^^^^^^^^^^^^^
> 11 |   type PeriodPreset,
     | ^^^^^^^^^^^^^^^^^^^^
> 12 | } from '@/components/dashboard/period-selector'
     | ^^^^^^^^^^^^^^^^^^^^^^^^^^^^^^^^^^^^^^^^^^^^^^^
  13 | import { SpendingTrend } from '@/components/dashboard/spending-trend'
  14 | import { CategoryBreakdown } from '@/components/dashboard/category-breakdown'
  15 | import { TopMerchants } from '@/components/dashboard/top-merchants'

The export presetRange was not found in module [project]/src/components/dashboard/period-selector.tsx [app-ssr] (ecmascript).
Did you mean to import PeriodSelector?
All exports of the module are statically known (It doesn't have dynamic exports). So it's known statically that the requested export doesn't exist.

Import traces:
  Client Component Browser:
    ./src/app/dashboard/page.tsx [Client Component Browser]
    ./src/app/dashboard/page.tsx [Server Component]

  Client Component SSR:
    ./src/app/dashboard/page.tsx [Client Component SSR]
    ./src/app/dashboard/page.tsx [Server Component] @ http://localhost:3000/_next/static/chunks/node_modules_next_dist_20ud_8w._.js:2099
[  612220ms] [ERROR] ./src/app/dashboard/page.tsx:8:1
Export presetRange doesn't exist in target module
   6 | import { Select } from '@/components/ui/select'
   7 | import { StatCard } from '@/components/dashboard/stat-card'
>  8 | import {
     | ^^^^^^^
>  9 |   PeriodSelector,
     | ^^^^^^^^^^^^^^^^^
> 10 |   presetRange,
     | ^^^^^^^^^^^^^^
> 11 |   type PeriodPreset,
     | ^^^^^^^^^^^^^^^^^^^^
> 12 | } from '@/components/dashboard/period-selector'
     | ^^^^^^^^^^^^^^^^^^^^^^^^^^^^^^^^^^^^^^^^^^^^^^^
  13 | import { SpendingTrend } from '@/components/dashboard/spending-trend'
  14 | import { CategoryBreakdown } from '@/components/dashboard/category-breakdown'
  15 | import { TopMerchants } from '@/components/dashboard/top-merchants'

The export presetRange was not found in module [project]/src/components/dashboard/period-selector.tsx [app-client] (ecmascript).
Did you mean to import PeriodSelector?
All exports of the module are statically known (It doesn't have dynamic exports). So it's known statically that the requested export doesn't exist.

Import traces:
  Client Component Browser:
    ./src/app/dashboard/page.tsx [Client Component Browser]
    ./src/app/dashboard/page.tsx [Server Component]

  Client Component SSR:
    ./src/app/dashboard/page.tsx [Client Component SSR]
    ./src/app/dashboard/page.tsx [Server Component] @ http://localhost:3000/_next/static/chunks/node_modules_next_dist_20ud_8w._.js:2099
[  612220ms] [ERROR] ./src/app/dashboard/page.tsx:8:1
Export presetRange doesn't exist in target module
   6 | import { Select } from '@/components/ui/select'
   7 | import { StatCard } from '@/components/dashboard/stat-card'
>  8 | import {
     | ^^^^^^^
>  9 |   PeriodSelector,
     | ^^^^^^^^^^^^^^^^^
> 10 |   presetRange,
     | ^^^^^^^^^^^^^^
> 11 |   type PeriodPreset,
     | ^^^^^^^^^^^^^^^^^^^^
> 12 | } from '@/components/dashboard/period-selector'
     | ^^^^^^^^^^^^^^^^^^^^^^^^^^^^^^^^^^^^^^^^^^^^^^^
  13 | import { SpendingTrend } from '@/components/dashboard/spending-trend'
  14 | import { CategoryBreakdown } from '@/components/dashboard/category-breakdown'
  15 | import { TopMerchants } from '@/components/dashboard/top-merchants'

The export presetRange was not found in module [project]/src/components/dashboard/period-selector.tsx [app-ssr] (ecmascript).
Did you mean to import PeriodSelector?
All exports of the module are statically known (It doesn't have dynamic exports). So it's known statically that the requested export doesn't exist.

Import traces:
  Client Component Browser:
    ./src/app/dashboard/page.tsx [Client Component Browser]
    ./src/app/dashboard/page.tsx [Server Component]

  Client Component SSR:
    ./src/app/dashboard/page.tsx [Client Component SSR]
    ./src/app/dashboard/page.tsx [Server Component] @ http://localhost:3000/_next/static/chunks/node_modules_next_dist_20ud_8w._.js:2099
[  612282ms] [ERROR] ./src/app/dashboard/page.tsx:8:1
Export presetRange doesn't exist in target module
   6 | import { Select } from '@/components/ui/select'
   7 | import { StatCard } from '@/components/dashboard/stat-card'
>  8 | import {
     | ^^^^^^^
>  9 |   PeriodSelector,
     | ^^^^^^^^^^^^^^^^^
> 10 |   presetRange,
     | ^^^^^^^^^^^^^^
> 11 |   type PeriodPreset,
     | ^^^^^^^^^^^^^^^^^^^^
> 12 | } from '@/components/dashboard/period-selector'
     | ^^^^^^^^^^^^^^^^^^^^^^^^^^^^^^^^^^^^^^^^^^^^^^^
  13 | import { SpendingTrend } from '@/components/dashboard/spending-trend'
  14 | import { CategoryBreakdown } from '@/components/dashboard/category-breakdown'
  15 | import { TopMerchants } from '@/components/dashboard/top-merchants'

The export presetRange was not found in module [project]/src/components/dashboard/period-selector.tsx [app-client] (ecmascript).
Did you mean to import PeriodSelector?
All exports of the module are statically known (It doesn't have dynamic exports). So it's known statically that the requested export doesn't exist.

Import traces:
  Client Component Browser:
    ./src/app/dashboard/page.tsx [Client Component Browser]
    ./src/app/dashboard/page.tsx [Server Component]

  Client Component SSR:
    ./src/app/dashboard/page.tsx [Client Component SSR]
    ./src/app/dashboard/page.tsx [Server Component] @ http://localhost:3000/_next/static/chunks/node_modules_next_dist_20ud_8w._.js:2099
[  612282ms] [ERROR] ./src/app/dashboard/page.tsx:8:1
Export presetRange doesn't exist in target module
   6 | import { Select } from '@/components/ui/select'
   7 | import { StatCard } from '@/components/dashboard/stat-card'
>  8 | import {
     | ^^^^^^^
>  9 |   PeriodSelector,
     | ^^^^^^^^^^^^^^^^^
> 10 |   presetRange,
     | ^^^^^^^^^^^^^^
> 11 |   type PeriodPreset,
     | ^^^^^^^^^^^^^^^^^^^^
> 12 | } from '@/components/dashboard/period-selector'
     | ^^^^^^^^^^^^^^^^^^^^^^^^^^^^^^^^^^^^^^^^^^^^^^^
  13 | import { SpendingTrend } from '@/components/dashboard/spending-trend'
  14 | import { CategoryBreakdown } from '@/components/dashboard/category-breakdown'
  15 | import { TopMerchants } from '@/components/dashboard/top-merchants'

The export presetRange was not found in module [project]/src/components/dashboard/period-selector.tsx [app-ssr] (ecmascript).
Did you mean to import PeriodSelector?
All exports of the module are statically known (It doesn't have dynamic exports). So it's known statically that the requested export doesn't exist.

Import traces:
  Client Component Browser:
    ./src/app/dashboard/page.tsx [Client Component Browser]
    ./src/app/dashboard/page.tsx [Server Component]

  Client Component SSR:
    ./src/app/dashboard/page.tsx [Client Component SSR]
    ./src/app/dashboard/page.tsx [Server Component] @ http://localhost:3000/_next/static/chunks/node_modules_next_dist_20ud_8w._.js:2099
[  612346ms] [ERROR] ./src/app/dashboard/page.tsx:8:1
Export presetRange doesn't exist in target module
   6 | import { Select } from '@/components/ui/select'
   7 | import { StatCard } from '@/components/dashboard/stat-card'
>  8 | import {
     | ^^^^^^^
>  9 |   PeriodSelector,
     | ^^^^^^^^^^^^^^^^^
> 10 |   presetRange,
     | ^^^^^^^^^^^^^^
> 11 |   type PeriodPreset,
     | ^^^^^^^^^^^^^^^^^^^^
> 12 | } from '@/components/dashboard/period-selector'
     | ^^^^^^^^^^^^^^^^^^^^^^^^^^^^^^^^^^^^^^^^^^^^^^^
  13 | import { SpendingTrend } from '@/components/dashboard/spending-trend'
  14 | import { CategoryBreakdown } from '@/components/dashboard/category-breakdown'
  15 | import { TopMerchants } from '@/components/dashboard/top-merchants'

The export presetRange was not found in module [project]/src/components/dashboard/period-selector.tsx [app-client] (ecmascript).
Did you mean to import PeriodSelector?
All exports of the module are statically known (It doesn't have dynamic exports). So it's known statically that the requested export doesn't exist.

Import traces:
  Client Component Browser:
    ./src/app/dashboard/page.tsx [Client Component Browser]
    ./src/app/dashboard/page.tsx [Server Component]

  Client Component SSR:
    ./src/app/dashboard/page.tsx [Client Component SSR]
    ./src/app/dashboard/page.tsx [Server Component] @ http://localhost:3000/_next/static/chunks/node_modules_next_dist_20ud_8w._.js:2099
[  612346ms] [ERROR] ./src/app/dashboard/page.tsx:8:1
Export presetRange doesn't exist in target module
   6 | import { Select } from '@/components/ui/select'
   7 | import { StatCard } from '@/components/dashboard/stat-card'
>  8 | import {
     | ^^^^^^^
>  9 |   PeriodSelector,
     | ^^^^^^^^^^^^^^^^^
> 10 |   presetRange,
     | ^^^^^^^^^^^^^^
> 11 |   type PeriodPreset,
     | ^^^^^^^^^^^^^^^^^^^^
> 12 | } from '@/components/dashboard/period-selector'
     | ^^^^^^^^^^^^^^^^^^^^^^^^^^^^^^^^^^^^^^^^^^^^^^^
  13 | import { SpendingTrend } from '@/components/dashboard/spending-trend'
  14 | import { CategoryBreakdown } from '@/components/dashboard/category-breakdown'
  15 | import { TopMerchants } from '@/components/dashboard/top-merchants'

The export presetRange was not found in module [project]/src/components/dashboard/period-selector.tsx [app-ssr] (ecmascript).
Did you mean to import PeriodSelector?
All exports of the module are statically known (It doesn't have dynamic exports). So it's known statically that the requested export doesn't exist.

Import traces:
  Client Component Browser:
    ./src/app/dashboard/page.tsx [Client Component Browser]
    ./src/app/dashboard/page.tsx [Server Component]

  Client Component SSR:
    ./src/app/dashboard/page.tsx [Client Component SSR]
    ./src/app/dashboard/page.tsx [Server Component] @ http://localhost:3000/_next/static/chunks/node_modules_next_dist_20ud_8w._.js:2099
[  612406ms] [ERROR] ./src/app/dashboard/page.tsx:8:1
Export presetRange doesn't exist in target module
   6 | import { Select } from '@/components/ui/select'
   7 | import { StatCard } from '@/components/dashboard/stat-card'
>  8 | import {
     | ^^^^^^^
>  9 |   PeriodSelector,
     | ^^^^^^^^^^^^^^^^^
> 10 |   presetRange,
     | ^^^^^^^^^^^^^^
> 11 |   type PeriodPreset,
     | ^^^^^^^^^^^^^^^^^^^^
> 12 | } from '@/components/dashboard/period-selector'
     | ^^^^^^^^^^^^^^^^^^^^^^^^^^^^^^^^^^^^^^^^^^^^^^^
  13 | import { SpendingTrend } from '@/components/dashboard/spending-trend'
  14 | import { CategoryBreakdown } from '@/components/dashboard/category-breakdown'
  15 | import { TopMerchants } from '@/components/dashboard/top-merchants'

The export presetRange was not found in module [project]/src/components/dashboard/period-selector.tsx [app-client] (ecmascript).
Did you mean to import PeriodSelector?
All exports of the module are statically known (It doesn't have dynamic exports). So it's known statically that the requested export doesn't exist.

Import traces:
  Client Component Browser:
    ./src/app/dashboard/page.tsx [Client Component Browser]
    ./src/app/dashboard/page.tsx [Server Component]

  Client Component SSR:
    ./src/app/dashboard/page.tsx [Client Component SSR]
    ./src/app/dashboard/page.tsx [Server Component] @ http://localhost:3000/_next/static/chunks/node_modules_next_dist_20ud_8w._.js:2099
[  612406ms] [ERROR] ./src/app/dashboard/page.tsx:8:1
Export presetRange doesn't exist in target module
   6 | import { Select } from '@/components/ui/select'
   7 | import { StatCard } from '@/components/dashboard/stat-card'
>  8 | import {
     | ^^^^^^^
>  9 |   PeriodSelector,
     | ^^^^^^^^^^^^^^^^^
> 10 |   presetRange,
     | ^^^^^^^^^^^^^^
> 11 |   type PeriodPreset,
     | ^^^^^^^^^^^^^^^^^^^^
> 12 | } from '@/components/dashboard/period-selector'
     | ^^^^^^^^^^^^^^^^^^^^^^^^^^^^^^^^^^^^^^^^^^^^^^^
  13 | import { SpendingTrend } from '@/components/dashboard/spending-trend'
  14 | import { CategoryBreakdown } from '@/components/dashboard/category-breakdown'
  15 | import { TopMerchants } from '@/components/dashboard/top-merchants'

The export presetRange was not found in module [project]/src/components/dashboard/period-selector.tsx [app-ssr] (ecmascript).
Did you mean to import PeriodSelector?
All exports of the module are statically known (It doesn't have dynamic exports). So it's known statically that the requested export doesn't exist.

Import traces:
  Client Component Browser:
    ./src/app/dashboard/page.tsx [Client Component Browser]
    ./src/app/dashboard/page.tsx [Server Component]

  Client Component SSR:
    ./src/app/dashboard/page.tsx [Client Component SSR]
    ./src/app/dashboard/page.tsx [Server Component] @ http://localhost:3000/_next/static/chunks/node_modules_next_dist_20ud_8w._.js:2099
[  612469ms] [ERROR] ./src/app/dashboard/page.tsx:8:1
Export presetRange doesn't exist in target module
   6 | import { Select } from '@/components/ui/select'
   7 | import { StatCard } from '@/components/dashboard/stat-card'
>  8 | import {
     | ^^^^^^^
>  9 |   PeriodSelector,
     | ^^^^^^^^^^^^^^^^^
> 10 |   presetRange,
     | ^^^^^^^^^^^^^^
> 11 |   type PeriodPreset,
     | ^^^^^^^^^^^^^^^^^^^^
> 12 | } from '@/components/dashboard/period-selector'
     | ^^^^^^^^^^^^^^^^^^^^^^^^^^^^^^^^^^^^^^^^^^^^^^^
  13 | import { SpendingTrend } from '@/components/dashboard/spending-trend'
  14 | import { CategoryBreakdown } from '@/components/dashboard/category-breakdown'
  15 | import { TopMerchants } from '@/components/dashboard/top-merchants'

The export presetRange was not found in module [project]/src/components/dashboard/period-selector.tsx [app-client] (ecmascript).
Did you mean to import PeriodSelector?
All exports of the module are statically known (It doesn't have dynamic exports). So it's known statically that the requested export doesn't exist.

Import traces:
  Client Component Browser:
    ./src/app/dashboard/page.tsx [Client Component Browser]
    ./src/app/dashboard/page.tsx [Server Component]

  Client Component SSR:
    ./src/app/dashboard/page.tsx [Client Component SSR]
    ./src/app/dashboard/page.tsx [Server Component] @ http://localhost:3000/_next/static/chunks/node_modules_next_dist_20ud_8w._.js:2099
[  612469ms] [ERROR] ./src/app/dashboard/page.tsx:8:1
Export presetRange doesn't exist in target module
   6 | import { Select } from '@/components/ui/select'
   7 | import { StatCard } from '@/components/dashboard/stat-card'
>  8 | import {
     | ^^^^^^^
>  9 |   PeriodSelector,
     | ^^^^^^^^^^^^^^^^^
> 10 |   presetRange,
     | ^^^^^^^^^^^^^^
> 11 |   type PeriodPreset,
     | ^^^^^^^^^^^^^^^^^^^^
> 12 | } from '@/components/dashboard/period-selector'
     | ^^^^^^^^^^^^^^^^^^^^^^^^^^^^^^^^^^^^^^^^^^^^^^^
  13 | import { SpendingTrend } from '@/components/dashboard/spending-trend'
  14 | import { CategoryBreakdown } from '@/components/dashboard/category-breakdown'
  15 | import { TopMerchants } from '@/components/dashboard/top-merchants'

The export presetRange was not found in module [project]/src/components/dashboard/period-selector.tsx [app-ssr] (ecmascript).
Did you mean to import PeriodSelector?
All exports of the module are statically known (It doesn't have dynamic exports). So it's known statically that the requested export doesn't exist.

Import traces:
  Client Component Browser:
    ./src/app/dashboard/page.tsx [Client Component Browser]
    ./src/app/dashboard/page.tsx [Server Component]

  Client Component SSR:
    ./src/app/dashboard/page.tsx [Client Component SSR]
    ./src/app/dashboard/page.tsx [Server Component] @ http://localhost:3000/_next/static/chunks/node_modules_next_dist_20ud_8w._.js:2099
[  612531ms] [ERROR] ./src/app/dashboard/page.tsx:8:1
Export presetRange doesn't exist in target module
   6 | import { Select } from '@/components/ui/select'
   7 | import { StatCard } from '@/components/dashboard/stat-card'
>  8 | import {
     | ^^^^^^^
>  9 |   PeriodSelector,
     | ^^^^^^^^^^^^^^^^^
> 10 |   presetRange,
     | ^^^^^^^^^^^^^^
> 11 |   type PeriodPreset,
     | ^^^^^^^^^^^^^^^^^^^^
> 12 | } from '@/components/dashboard/period-selector'
     | ^^^^^^^^^^^^^^^^^^^^^^^^^^^^^^^^^^^^^^^^^^^^^^^
  13 | import { SpendingTrend } from '@/components/dashboard/spending-trend'
  14 | import { CategoryBreakdown } from '@/components/dashboard/category-breakdown'
  15 | import { TopMerchants } from '@/components/dashboard/top-merchants'

The export presetRange was not found in module [project]/src/components/dashboard/period-selector.tsx [app-client] (ecmascript).
Did you mean to import PeriodSelector?
All exports of the module are statically known (It doesn't have dynamic exports). So it's known statically that the requested export doesn't exist.

Import traces:
  Client Component Browser:
    ./src/app/dashboard/page.tsx [Client Component Browser]
    ./src/app/dashboard/page.tsx [Server Component]

  Client Component SSR:
    ./src/app/dashboard/page.tsx [Client Component SSR]
    ./src/app/dashboard/page.tsx [Server Component] @ http://localhost:3000/_next/static/chunks/node_modules_next_dist_20ud_8w._.js:2099
[  612531ms] [ERROR] ./src/app/dashboard/page.tsx:8:1
Export presetRange doesn't exist in target module
   6 | import { Select } from '@/components/ui/select'
   7 | import { StatCard } from '@/components/dashboard/stat-card'
>  8 | import {
     | ^^^^^^^
>  9 |   PeriodSelector,
     | ^^^^^^^^^^^^^^^^^
> 10 |   presetRange,
     | ^^^^^^^^^^^^^^
> 11 |   type PeriodPreset,
     | ^^^^^^^^^^^^^^^^^^^^
> 12 | } from '@/components/dashboard/period-selector'
     | ^^^^^^^^^^^^^^^^^^^^^^^^^^^^^^^^^^^^^^^^^^^^^^^
  13 | import { SpendingTrend } from '@/components/dashboard/spending-trend'
  14 | import { CategoryBreakdown } from '@/components/dashboard/category-breakdown'
  15 | import { TopMerchants } from '@/components/dashboard/top-merchants'

The export presetRange was not found in module [project]/src/components/dashboard/period-selector.tsx [app-ssr] (ecmascript).
Did you mean to import PeriodSelector?
All exports of the module are statically known (It doesn't have dynamic exports). So it's known statically that the requested export doesn't exist.

Import traces:
  Client Component Browser:
    ./src/app/dashboard/page.tsx [Client Component Browser]
    ./src/app/dashboard/page.tsx [Server Component]

  Client Component SSR:
    ./src/app/dashboard/page.tsx [Client Component SSR]
    ./src/app/dashboard/page.tsx [Server Component] @ http://localhost:3000/_next/static/chunks/node_modules_next_dist_20ud_8w._.js:2099
[  612592ms] [ERROR] ./src/app/dashboard/page.tsx:8:1
Export presetRange doesn't exist in target module
   6 | import { Select } from '@/components/ui/select'
   7 | import { StatCard } from '@/components/dashboard/stat-card'
>  8 | import {
     | ^^^^^^^
>  9 |   PeriodSelector,
     | ^^^^^^^^^^^^^^^^^
> 10 |   presetRange,
     | ^^^^^^^^^^^^^^
> 11 |   type PeriodPreset,
     | ^^^^^^^^^^^^^^^^^^^^
> 12 | } from '@/components/dashboard/period-selector'
     | ^^^^^^^^^^^^^^^^^^^^^^^^^^^^^^^^^^^^^^^^^^^^^^^
  13 | import { SpendingTrend } from '@/components/dashboard/spending-trend'
  14 | import { CategoryBreakdown } from '@/components/dashboard/category-breakdown'
  15 | import { TopMerchants } from '@/components/dashboard/top-merchants'

The export presetRange was not found in module [project]/src/components/dashboard/period-selector.tsx [app-client] (ecmascript).
Did you mean to import PeriodSelector?
All exports of the module are statically known (It doesn't have dynamic exports). So it's known statically that the requested export doesn't exist.

Import traces:
  Client Component Browser:
    ./src/app/dashboard/page.tsx [Client Component Browser]
    ./src/app/dashboard/page.tsx [Server Component]

  Client Component SSR:
    ./src/app/dashboard/page.tsx [Client Component SSR]
    ./src/app/dashboard/page.tsx [Server Component] @ http://localhost:3000/_next/static/chunks/node_modules_next_dist_20ud_8w._.js:2099
[  612593ms] [ERROR] ./src/app/dashboard/page.tsx:8:1
Export presetRange doesn't exist in target module
   6 | import { Select } from '@/components/ui/select'
   7 | import { StatCard } from '@/components/dashboard/stat-card'
>  8 | import {
     | ^^^^^^^
>  9 |   PeriodSelector,
     | ^^^^^^^^^^^^^^^^^
> 10 |   presetRange,
     | ^^^^^^^^^^^^^^
> 11 |   type PeriodPreset,
     | ^^^^^^^^^^^^^^^^^^^^
> 12 | } from '@/components/dashboard/period-selector'
     | ^^^^^^^^^^^^^^^^^^^^^^^^^^^^^^^^^^^^^^^^^^^^^^^
  13 | import { SpendingTrend } from '@/components/dashboard/spending-trend'
  14 | import { CategoryBreakdown } from '@/components/dashboard/category-breakdown'
  15 | import { TopMerchants } from '@/components/dashboard/top-merchants'

The export presetRange was not found in module [project]/src/components/dashboard/period-selector.tsx [app-ssr] (ecmascript).
Did you mean to import PeriodSelector?
All exports of the module are statically known (It doesn't have dynamic exports). So it's known statically that the requested export doesn't exist.

Import traces:
  Client Component Browser:
    ./src/app/dashboard/page.tsx [Client Component Browser]
    ./src/app/dashboard/page.tsx [Server Component]

  Client Component SSR:
    ./src/app/dashboard/page.tsx [Client Component SSR]
    ./src/app/dashboard/page.tsx [Server Component] @ http://localhost:3000/_next/static/chunks/node_modules_next_dist_20ud_8w._.js:2099
[  612655ms] [ERROR] ./src/app/dashboard/page.tsx:8:1
Export presetRange doesn't exist in target module
   6 | import { Select } from '@/components/ui/select'
   7 | import { StatCard } from '@/components/dashboard/stat-card'
>  8 | import {
     | ^^^^^^^
>  9 |   PeriodSelector,
     | ^^^^^^^^^^^^^^^^^
> 10 |   presetRange,
     | ^^^^^^^^^^^^^^
> 11 |   type PeriodPreset,
     | ^^^^^^^^^^^^^^^^^^^^
> 12 | } from '@/components/dashboard/period-selector'
     | ^^^^^^^^^^^^^^^^^^^^^^^^^^^^^^^^^^^^^^^^^^^^^^^
  13 | import { SpendingTrend } from '@/components/dashboard/spending-trend'
  14 | import { CategoryBreakdown } from '@/components/dashboard/category-breakdown'
  15 | import { TopMerchants } from '@/components/dashboard/top-merchants'

The export presetRange was not found in module [project]/src/components/dashboard/period-selector.tsx [app-client] (ecmascript).
Did you mean to import PeriodSelector?
All exports of the module are statically known (It doesn't have dynamic exports). So it's known statically that the requested export doesn't exist.

Import traces:
  Client Component Browser:
    ./src/app/dashboard/page.tsx [Client Component Browser]
    ./src/app/dashboard/page.tsx [Server Component]

  Client Component SSR:
    ./src/app/dashboard/page.tsx [Client Component SSR]
    ./src/app/dashboard/page.tsx [Server Component] @ http://localhost:3000/_next/static/chunks/node_modules_next_dist_20ud_8w._.js:2099
[  612655ms] [ERROR] ./src/app/dashboard/page.tsx:8:1
Export presetRange doesn't exist in target module
   6 | import { Select } from '@/components/ui/select'
   7 | import { StatCard } from '@/components/dashboard/stat-card'
>  8 | import {
     | ^^^^^^^
>  9 |   PeriodSelector,
     | ^^^^^^^^^^^^^^^^^
> 10 |   presetRange,
     | ^^^^^^^^^^^^^^
> 11 |   type PeriodPreset,
     | ^^^^^^^^^^^^^^^^^^^^
> 12 | } from '@/components/dashboard/period-selector'
     | ^^^^^^^^^^^^^^^^^^^^^^^^^^^^^^^^^^^^^^^^^^^^^^^
  13 | import { SpendingTrend } from '@/components/dashboard/spending-trend'
  14 | import { CategoryBreakdown } from '@/components/dashboard/category-breakdown'
  15 | import { TopMerchants } from '@/components/dashboard/top-merchants'

The export presetRange was not found in module [project]/src/components/dashboard/period-selector.tsx [app-ssr] (ecmascript).
Did you mean to import PeriodSelector?
All exports of the module are statically known (It doesn't have dynamic exports). So it's known statically that the requested export doesn't exist.

Import traces:
  Client Component Browser:
    ./src/app/dashboard/page.tsx [Client Component Browser]
    ./src/app/dashboard/page.tsx [Server Component]

  Client Component SSR:
    ./src/app/dashboard/page.tsx [Client Component SSR]
    ./src/app/dashboard/page.tsx [Server Component] @ http://localhost:3000/_next/static/chunks/node_modules_next_dist_20ud_8w._.js:2099
[  612718ms] [ERROR] ./src/app/dashboard/page.tsx:8:1
Export presetRange doesn't exist in target module
   6 | import { Select } from '@/components/ui/select'
   7 | import { StatCard } from '@/components/dashboard/stat-card'
>  8 | import {
     | ^^^^^^^
>  9 |   PeriodSelector,
     | ^^^^^^^^^^^^^^^^^
> 10 |   presetRange,
     | ^^^^^^^^^^^^^^
> 11 |   type PeriodPreset,
     | ^^^^^^^^^^^^^^^^^^^^
> 12 | } from '@/components/dashboard/period-selector'
     | ^^^^^^^^^^^^^^^^^^^^^^^^^^^^^^^^^^^^^^^^^^^^^^^
  13 | import { SpendingTrend } from '@/components/dashboard/spending-trend'
  14 | import { CategoryBreakdown } from '@/components/dashboard/category-breakdown'
  15 | import { TopMerchants } from '@/components/dashboard/top-merchants'

The export presetRange was not found in module [project]/src/components/dashboard/period-selector.tsx [app-client] (ecmascript).
Did you mean to import PeriodSelector?
All exports of the module are statically known (It doesn't have dynamic exports). So it's known statically that the requested export doesn't exist.

Import traces:
  Client Component Browser:
    ./src/app/dashboard/page.tsx [Client Component Browser]
    ./src/app/dashboard/page.tsx [Server Component]

  Client Component SSR:
    ./src/app/dashboard/page.tsx [Client Component SSR]
    ./src/app/dashboard/page.tsx [Server Component] @ http://localhost:3000/_next/static/chunks/node_modules_next_dist_20ud_8w._.js:2099
[  612718ms] [ERROR] ./src/app/dashboard/page.tsx:8:1
Export presetRange doesn't exist in target module
   6 | import { Select } from '@/components/ui/select'
   7 | import { StatCard } from '@/components/dashboard/stat-card'
>  8 | import {
     | ^^^^^^^
>  9 |   PeriodSelector,
     | ^^^^^^^^^^^^^^^^^
> 10 |   presetRange,
     | ^^^^^^^^^^^^^^
> 11 |   type PeriodPreset,
     | ^^^^^^^^^^^^^^^^^^^^
> 12 | } from '@/components/dashboard/period-selector'
     | ^^^^^^^^^^^^^^^^^^^^^^^^^^^^^^^^^^^^^^^^^^^^^^^
  13 | import { SpendingTrend } from '@/components/dashboard/spending-trend'
  14 | import { CategoryBreakdown } from '@/components/dashboard/category-breakdown'
  15 | import { TopMerchants } from '@/components/dashboard/top-merchants'

The export presetRange was not found in module [project]/src/components/dashboard/period-selector.tsx [app-ssr] (ecmascript).
Did you mean to import PeriodSelector?
All exports of the module are statically known (It doesn't have dynamic exports). So it's known statically that the requested export doesn't exist.

Import traces:
  Client Component Browser:
    ./src/app/dashboard/page.tsx [Client Component Browser]
    ./src/app/dashboard/page.tsx [Server Component]

  Client Component SSR:
    ./src/app/dashboard/page.tsx [Client Component SSR]
    ./src/app/dashboard/page.tsx [Server Component] @ http://localhost:3000/_next/static/chunks/node_modules_next_dist_20ud_8w._.js:2099
[  612778ms] [ERROR] ./src/app/dashboard/page.tsx:8:1
Export presetRange doesn't exist in target module
   6 | import { Select } from '@/components/ui/select'
   7 | import { StatCard } from '@/components/dashboard/stat-card'
>  8 | import {
     | ^^^^^^^
>  9 |   PeriodSelector,
     | ^^^^^^^^^^^^^^^^^
> 10 |   presetRange,
     | ^^^^^^^^^^^^^^
> 11 |   type PeriodPreset,
     | ^^^^^^^^^^^^^^^^^^^^
> 12 | } from '@/components/dashboard/period-selector'
     | ^^^^^^^^^^^^^^^^^^^^^^^^^^^^^^^^^^^^^^^^^^^^^^^
  13 | import { SpendingTrend } from '@/components/dashboard/spending-trend'
  14 | import { CategoryBreakdown } from '@/components/dashboard/category-breakdown'
  15 | import { TopMerchants } from '@/components/dashboard/top-merchants'

The export presetRange was not found in module [project]/src/components/dashboard/period-selector.tsx [app-client] (ecmascript).
Did you mean to import PeriodSelector?
All exports of the module are statically known (It doesn't have dynamic exports). So it's known statically that the requested export doesn't exist.

Import traces:
  Client Component Browser:
    ./src/app/dashboard/page.tsx [Client Component Browser]
    ./src/app/dashboard/page.tsx [Server Component]

  Client Component SSR:
    ./src/app/dashboard/page.tsx [Client Component SSR]
    ./src/app/dashboard/page.tsx [Server Component] @ http://localhost:3000/_next/static/chunks/node_modules_next_dist_20ud_8w._.js:2099
[  612779ms] [ERROR] ./src/app/dashboard/page.tsx:8:1
Export presetRange doesn't exist in target module
   6 | import { Select } from '@/components/ui/select'
   7 | import { StatCard } from '@/components/dashboard/stat-card'
>  8 | import {
     | ^^^^^^^
>  9 |   PeriodSelector,
     | ^^^^^^^^^^^^^^^^^
> 10 |   presetRange,
     | ^^^^^^^^^^^^^^
> 11 |   type PeriodPreset,
     | ^^^^^^^^^^^^^^^^^^^^
> 12 | } from '@/components/dashboard/period-selector'
     | ^^^^^^^^^^^^^^^^^^^^^^^^^^^^^^^^^^^^^^^^^^^^^^^
  13 | import { SpendingTrend } from '@/components/dashboard/spending-trend'
  14 | import { CategoryBreakdown } from '@/components/dashboard/category-breakdown'
  15 | import { TopMerchants } from '@/components/dashboard/top-merchants'

The export presetRange was not found in module [project]/src/components/dashboard/period-selector.tsx [app-ssr] (ecmascript).
Did you mean to import PeriodSelector?
All exports of the module are statically known (It doesn't have dynamic exports). So it's known statically that the requested export doesn't exist.

Import traces:
  Client Component Browser:
    ./src/app/dashboard/page.tsx [Client Component Browser]
    ./src/app/dashboard/page.tsx [Server Component]

  Client Component SSR:
    ./src/app/dashboard/page.tsx [Client Component SSR]
    ./src/app/dashboard/page.tsx [Server Component] @ http://localhost:3000/_next/static/chunks/node_modules_next_dist_20ud_8w._.js:2099
[  612840ms] [ERROR] ./src/app/dashboard/page.tsx:8:1
Export presetRange doesn't exist in target module
   6 | import { Select } from '@/components/ui/select'
   7 | import { StatCard } from '@/components/dashboard/stat-card'
>  8 | import {
     | ^^^^^^^
>  9 |   PeriodSelector,
     | ^^^^^^^^^^^^^^^^^
> 10 |   presetRange,
     | ^^^^^^^^^^^^^^
> 11 |   type PeriodPreset,
     | ^^^^^^^^^^^^^^^^^^^^
> 12 | } from '@/components/dashboard/period-selector'
     | ^^^^^^^^^^^^^^^^^^^^^^^^^^^^^^^^^^^^^^^^^^^^^^^
  13 | import { SpendingTrend } from '@/components/dashboard/spending-trend'
  14 | import { CategoryBreakdown } from '@/components/dashboard/category-breakdown'
  15 | import { TopMerchants } from '@/components/dashboard/top-merchants'

The export presetRange was not found in module [project]/src/components/dashboard/period-selector.tsx [app-client] (ecmascript).
Did you mean to import PeriodSelector?
All exports of the module are statically known (It doesn't have dynamic exports). So it's known statically that the requested export doesn't exist.

Import traces:
  Client Component Browser:
    ./src/app/dashboard/page.tsx [Client Component Browser]
    ./src/app/dashboard/page.tsx [Server Component]

  Client Component SSR:
    ./src/app/dashboard/page.tsx [Client Component SSR]
    ./src/app/dashboard/page.tsx [Server Component] @ http://localhost:3000/_next/static/chunks/node_modules_next_dist_20ud_8w._.js:2099
[  612841ms] [ERROR] ./src/app/dashboard/page.tsx:8:1
Export presetRange doesn't exist in target module
   6 | import { Select } from '@/components/ui/select'
   7 | import { StatCard } from '@/components/dashboard/stat-card'
>  8 | import {
     | ^^^^^^^
>  9 |   PeriodSelector,
     | ^^^^^^^^^^^^^^^^^
> 10 |   presetRange,
     | ^^^^^^^^^^^^^^
> 11 |   type PeriodPreset,
     | ^^^^^^^^^^^^^^^^^^^^
> 12 | } from '@/components/dashboard/period-selector'
     | ^^^^^^^^^^^^^^^^^^^^^^^^^^^^^^^^^^^^^^^^^^^^^^^
  13 | import { SpendingTrend } from '@/components/dashboard/spending-trend'
  14 | import { CategoryBreakdown } from '@/components/dashboard/category-breakdown'
  15 | import { TopMerchants } from '@/components/dashboard/top-merchants'

The export presetRange was not found in module [project]/src/components/dashboard/period-selector.tsx [app-ssr] (ecmascript).
Did you mean to import PeriodSelector?
All exports of the module are statically known (It doesn't have dynamic exports). So it's known statically that the requested export doesn't exist.

Import traces:
  Client Component Browser:
    ./src/app/dashboard/page.tsx [Client Component Browser]
    ./src/app/dashboard/page.tsx [Server Component]

  Client Component SSR:
    ./src/app/dashboard/page.tsx [Client Component SSR]
    ./src/app/dashboard/page.tsx [Server Component] @ http://localhost:3000/_next/static/chunks/node_modules_next_dist_20ud_8w._.js:2099
[  612900ms] [ERROR] ./src/app/dashboard/page.tsx:8:1
Export presetRange doesn't exist in target module
   6 | import { Select } from '@/components/ui/select'
   7 | import { StatCard } from '@/components/dashboard/stat-card'
>  8 | import {
     | ^^^^^^^
>  9 |   PeriodSelector,
     | ^^^^^^^^^^^^^^^^^
> 10 |   presetRange,
     | ^^^^^^^^^^^^^^
> 11 |   type PeriodPreset,
     | ^^^^^^^^^^^^^^^^^^^^
> 12 | } from '@/components/dashboard/period-selector'
     | ^^^^^^^^^^^^^^^^^^^^^^^^^^^^^^^^^^^^^^^^^^^^^^^
  13 | import { SpendingTrend } from '@/components/dashboard/spending-trend'
  14 | import { CategoryBreakdown } from '@/components/dashboard/category-breakdown'
  15 | import { TopMerchants } from '@/components/dashboard/top-merchants'

The export presetRange was not found in module [project]/src/components/dashboard/period-selector.tsx [app-client] (ecmascript).
Did you mean to import PeriodSelector?
All exports of the module are statically known (It doesn't have dynamic exports). So it's known statically that the requested export doesn't exist.

Import traces:
  Client Component Browser:
    ./src/app/dashboard/page.tsx [Client Component Browser]
    ./src/app/dashboard/page.tsx [Server Component]

  Client Component SSR:
    ./src/app/dashboard/page.tsx [Client Component SSR]
    ./src/app/dashboard/page.tsx [Server Component] @ http://localhost:3000/_next/static/chunks/node_modules_next_dist_20ud_8w._.js:2099
[  612900ms] [ERROR] ./src/app/dashboard/page.tsx:8:1
Export presetRange doesn't exist in target module
   6 | import { Select } from '@/components/ui/select'
   7 | import { StatCard } from '@/components/dashboard/stat-card'
>  8 | import {
     | ^^^^^^^
>  9 |   PeriodSelector,
     | ^^^^^^^^^^^^^^^^^
> 10 |   presetRange,
     | ^^^^^^^^^^^^^^
> 11 |   type PeriodPreset,
     | ^^^^^^^^^^^^^^^^^^^^
> 12 | } from '@/components/dashboard/period-selector'
     | ^^^^^^^^^^^^^^^^^^^^^^^^^^^^^^^^^^^^^^^^^^^^^^^
  13 | import { SpendingTrend } from '@/components/dashboard/spending-trend'
  14 | import { CategoryBreakdown } from '@/components/dashboard/category-breakdown'
  15 | import { TopMerchants } from '@/components/dashboard/top-merchants'

The export presetRange was not found in module [project]/src/components/dashboard/period-selector.tsx [app-ssr] (ecmascript).
Did you mean to import PeriodSelector?
All exports of the module are statically known (It doesn't have dynamic exports). So it's known statically that the requested export doesn't exist.

Import traces:
  Client Component Browser:
    ./src/app/dashboard/page.tsx [Client Component Browser]
    ./src/app/dashboard/page.tsx [Server Component]

  Client Component SSR:
    ./src/app/dashboard/page.tsx [Client Component SSR]
    ./src/app/dashboard/page.tsx [Server Component] @ http://localhost:3000/_next/static/chunks/node_modules_next_dist_20ud_8w._.js:2099
[  612962ms] [ERROR] ./src/app/dashboard/page.tsx:8:1
Export presetRange doesn't exist in target module
   6 | import { Select } from '@/components/ui/select'
   7 | import { StatCard } from '@/components/dashboard/stat-card'
>  8 | import {
     | ^^^^^^^
>  9 |   PeriodSelector,
     | ^^^^^^^^^^^^^^^^^
> 10 |   presetRange,
     | ^^^^^^^^^^^^^^
> 11 |   type PeriodPreset,
     | ^^^^^^^^^^^^^^^^^^^^
> 12 | } from '@/components/dashboard/period-selector'
     | ^^^^^^^^^^^^^^^^^^^^^^^^^^^^^^^^^^^^^^^^^^^^^^^
  13 | import { SpendingTrend } from '@/components/dashboard/spending-trend'
  14 | import { CategoryBreakdown } from '@/components/dashboard/category-breakdown'
  15 | import { TopMerchants } from '@/components/dashboard/top-merchants'

The export presetRange was not found in module [project]/src/components/dashboard/period-selector.tsx [app-client] (ecmascript).
Did you mean to import PeriodSelector?
All exports of the module are statically known (It doesn't have dynamic exports). So it's known statically that the requested export doesn't exist.

Import traces:
  Client Component Browser:
    ./src/app/dashboard/page.tsx [Client Component Browser]
    ./src/app/dashboard/page.tsx [Server Component]

  Client Component SSR:
    ./src/app/dashboard/page.tsx [Client Component SSR]
    ./src/app/dashboard/page.tsx [Server Component] @ http://localhost:3000/_next/static/chunks/node_modules_next_dist_20ud_8w._.js:2099
[  612962ms] [ERROR] ./src/app/dashboard/page.tsx:8:1
Export presetRange doesn't exist in target module
   6 | import { Select } from '@/components/ui/select'
   7 | import { StatCard } from '@/components/dashboard/stat-card'
>  8 | import {
     | ^^^^^^^
>  9 |   PeriodSelector,
     | ^^^^^^^^^^^^^^^^^
> 10 |   presetRange,
     | ^^^^^^^^^^^^^^
> 11 |   type PeriodPreset,
     | ^^^^^^^^^^^^^^^^^^^^
> 12 | } from '@/components/dashboard/period-selector'
     | ^^^^^^^^^^^^^^^^^^^^^^^^^^^^^^^^^^^^^^^^^^^^^^^
  13 | import { SpendingTrend } from '@/components/dashboard/spending-trend'
  14 | import { CategoryBreakdown } from '@/components/dashboard/category-breakdown'
  15 | import { TopMerchants } from '@/components/dashboard/top-merchants'

The export presetRange was not found in module [project]/src/components/dashboard/period-selector.tsx [app-ssr] (ecmascript).
Did you mean to import PeriodSelector?
All exports of the module are statically known (It doesn't have dynamic exports). So it's known statically that the requested export doesn't exist.

Import traces:
  Client Component Browser:
    ./src/app/dashboard/page.tsx [Client Component Browser]
    ./src/app/dashboard/page.tsx [Server Component]

  Client Component SSR:
    ./src/app/dashboard/page.tsx [Client Component SSR]
    ./src/app/dashboard/page.tsx [Server Component] @ http://localhost:3000/_next/static/chunks/node_modules_next_dist_20ud_8w._.js:2099
[  613028ms] [ERROR] ./src/app/dashboard/page.tsx:8:1
Export presetRange doesn't exist in target module
   6 | import { Select } from '@/components/ui/select'
   7 | import { StatCard } from '@/components/dashboard/stat-card'
>  8 | import {
     | ^^^^^^^
>  9 |   PeriodSelector,
     | ^^^^^^^^^^^^^^^^^
> 10 |   presetRange,
     | ^^^^^^^^^^^^^^
> 11 |   type PeriodPreset,
     | ^^^^^^^^^^^^^^^^^^^^
> 12 | } from '@/components/dashboard/period-selector'
     | ^^^^^^^^^^^^^^^^^^^^^^^^^^^^^^^^^^^^^^^^^^^^^^^
  13 | import { SpendingTrend } from '@/components/dashboard/spending-trend'
  14 | import { CategoryBreakdown } from '@/components/dashboard/category-breakdown'
  15 | import { TopMerchants } from '@/components/dashboard/top-merchants'

The export presetRange was not found in module [project]/src/components/dashboard/period-selector.tsx [app-client] (ecmascript).
Did you mean to import PeriodSelector?
All exports of the module are statically known (It doesn't have dynamic exports). So it's known statically that the requested export doesn't exist.

Import traces:
  Client Component Browser:
    ./src/app/dashboard/page.tsx [Client Component Browser]
    ./src/app/dashboard/page.tsx [Server Component]

  Client Component SSR:
    ./src/app/dashboard/page.tsx [Client Component SSR]
    ./src/app/dashboard/page.tsx [Server Component] @ http://localhost:3000/_next/static/chunks/node_modules_next_dist_20ud_8w._.js:2099
[  613028ms] [ERROR] ./src/app/dashboard/page.tsx:8:1
Export presetRange doesn't exist in target module
   6 | import { Select } from '@/components/ui/select'
   7 | import { StatCard } from '@/components/dashboard/stat-card'
>  8 | import {
     | ^^^^^^^
>  9 |   PeriodSelector,
     | ^^^^^^^^^^^^^^^^^
> 10 |   presetRange,
     | ^^^^^^^^^^^^^^
> 11 |   type PeriodPreset,
     | ^^^^^^^^^^^^^^^^^^^^
> 12 | } from '@/components/dashboard/period-selector'
     | ^^^^^^^^^^^^^^^^^^^^^^^^^^^^^^^^^^^^^^^^^^^^^^^
  13 | import { SpendingTrend } from '@/components/dashboard/spending-trend'
  14 | import { CategoryBreakdown } from '@/components/dashboard/category-breakdown'
  15 | import { TopMerchants } from '@/components/dashboard/top-merchants'

The export presetRange was not found in module [project]/src/components/dashboard/period-selector.tsx [app-ssr] (ecmascript).
Did you mean to import PeriodSelector?
All exports of the module are statically known (It doesn't have dynamic exports). So it's known statically that the requested export doesn't exist.

Import traces:
  Client Component Browser:
    ./src/app/dashboard/page.tsx [Client Component Browser]
    ./src/app/dashboard/page.tsx [Server Component]

  Client Component SSR:
    ./src/app/dashboard/page.tsx [Client Component SSR]
    ./src/app/dashboard/page.tsx [Server Component] @ http://localhost:3000/_next/static/chunks/node_modules_next_dist_20ud_8w._.js:2099
[  613088ms] [ERROR] ./src/app/dashboard/page.tsx:8:1
Export presetRange doesn't exist in target module
   6 | import { Select } from '@/components/ui/select'
   7 | import { StatCard } from '@/components/dashboard/stat-card'
>  8 | import {
     | ^^^^^^^
>  9 |   PeriodSelector,
     | ^^^^^^^^^^^^^^^^^
> 10 |   presetRange,
     | ^^^^^^^^^^^^^^
> 11 |   type PeriodPreset,
     | ^^^^^^^^^^^^^^^^^^^^
> 12 | } from '@/components/dashboard/period-selector'
     | ^^^^^^^^^^^^^^^^^^^^^^^^^^^^^^^^^^^^^^^^^^^^^^^
  13 | import { SpendingTrend } from '@/components/dashboard/spending-trend'
  14 | import { CategoryBreakdown } from '@/components/dashboard/category-breakdown'
  15 | import { TopMerchants } from '@/components/dashboard/top-merchants'

The export presetRange was not found in module [project]/src/components/dashboard/period-selector.tsx [app-client] (ecmascript).
Did you mean to import PeriodSelector?
All exports of the module are statically known (It doesn't have dynamic exports). So it's known statically that the requested export doesn't exist.

Import traces:
  Client Component Browser:
    ./src/app/dashboard/page.tsx [Client Component Browser]
    ./src/app/dashboard/page.tsx [Server Component]

  Client Component SSR:
    ./src/app/dashboard/page.tsx [Client Component SSR]
    ./src/app/dashboard/page.tsx [Server Component] @ http://localhost:3000/_next/static/chunks/node_modules_next_dist_20ud_8w._.js:2099
[  613088ms] [ERROR] ./src/app/dashboard/page.tsx:8:1
Export presetRange doesn't exist in target module
   6 | import { Select } from '@/components/ui/select'
   7 | import { StatCard } from '@/components/dashboard/stat-card'
>  8 | import {
     | ^^^^^^^
>  9 |   PeriodSelector,
     | ^^^^^^^^^^^^^^^^^
> 10 |   presetRange,
     | ^^^^^^^^^^^^^^
> 11 |   type PeriodPreset,
     | ^^^^^^^^^^^^^^^^^^^^
> 12 | } from '@/components/dashboard/period-selector'
     | ^^^^^^^^^^^^^^^^^^^^^^^^^^^^^^^^^^^^^^^^^^^^^^^
  13 | import { SpendingTrend } from '@/components/dashboard/spending-trend'
  14 | import { CategoryBreakdown } from '@/components/dashboard/category-breakdown'
  15 | import { TopMerchants } from '@/components/dashboard/top-merchants'

The export presetRange was not found in module [project]/src/components/dashboard/period-selector.tsx [app-ssr] (ecmascript).
Did you mean to import PeriodSelector?
All exports of the module are statically known (It doesn't have dynamic exports). So it's known statically that the requested export doesn't exist.

Import traces:
  Client Component Browser:
    ./src/app/dashboard/page.tsx [Client Component Browser]
    ./src/app/dashboard/page.tsx [Server Component]

  Client Component SSR:
    ./src/app/dashboard/page.tsx [Client Component SSR]
    ./src/app/dashboard/page.tsx [Server Component] @ http://localhost:3000/_next/static/chunks/node_modules_next_dist_20ud_8w._.js:2099
[  613150ms] [ERROR] ./src/app/dashboard/page.tsx:8:1
Export presetRange doesn't exist in target module
   6 | import { Select } from '@/components/ui/select'
   7 | import { StatCard } from '@/components/dashboard/stat-card'
>  8 | import {
     | ^^^^^^^
>  9 |   PeriodSelector,
     | ^^^^^^^^^^^^^^^^^
> 10 |   presetRange,
     | ^^^^^^^^^^^^^^
> 11 |   type PeriodPreset,
     | ^^^^^^^^^^^^^^^^^^^^
> 12 | } from '@/components/dashboard/period-selector'
     | ^^^^^^^^^^^^^^^^^^^^^^^^^^^^^^^^^^^^^^^^^^^^^^^
  13 | import { SpendingTrend } from '@/components/dashboard/spending-trend'
  14 | import { CategoryBreakdown } from '@/components/dashboard/category-breakdown'
  15 | import { TopMerchants } from '@/components/dashboard/top-merchants'

The export presetRange was not found in module [project]/src/components/dashboard/period-selector.tsx [app-client] (ecmascript).
Did you mean to import PeriodSelector?
All exports of the module are statically known (It doesn't have dynamic exports). So it's known statically that the requested export doesn't exist.

Import traces:
  Client Component Browser:
    ./src/app/dashboard/page.tsx [Client Component Browser]
    ./src/app/dashboard/page.tsx [Server Component]

  Client Component SSR:
    ./src/app/dashboard/page.tsx [Client Component SSR]
    ./src/app/dashboard/page.tsx [Server Component] @ http://localhost:3000/_next/static/chunks/node_modules_next_dist_20ud_8w._.js:2099
[  613150ms] [ERROR] ./src/app/dashboard/page.tsx:8:1
Export presetRange doesn't exist in target module
   6 | import { Select } from '@/components/ui/select'
   7 | import { StatCard } from '@/components/dashboard/stat-card'
>  8 | import {
     | ^^^^^^^
>  9 |   PeriodSelector,
     | ^^^^^^^^^^^^^^^^^
> 10 |   presetRange,
     | ^^^^^^^^^^^^^^
> 11 |   type PeriodPreset,
     | ^^^^^^^^^^^^^^^^^^^^
> 12 | } from '@/components/dashboard/period-selector'
     | ^^^^^^^^^^^^^^^^^^^^^^^^^^^^^^^^^^^^^^^^^^^^^^^
  13 | import { SpendingTrend } from '@/components/dashboard/spending-trend'
  14 | import { CategoryBreakdown } from '@/components/dashboard/category-breakdown'
  15 | import { TopMerchants } from '@/components/dashboard/top-merchants'

The export presetRange was not found in module [project]/src/components/dashboard/period-selector.tsx [app-ssr] (ecmascript).
Did you mean to import PeriodSelector?
All exports of the module are statically known (It doesn't have dynamic exports). So it's known statically that the requested export doesn't exist.

Import traces:
  Client Component Browser:
    ./src/app/dashboard/page.tsx [Client Component Browser]
    ./src/app/dashboard/page.tsx [Server Component]

  Client Component SSR:
    ./src/app/dashboard/page.tsx [Client Component SSR]
    ./src/app/dashboard/page.tsx [Server Component] @ http://localhost:3000/_next/static/chunks/node_modules_next_dist_20ud_8w._.js:2099
[  613213ms] [ERROR] ./src/app/dashboard/page.tsx:8:1
Export presetRange doesn't exist in target module
   6 | import { Select } from '@/components/ui/select'
   7 | import { StatCard } from '@/components/dashboard/stat-card'
>  8 | import {
     | ^^^^^^^
>  9 |   PeriodSelector,
     | ^^^^^^^^^^^^^^^^^
> 10 |   presetRange,
     | ^^^^^^^^^^^^^^
> 11 |   type PeriodPreset,
     | ^^^^^^^^^^^^^^^^^^^^
> 12 | } from '@/components/dashboard/period-selector'
     | ^^^^^^^^^^^^^^^^^^^^^^^^^^^^^^^^^^^^^^^^^^^^^^^
  13 | import { SpendingTrend } from '@/components/dashboard/spending-trend'
  14 | import { CategoryBreakdown } from '@/components/dashboard/category-breakdown'
  15 | import { TopMerchants } from '@/components/dashboard/top-merchants'

The export presetRange was not found in module [project]/src/components/dashboard/period-selector.tsx [app-client] (ecmascript).
Did you mean to import PeriodSelector?
All exports of the module are statically known (It doesn't have dynamic exports). So it's known statically that the requested export doesn't exist.

Import traces:
  Client Component Browser:
    ./src/app/dashboard/page.tsx [Client Component Browser]
    ./src/app/dashboard/page.tsx [Server Component]

  Client Component SSR:
    ./src/app/dashboard/page.tsx [Client Component SSR]
    ./src/app/dashboard/page.tsx [Server Component] @ http://localhost:3000/_next/static/chunks/node_modules_next_dist_20ud_8w._.js:2099
[  613214ms] [ERROR] ./src/app/dashboard/page.tsx:8:1
Export presetRange doesn't exist in target module
   6 | import { Select } from '@/components/ui/select'
   7 | import { StatCard } from '@/components/dashboard/stat-card'
>  8 | import {
     | ^^^^^^^
>  9 |   PeriodSelector,
     | ^^^^^^^^^^^^^^^^^
> 10 |   presetRange,
     | ^^^^^^^^^^^^^^
> 11 |   type PeriodPreset,
     | ^^^^^^^^^^^^^^^^^^^^
> 12 | } from '@/components/dashboard/period-selector'
     | ^^^^^^^^^^^^^^^^^^^^^^^^^^^^^^^^^^^^^^^^^^^^^^^
  13 | import { SpendingTrend } from '@/components/dashboard/spending-trend'
  14 | import { CategoryBreakdown } from '@/components/dashboard/category-breakdown'
  15 | import { TopMerchants } from '@/components/dashboard/top-merchants'

The export presetRange was not found in module [project]/src/components/dashboard/period-selector.tsx [app-ssr] (ecmascript).
Did you mean to import PeriodSelector?
All exports of the module are statically known (It doesn't have dynamic exports). So it's known statically that the requested export doesn't exist.

Import traces:
  Client Component Browser:
    ./src/app/dashboard/page.tsx [Client Component Browser]
    ./src/app/dashboard/page.tsx [Server Component]

  Client Component SSR:
    ./src/app/dashboard/page.tsx [Client Component SSR]
    ./src/app/dashboard/page.tsx [Server Component] @ http://localhost:3000/_next/static/chunks/node_modules_next_dist_20ud_8w._.js:2099
[  613274ms] [ERROR] ./src/app/dashboard/page.tsx:8:1
Export presetRange doesn't exist in target module
   6 | import { Select } from '@/components/ui/select'
   7 | import { StatCard } from '@/components/dashboard/stat-card'
>  8 | import {
     | ^^^^^^^
>  9 |   PeriodSelector,
     | ^^^^^^^^^^^^^^^^^
> 10 |   presetRange,
     | ^^^^^^^^^^^^^^
> 11 |   type PeriodPreset,
     | ^^^^^^^^^^^^^^^^^^^^
> 12 | } from '@/components/dashboard/period-selector'
     | ^^^^^^^^^^^^^^^^^^^^^^^^^^^^^^^^^^^^^^^^^^^^^^^
  13 | import { SpendingTrend } from '@/components/dashboard/spending-trend'
  14 | import { CategoryBreakdown } from '@/components/dashboard/category-breakdown'
  15 | import { TopMerchants } from '@/components/dashboard/top-merchants'

The export presetRange was not found in module [project]/src/components/dashboard/period-selector.tsx [app-client] (ecmascript).
Did you mean to import PeriodSelector?
All exports of the module are statically known (It doesn't have dynamic exports). So it's known statically that the requested export doesn't exist.

Import traces:
  Client Component Browser:
    ./src/app/dashboard/page.tsx [Client Component Browser]
    ./src/app/dashboard/page.tsx [Server Component]

  Client Component SSR:
    ./src/app/dashboard/page.tsx [Client Component SSR]
    ./src/app/dashboard/page.tsx [Server Component] @ http://localhost:3000/_next/static/chunks/node_modules_next_dist_20ud_8w._.js:2099
[  613274ms] [ERROR] ./src/app/dashboard/page.tsx:8:1
Export presetRange doesn't exist in target module
   6 | import { Select } from '@/components/ui/select'
   7 | import { StatCard } from '@/components/dashboard/stat-card'
>  8 | import {
     | ^^^^^^^
>  9 |   PeriodSelector,
     | ^^^^^^^^^^^^^^^^^
> 10 |   presetRange,
     | ^^^^^^^^^^^^^^
> 11 |   type PeriodPreset,
     | ^^^^^^^^^^^^^^^^^^^^
> 12 | } from '@/components/dashboard/period-selector'
     | ^^^^^^^^^^^^^^^^^^^^^^^^^^^^^^^^^^^^^^^^^^^^^^^
  13 | import { SpendingTrend } from '@/components/dashboard/spending-trend'
  14 | import { CategoryBreakdown } from '@/components/dashboard/category-breakdown'
  15 | import { TopMerchants } from '@/components/dashboard/top-merchants'

The export presetRange was not found in module [project]/src/components/dashboard/period-selector.tsx [app-ssr] (ecmascript).
Did you mean to import PeriodSelector?
All exports of the module are statically known (It doesn't have dynamic exports). So it's known statically that the requested export doesn't exist.

Import traces:
  Client Component Browser:
    ./src/app/dashboard/page.tsx [Client Component Browser]
    ./src/app/dashboard/page.tsx [Server Component]

  Client Component SSR:
    ./src/app/dashboard/page.tsx [Client Component SSR]
    ./src/app/dashboard/page.tsx [Server Component] @ http://localhost:3000/_next/static/chunks/node_modules_next_dist_20ud_8w._.js:2099
[  613336ms] [ERROR] ./src/app/dashboard/page.tsx:8:1
Export presetRange doesn't exist in target module
   6 | import { Select } from '@/components/ui/select'
   7 | import { StatCard } from '@/components/dashboard/stat-card'
>  8 | import {
     | ^^^^^^^
>  9 |   PeriodSelector,
     | ^^^^^^^^^^^^^^^^^
> 10 |   presetRange,
     | ^^^^^^^^^^^^^^
> 11 |   type PeriodPreset,
     | ^^^^^^^^^^^^^^^^^^^^
> 12 | } from '@/components/dashboard/period-selector'
     | ^^^^^^^^^^^^^^^^^^^^^^^^^^^^^^^^^^^^^^^^^^^^^^^
  13 | import { SpendingTrend } from '@/components/dashboard/spending-trend'
  14 | import { CategoryBreakdown } from '@/components/dashboard/category-breakdown'
  15 | import { TopMerchants } from '@/components/dashboard/top-merchants'

The export presetRange was not found in module [project]/src/components/dashboard/period-selector.tsx [app-client] (ecmascript).
Did you mean to import PeriodSelector?
All exports of the module are statically known (It doesn't have dynamic exports). So it's known statically that the requested export doesn't exist.

Import traces:
  Client Component Browser:
    ./src/app/dashboard/page.tsx [Client Component Browser]
    ./src/app/dashboard/page.tsx [Server Component]

  Client Component SSR:
    ./src/app/dashboard/page.tsx [Client Component SSR]
    ./src/app/dashboard/page.tsx [Server Component] @ http://localhost:3000/_next/static/chunks/node_modules_next_dist_20ud_8w._.js:2099
[  613336ms] [ERROR] ./src/app/dashboard/page.tsx:8:1
Export presetRange doesn't exist in target module
   6 | import { Select } from '@/components/ui/select'
   7 | import { StatCard } from '@/components/dashboard/stat-card'
>  8 | import {
     | ^^^^^^^
>  9 |   PeriodSelector,
     | ^^^^^^^^^^^^^^^^^
> 10 |   presetRange,
     | ^^^^^^^^^^^^^^
> 11 |   type PeriodPreset,
     | ^^^^^^^^^^^^^^^^^^^^
> 12 | } from '@/components/dashboard/period-selector'
     | ^^^^^^^^^^^^^^^^^^^^^^^^^^^^^^^^^^^^^^^^^^^^^^^
  13 | import { SpendingTrend } from '@/components/dashboard/spending-trend'
  14 | import { CategoryBreakdown } from '@/components/dashboard/category-breakdown'
  15 | import { TopMerchants } from '@/components/dashboard/top-merchants'

The export presetRange was not found in module [project]/src/components/dashboard/period-selector.tsx [app-ssr] (ecmascript).
Did you mean to import PeriodSelector?
All exports of the module are statically known (It doesn't have dynamic exports). So it's known statically that the requested export doesn't exist.

Import traces:
  Client Component Browser:
    ./src/app/dashboard/page.tsx [Client Component Browser]
    ./src/app/dashboard/page.tsx [Server Component]

  Client Component SSR:
    ./src/app/dashboard/page.tsx [Client Component SSR]
    ./src/app/dashboard/page.tsx [Server Component] @ http://localhost:3000/_next/static/chunks/node_modules_next_dist_20ud_8w._.js:2099
[  613397ms] [ERROR] ./src/app/dashboard/page.tsx:8:1
Export presetRange doesn't exist in target module
   6 | import { Select } from '@/components/ui/select'
   7 | import { StatCard } from '@/components/dashboard/stat-card'
>  8 | import {
     | ^^^^^^^
>  9 |   PeriodSelector,
     | ^^^^^^^^^^^^^^^^^
> 10 |   presetRange,
     | ^^^^^^^^^^^^^^
> 11 |   type PeriodPreset,
     | ^^^^^^^^^^^^^^^^^^^^
> 12 | } from '@/components/dashboard/period-selector'
     | ^^^^^^^^^^^^^^^^^^^^^^^^^^^^^^^^^^^^^^^^^^^^^^^
  13 | import { SpendingTrend } from '@/components/dashboard/spending-trend'
  14 | import { CategoryBreakdown } from '@/components/dashboard/category-breakdown'
  15 | import { TopMerchants } from '@/components/dashboard/top-merchants'

The export presetRange was not found in module [project]/src/components/dashboard/period-selector.tsx [app-client] (ecmascript).
Did you mean to import PeriodSelector?
All exports of the module are statically known (It doesn't have dynamic exports). So it's known statically that the requested export doesn't exist.

Import traces:
  Client Component Browser:
    ./src/app/dashboard/page.tsx [Client Component Browser]
    ./src/app/dashboard/page.tsx [Server Component]

  Client Component SSR:
    ./src/app/dashboard/page.tsx [Client Component SSR]
    ./src/app/dashboard/page.tsx [Server Component] @ http://localhost:3000/_next/static/chunks/node_modules_next_dist_20ud_8w._.js:2099
[  613397ms] [ERROR] ./src/app/dashboard/page.tsx:8:1
Export presetRange doesn't exist in target module
   6 | import { Select } from '@/components/ui/select'
   7 | import { StatCard } from '@/components/dashboard/stat-card'
>  8 | import {
     | ^^^^^^^
>  9 |   PeriodSelector,
     | ^^^^^^^^^^^^^^^^^
> 10 |   presetRange,
     | ^^^^^^^^^^^^^^
> 11 |   type PeriodPreset,
     | ^^^^^^^^^^^^^^^^^^^^
> 12 | } from '@/components/dashboard/period-selector'
     | ^^^^^^^^^^^^^^^^^^^^^^^^^^^^^^^^^^^^^^^^^^^^^^^
  13 | import { SpendingTrend } from '@/components/dashboard/spending-trend'
  14 | import { CategoryBreakdown } from '@/components/dashboard/category-breakdown'
  15 | import { TopMerchants } from '@/components/dashboard/top-merchants'

The export presetRange was not found in module [project]/src/components/dashboard/period-selector.tsx [app-ssr] (ecmascript).
Did you mean to import PeriodSelector?
All exports of the module are statically known (It doesn't have dynamic exports). So it's known statically that the requested export doesn't exist.

Import traces:
  Client Component Browser:
    ./src/app/dashboard/page.tsx [Client Component Browser]
    ./src/app/dashboard/page.tsx [Server Component]

  Client Component SSR:
    ./src/app/dashboard/page.tsx [Client Component SSR]
    ./src/app/dashboard/page.tsx [Server Component] @ http://localhost:3000/_next/static/chunks/node_modules_next_dist_20ud_8w._.js:2099
[  613458ms] [ERROR] ./src/app/dashboard/page.tsx:8:1
Export presetRange doesn't exist in target module
   6 | import { Select } from '@/components/ui/select'
   7 | import { StatCard } from '@/components/dashboard/stat-card'
>  8 | import {
     | ^^^^^^^
>  9 |   PeriodSelector,
     | ^^^^^^^^^^^^^^^^^
> 10 |   presetRange,
     | ^^^^^^^^^^^^^^
> 11 |   type PeriodPreset,
     | ^^^^^^^^^^^^^^^^^^^^
> 12 | } from '@/components/dashboard/period-selector'
     | ^^^^^^^^^^^^^^^^^^^^^^^^^^^^^^^^^^^^^^^^^^^^^^^
  13 | import { SpendingTrend } from '@/components/dashboard/spending-trend'
  14 | import { CategoryBreakdown } from '@/components/dashboard/category-breakdown'
  15 | import { TopMerchants } from '@/components/dashboard/top-merchants'

The export presetRange was not found in module [project]/src/components/dashboard/period-selector.tsx [app-client] (ecmascript).
Did you mean to import PeriodSelector?
All exports of the module are statically known (It doesn't have dynamic exports). So it's known statically that the requested export doesn't exist.

Import traces:
  Client Component Browser:
    ./src/app/dashboard/page.tsx [Client Component Browser]
    ./src/app/dashboard/page.tsx [Server Component]

  Client Component SSR:
    ./src/app/dashboard/page.tsx [Client Component SSR]
    ./src/app/dashboard/page.tsx [Server Component] @ http://localhost:3000/_next/static/chunks/node_modules_next_dist_20ud_8w._.js:2099
[  613458ms] [ERROR] ./src/app/dashboard/page.tsx:8:1
Export presetRange doesn't exist in target module
   6 | import { Select } from '@/components/ui/select'
   7 | import { StatCard } from '@/components/dashboard/stat-card'
>  8 | import {
     | ^^^^^^^
>  9 |   PeriodSelector,
     | ^^^^^^^^^^^^^^^^^
> 10 |   presetRange,
     | ^^^^^^^^^^^^^^
> 11 |   type PeriodPreset,
     | ^^^^^^^^^^^^^^^^^^^^
> 12 | } from '@/components/dashboard/period-selector'
     | ^^^^^^^^^^^^^^^^^^^^^^^^^^^^^^^^^^^^^^^^^^^^^^^
  13 | import { SpendingTrend } from '@/components/dashboard/spending-trend'
  14 | import { CategoryBreakdown } from '@/components/dashboard/category-breakdown'
  15 | import { TopMerchants } from '@/components/dashboard/top-merchants'

The export presetRange was not found in module [project]/src/components/dashboard/period-selector.tsx [app-ssr] (ecmascript).
Did you mean to import PeriodSelector?
All exports of the module are statically known (It doesn't have dynamic exports). So it's known statically that the requested export doesn't exist.

Import traces:
  Client Component Browser:
    ./src/app/dashboard/page.tsx [Client Component Browser]
    ./src/app/dashboard/page.tsx [Server Component]

  Client Component SSR:
    ./src/app/dashboard/page.tsx [Client Component SSR]
    ./src/app/dashboard/page.tsx [Server Component] @ http://localhost:3000/_next/static/chunks/node_modules_next_dist_20ud_8w._.js:2099
[  613521ms] [ERROR] ./src/app/dashboard/page.tsx:8:1
Export presetRange doesn't exist in target module
   6 | import { Select } from '@/components/ui/select'
   7 | import { StatCard } from '@/components/dashboard/stat-card'
>  8 | import {
     | ^^^^^^^
>  9 |   PeriodSelector,
     | ^^^^^^^^^^^^^^^^^
> 10 |   presetRange,
     | ^^^^^^^^^^^^^^
> 11 |   type PeriodPreset,
     | ^^^^^^^^^^^^^^^^^^^^
> 12 | } from '@/components/dashboard/period-selector'
     | ^^^^^^^^^^^^^^^^^^^^^^^^^^^^^^^^^^^^^^^^^^^^^^^
  13 | import { SpendingTrend } from '@/components/dashboard/spending-trend'
  14 | import { CategoryBreakdown } from '@/components/dashboard/category-breakdown'
  15 | import { TopMerchants } from '@/components/dashboard/top-merchants'

The export presetRange was not found in module [project]/src/components/dashboard/period-selector.tsx [app-client] (ecmascript).
Did you mean to import PeriodSelector?
All exports of the module are statically known (It doesn't have dynamic exports). So it's known statically that the requested export doesn't exist.

Import traces:
  Client Component Browser:
    ./src/app/dashboard/page.tsx [Client Component Browser]
    ./src/app/dashboard/page.tsx [Server Component]

  Client Component SSR:
    ./src/app/dashboard/page.tsx [Client Component SSR]
    ./src/app/dashboard/page.tsx [Server Component] @ http://localhost:3000/_next/static/chunks/node_modules_next_dist_20ud_8w._.js:2099
[  613521ms] [ERROR] ./src/app/dashboard/page.tsx:8:1
Export presetRange doesn't exist in target module
   6 | import { Select } from '@/components/ui/select'
   7 | import { StatCard } from '@/components/dashboard/stat-card'
>  8 | import {
     | ^^^^^^^
>  9 |   PeriodSelector,
     | ^^^^^^^^^^^^^^^^^
> 10 |   presetRange,
     | ^^^^^^^^^^^^^^
> 11 |   type PeriodPreset,
     | ^^^^^^^^^^^^^^^^^^^^
> 12 | } from '@/components/dashboard/period-selector'
     | ^^^^^^^^^^^^^^^^^^^^^^^^^^^^^^^^^^^^^^^^^^^^^^^
  13 | import { SpendingTrend } from '@/components/dashboard/spending-trend'
  14 | import { CategoryBreakdown } from '@/components/dashboard/category-breakdown'
  15 | import { TopMerchants } from '@/components/dashboard/top-merchants'

The export presetRange was not found in module [project]/src/components/dashboard/period-selector.tsx [app-ssr] (ecmascript).
Did you mean to import PeriodSelector?
All exports of the module are statically known (It doesn't have dynamic exports). So it's known statically that the requested export doesn't exist.

Import traces:
  Client Component Browser:
    ./src/app/dashboard/page.tsx [Client Component Browser]
    ./src/app/dashboard/page.tsx [Server Component]

  Client Component SSR:
    ./src/app/dashboard/page.tsx [Client Component SSR]
    ./src/app/dashboard/page.tsx [Server Component] @ http://localhost:3000/_next/static/chunks/node_modules_next_dist_20ud_8w._.js:2099
[  613582ms] [ERROR] ./src/app/dashboard/page.tsx:8:1
Export presetRange doesn't exist in target module
   6 | import { Select } from '@/components/ui/select'
   7 | import { StatCard } from '@/components/dashboard/stat-card'
>  8 | import {
     | ^^^^^^^
>  9 |   PeriodSelector,
     | ^^^^^^^^^^^^^^^^^
> 10 |   presetRange,
     | ^^^^^^^^^^^^^^
> 11 |   type PeriodPreset,
     | ^^^^^^^^^^^^^^^^^^^^
> 12 | } from '@/components/dashboard/period-selector'
     | ^^^^^^^^^^^^^^^^^^^^^^^^^^^^^^^^^^^^^^^^^^^^^^^
  13 | import { SpendingTrend } from '@/components/dashboard/spending-trend'
  14 | import { CategoryBreakdown } from '@/components/dashboard/category-breakdown'
  15 | import { TopMerchants } from '@/components/dashboard/top-merchants'

The export presetRange was not found in module [project]/src/components/dashboard/period-selector.tsx [app-client] (ecmascript).
Did you mean to import PeriodSelector?
All exports of the module are statically known (It doesn't have dynamic exports). So it's known statically that the requested export doesn't exist.

Import traces:
  Client Component Browser:
    ./src/app/dashboard/page.tsx [Client Component Browser]
    ./src/app/dashboard/page.tsx [Server Component]

  Client Component SSR:
    ./src/app/dashboard/page.tsx [Client Component SSR]
    ./src/app/dashboard/page.tsx [Server Component] @ http://localhost:3000/_next/static/chunks/node_modules_next_dist_20ud_8w._.js:2099
[  613583ms] [ERROR] ./src/app/dashboard/page.tsx:8:1
Export presetRange doesn't exist in target module
   6 | import { Select } from '@/components/ui/select'
   7 | import { StatCard } from '@/components/dashboard/stat-card'
>  8 | import {
     | ^^^^^^^
>  9 |   PeriodSelector,
     | ^^^^^^^^^^^^^^^^^
> 10 |   presetRange,
     | ^^^^^^^^^^^^^^
> 11 |   type PeriodPreset,
     | ^^^^^^^^^^^^^^^^^^^^
> 12 | } from '@/components/dashboard/period-selector'
     | ^^^^^^^^^^^^^^^^^^^^^^^^^^^^^^^^^^^^^^^^^^^^^^^
  13 | import { SpendingTrend } from '@/components/dashboard/spending-trend'
  14 | import { CategoryBreakdown } from '@/components/dashboard/category-breakdown'
  15 | import { TopMerchants } from '@/components/dashboard/top-merchants'

The export presetRange was not found in module [project]/src/components/dashboard/period-selector.tsx [app-ssr] (ecmascript).
Did you mean to import PeriodSelector?
All exports of the module are statically known (It doesn't have dynamic exports). So it's known statically that the requested export doesn't exist.

Import traces:
  Client Component Browser:
    ./src/app/dashboard/page.tsx [Client Component Browser]
    ./src/app/dashboard/page.tsx [Server Component]

  Client Component SSR:
    ./src/app/dashboard/page.tsx [Client Component SSR]
    ./src/app/dashboard/page.tsx [Server Component] @ http://localhost:3000/_next/static/chunks/node_modules_next_dist_20ud_8w._.js:2099
[  613644ms] [ERROR] ./src/app/dashboard/page.tsx:8:1
Export presetRange doesn't exist in target module
   6 | import { Select } from '@/components/ui/select'
   7 | import { StatCard } from '@/components/dashboard/stat-card'
>  8 | import {
     | ^^^^^^^
>  9 |   PeriodSelector,
     | ^^^^^^^^^^^^^^^^^
> 10 |   presetRange,
     | ^^^^^^^^^^^^^^
> 11 |   type PeriodPreset,
     | ^^^^^^^^^^^^^^^^^^^^
> 12 | } from '@/components/dashboard/period-selector'
     | ^^^^^^^^^^^^^^^^^^^^^^^^^^^^^^^^^^^^^^^^^^^^^^^
  13 | import { SpendingTrend } from '@/components/dashboard/spending-trend'
  14 | import { CategoryBreakdown } from '@/components/dashboard/category-breakdown'
  15 | import { TopMerchants } from '@/components/dashboard/top-merchants'

The export presetRange was not found in module [project]/src/components/dashboard/period-selector.tsx [app-client] (ecmascript).
Did you mean to import PeriodSelector?
All exports of the module are statically known (It doesn't have dynamic exports). So it's known statically that the requested export doesn't exist.

Import traces:
  Client Component Browser:
    ./src/app/dashboard/page.tsx [Client Component Browser]
    ./src/app/dashboard/page.tsx [Server Component]

  Client Component SSR:
    ./src/app/dashboard/page.tsx [Client Component SSR]
    ./src/app/dashboard/page.tsx [Server Component] @ http://localhost:3000/_next/static/chunks/node_modules_next_dist_20ud_8w._.js:2099
[  613645ms] [ERROR] ./src/app/dashboard/page.tsx:8:1
Export presetRange doesn't exist in target module
   6 | import { Select } from '@/components/ui/select'
   7 | import { StatCard } from '@/components/dashboard/stat-card'
>  8 | import {
     | ^^^^^^^
>  9 |   PeriodSelector,
     | ^^^^^^^^^^^^^^^^^
> 10 |   presetRange,
     | ^^^^^^^^^^^^^^
> 11 |   type PeriodPreset,
     | ^^^^^^^^^^^^^^^^^^^^
> 12 | } from '@/components/dashboard/period-selector'
     | ^^^^^^^^^^^^^^^^^^^^^^^^^^^^^^^^^^^^^^^^^^^^^^^
  13 | import { SpendingTrend } from '@/components/dashboard/spending-trend'
  14 | import { CategoryBreakdown } from '@/components/dashboard/category-breakdown'
  15 | import { TopMerchants } from '@/components/dashboard/top-merchants'

The export presetRange was not found in module [project]/src/components/dashboard/period-selector.tsx [app-ssr] (ecmascript).
Did you mean to import PeriodSelector?
All exports of the module are statically known (It doesn't have dynamic exports). So it's known statically that the requested export doesn't exist.

Import traces:
  Client Component Browser:
    ./src/app/dashboard/page.tsx [Client Component Browser]
    ./src/app/dashboard/page.tsx [Server Component]

  Client Component SSR:
    ./src/app/dashboard/page.tsx [Client Component SSR]
    ./src/app/dashboard/page.tsx [Server Component] @ http://localhost:3000/_next/static/chunks/node_modules_next_dist_20ud_8w._.js:2099
[  613707ms] [ERROR] ./src/app/dashboard/page.tsx:8:1
Export presetRange doesn't exist in target module
   6 | import { Select } from '@/components/ui/select'
   7 | import { StatCard } from '@/components/dashboard/stat-card'
>  8 | import {
     | ^^^^^^^
>  9 |   PeriodSelector,
     | ^^^^^^^^^^^^^^^^^
> 10 |   presetRange,
     | ^^^^^^^^^^^^^^
> 11 |   type PeriodPreset,
     | ^^^^^^^^^^^^^^^^^^^^
> 12 | } from '@/components/dashboard/period-selector'
     | ^^^^^^^^^^^^^^^^^^^^^^^^^^^^^^^^^^^^^^^^^^^^^^^
  13 | import { SpendingTrend } from '@/components/dashboard/spending-trend'
  14 | import { CategoryBreakdown } from '@/components/dashboard/category-breakdown'
  15 | import { TopMerchants } from '@/components/dashboard/top-merchants'

The export presetRange was not found in module [project]/src/components/dashboard/period-selector.tsx [app-client] (ecmascript).
Did you mean to import PeriodSelector?
All exports of the module are statically known (It doesn't have dynamic exports). So it's known statically that the requested export doesn't exist.

Import traces:
  Client Component Browser:
    ./src/app/dashboard/page.tsx [Client Component Browser]
    ./src/app/dashboard/page.tsx [Server Component]

  Client Component SSR:
    ./src/app/dashboard/page.tsx [Client Component SSR]
    ./src/app/dashboard/page.tsx [Server Component] @ http://localhost:3000/_next/static/chunks/node_modules_next_dist_20ud_8w._.js:2099
[  613708ms] [ERROR] ./src/app/dashboard/page.tsx:8:1
Export presetRange doesn't exist in target module
   6 | import { Select } from '@/components/ui/select'
   7 | import { StatCard } from '@/components/dashboard/stat-card'
>  8 | import {
     | ^^^^^^^
>  9 |   PeriodSelector,
     | ^^^^^^^^^^^^^^^^^
> 10 |   presetRange,
     | ^^^^^^^^^^^^^^
> 11 |   type PeriodPreset,
     | ^^^^^^^^^^^^^^^^^^^^
> 12 | } from '@/components/dashboard/period-selector'
     | ^^^^^^^^^^^^^^^^^^^^^^^^^^^^^^^^^^^^^^^^^^^^^^^
  13 | import { SpendingTrend } from '@/components/dashboard/spending-trend'
  14 | import { CategoryBreakdown } from '@/components/dashboard/category-breakdown'
  15 | import { TopMerchants } from '@/components/dashboard/top-merchants'

The export presetRange was not found in module [project]/src/components/dashboard/period-selector.tsx [app-ssr] (ecmascript).
Did you mean to import PeriodSelector?
All exports of the module are statically known (It doesn't have dynamic exports). So it's known statically that the requested export doesn't exist.

Import traces:
  Client Component Browser:
    ./src/app/dashboard/page.tsx [Client Component Browser]
    ./src/app/dashboard/page.tsx [Server Component]

  Client Component SSR:
    ./src/app/dashboard/page.tsx [Client Component SSR]
    ./src/app/dashboard/page.tsx [Server Component] @ http://localhost:3000/_next/static/chunks/node_modules_next_dist_20ud_8w._.js:2099
[  613768ms] [ERROR] ./src/app/dashboard/page.tsx:8:1
Export presetRange doesn't exist in target module
   6 | import { Select } from '@/components/ui/select'
   7 | import { StatCard } from '@/components/dashboard/stat-card'
>  8 | import {
     | ^^^^^^^
>  9 |   PeriodSelector,
     | ^^^^^^^^^^^^^^^^^
> 10 |   presetRange,
     | ^^^^^^^^^^^^^^
> 11 |   type PeriodPreset,
     | ^^^^^^^^^^^^^^^^^^^^
> 12 | } from '@/components/dashboard/period-selector'
     | ^^^^^^^^^^^^^^^^^^^^^^^^^^^^^^^^^^^^^^^^^^^^^^^
  13 | import { SpendingTrend } from '@/components/dashboard/spending-trend'
  14 | import { CategoryBreakdown } from '@/components/dashboard/category-breakdown'
  15 | import { TopMerchants } from '@/components/dashboard/top-merchants'

The export presetRange was not found in module [project]/src/components/dashboard/period-selector.tsx [app-client] (ecmascript).
Did you mean to import PeriodSelector?
All exports of the module are statically known (It doesn't have dynamic exports). So it's known statically that the requested export doesn't exist.

Import traces:
  Client Component Browser:
    ./src/app/dashboard/page.tsx [Client Component Browser]
    ./src/app/dashboard/page.tsx [Server Component]

  Client Component SSR:
    ./src/app/dashboard/page.tsx [Client Component SSR]
    ./src/app/dashboard/page.tsx [Server Component] @ http://localhost:3000/_next/static/chunks/node_modules_next_dist_20ud_8w._.js:2099
[  613768ms] [ERROR] ./src/app/dashboard/page.tsx:8:1
Export presetRange doesn't exist in target module
   6 | import { Select } from '@/components/ui/select'
   7 | import { StatCard } from '@/components/dashboard/stat-card'
>  8 | import {
     | ^^^^^^^
>  9 |   PeriodSelector,
     | ^^^^^^^^^^^^^^^^^
> 10 |   presetRange,
     | ^^^^^^^^^^^^^^
> 11 |   type PeriodPreset,
     | ^^^^^^^^^^^^^^^^^^^^
> 12 | } from '@/components/dashboard/period-selector'
     | ^^^^^^^^^^^^^^^^^^^^^^^^^^^^^^^^^^^^^^^^^^^^^^^
  13 | import { SpendingTrend } from '@/components/dashboard/spending-trend'
  14 | import { CategoryBreakdown } from '@/components/dashboard/category-breakdown'
  15 | import { TopMerchants } from '@/components/dashboard/top-merchants'

The export presetRange was not found in module [project]/src/components/dashboard/period-selector.tsx [app-ssr] (ecmascript).
Did you mean to import PeriodSelector?
All exports of the module are statically known (It doesn't have dynamic exports). So it's known statically that the requested export doesn't exist.

Import traces:
  Client Component Browser:
    ./src/app/dashboard/page.tsx [Client Component Browser]
    ./src/app/dashboard/page.tsx [Server Component]

  Client Component SSR:
    ./src/app/dashboard/page.tsx [Client Component SSR]
    ./src/app/dashboard/page.tsx [Server Component] @ http://localhost:3000/_next/static/chunks/node_modules_next_dist_20ud_8w._.js:2099
[  613829ms] [ERROR] ./src/app/dashboard/page.tsx:8:1
Export presetRange doesn't exist in target module
   6 | import { Select } from '@/components/ui/select'
   7 | import { StatCard } from '@/components/dashboard/stat-card'
>  8 | import {
     | ^^^^^^^
>  9 |   PeriodSelector,
     | ^^^^^^^^^^^^^^^^^
> 10 |   presetRange,
     | ^^^^^^^^^^^^^^
> 11 |   type PeriodPreset,
     | ^^^^^^^^^^^^^^^^^^^^
> 12 | } from '@/components/dashboard/period-selector'
     | ^^^^^^^^^^^^^^^^^^^^^^^^^^^^^^^^^^^^^^^^^^^^^^^
  13 | import { SpendingTrend } from '@/components/dashboard/spending-trend'
  14 | import { CategoryBreakdown } from '@/components/dashboard/category-breakdown'
  15 | import { TopMerchants } from '@/components/dashboard/top-merchants'

The export presetRange was not found in module [project]/src/components/dashboard/period-selector.tsx [app-client] (ecmascript).
Did you mean to import PeriodSelector?
All exports of the module are statically known (It doesn't have dynamic exports). So it's known statically that the requested export doesn't exist.

Import traces:
  Client Component Browser:
    ./src/app/dashboard/page.tsx [Client Component Browser]
    ./src/app/dashboard/page.tsx [Server Component]

  Client Component SSR:
    ./src/app/dashboard/page.tsx [Client Component SSR]
    ./src/app/dashboard/page.tsx [Server Component] @ http://localhost:3000/_next/static/chunks/node_modules_next_dist_20ud_8w._.js:2099
[  613829ms] [ERROR] ./src/app/dashboard/page.tsx:8:1
Export presetRange doesn't exist in target module
   6 | import { Select } from '@/components/ui/select'
   7 | import { StatCard } from '@/components/dashboard/stat-card'
>  8 | import {
     | ^^^^^^^
>  9 |   PeriodSelector,
     | ^^^^^^^^^^^^^^^^^
> 10 |   presetRange,
     | ^^^^^^^^^^^^^^
> 11 |   type PeriodPreset,
     | ^^^^^^^^^^^^^^^^^^^^
> 12 | } from '@/components/dashboard/period-selector'
     | ^^^^^^^^^^^^^^^^^^^^^^^^^^^^^^^^^^^^^^^^^^^^^^^
  13 | import { SpendingTrend } from '@/components/dashboard/spending-trend'
  14 | import { CategoryBreakdown } from '@/components/dashboard/category-breakdown'
  15 | import { TopMerchants } from '@/components/dashboard/top-merchants'

The export presetRange was not found in module [project]/src/components/dashboard/period-selector.tsx [app-ssr] (ecmascript).
Did you mean to import PeriodSelector?
All exports of the module are statically known (It doesn't have dynamic exports). So it's known statically that the requested export doesn't exist.

Import traces:
  Client Component Browser:
    ./src/app/dashboard/page.tsx [Client Component Browser]
    ./src/app/dashboard/page.tsx [Server Component]

  Client Component SSR:
    ./src/app/dashboard/page.tsx [Client Component SSR]
    ./src/app/dashboard/page.tsx [Server Component] @ http://localhost:3000/_next/static/chunks/node_modules_next_dist_20ud_8w._.js:2099
[  613891ms] [ERROR] ./src/app/dashboard/page.tsx:8:1
Export presetRange doesn't exist in target module
   6 | import { Select } from '@/components/ui/select'
   7 | import { StatCard } from '@/components/dashboard/stat-card'
>  8 | import {
     | ^^^^^^^
>  9 |   PeriodSelector,
     | ^^^^^^^^^^^^^^^^^
> 10 |   presetRange,
     | ^^^^^^^^^^^^^^
> 11 |   type PeriodPreset,
     | ^^^^^^^^^^^^^^^^^^^^
> 12 | } from '@/components/dashboard/period-selector'
     | ^^^^^^^^^^^^^^^^^^^^^^^^^^^^^^^^^^^^^^^^^^^^^^^
  13 | import { SpendingTrend } from '@/components/dashboard/spending-trend'
  14 | import { CategoryBreakdown } from '@/components/dashboard/category-breakdown'
  15 | import { TopMerchants } from '@/components/dashboard/top-merchants'

The export presetRange was not found in module [project]/src/components/dashboard/period-selector.tsx [app-client] (ecmascript).
Did you mean to import PeriodSelector?
All exports of the module are statically known (It doesn't have dynamic exports). So it's known statically that the requested export doesn't exist.

Import traces:
  Client Component Browser:
    ./src/app/dashboard/page.tsx [Client Component Browser]
    ./src/app/dashboard/page.tsx [Server Component]

  Client Component SSR:
    ./src/app/dashboard/page.tsx [Client Component SSR]
    ./src/app/dashboard/page.tsx [Server Component] @ http://localhost:3000/_next/static/chunks/node_modules_next_dist_20ud_8w._.js:2099
[  613891ms] [ERROR] ./src/app/dashboard/page.tsx:8:1
Export presetRange doesn't exist in target module
   6 | import { Select } from '@/components/ui/select'
   7 | import { StatCard } from '@/components/dashboard/stat-card'
>  8 | import {
     | ^^^^^^^
>  9 |   PeriodSelector,
     | ^^^^^^^^^^^^^^^^^
> 10 |   presetRange,
     | ^^^^^^^^^^^^^^
> 11 |   type PeriodPreset,
     | ^^^^^^^^^^^^^^^^^^^^
> 12 | } from '@/components/dashboard/period-selector'
     | ^^^^^^^^^^^^^^^^^^^^^^^^^^^^^^^^^^^^^^^^^^^^^^^
  13 | import { SpendingTrend } from '@/components/dashboard/spending-trend'
  14 | import { CategoryBreakdown } from '@/components/dashboard/category-breakdown'
  15 | import { TopMerchants } from '@/components/dashboard/top-merchants'

The export presetRange was not found in module [project]/src/components/dashboard/period-selector.tsx [app-ssr] (ecmascript).
Did you mean to import PeriodSelector?
All exports of the module are statically known (It doesn't have dynamic exports). So it's known statically that the requested export doesn't exist.

Import traces:
  Client Component Browser:
    ./src/app/dashboard/page.tsx [Client Component Browser]
    ./src/app/dashboard/page.tsx [Server Component]

  Client Component SSR:
    ./src/app/dashboard/page.tsx [Client Component SSR]
    ./src/app/dashboard/page.tsx [Server Component] @ http://localhost:3000/_next/static/chunks/node_modules_next_dist_20ud_8w._.js:2099
[  613953ms] [ERROR] ./src/app/dashboard/page.tsx:8:1
Export presetRange doesn't exist in target module
   6 | import { Select } from '@/components/ui/select'
   7 | import { StatCard } from '@/components/dashboard/stat-card'
>  8 | import {
     | ^^^^^^^
>  9 |   PeriodSelector,
     | ^^^^^^^^^^^^^^^^^
> 10 |   presetRange,
     | ^^^^^^^^^^^^^^
> 11 |   type PeriodPreset,
     | ^^^^^^^^^^^^^^^^^^^^
> 12 | } from '@/components/dashboard/period-selector'
     | ^^^^^^^^^^^^^^^^^^^^^^^^^^^^^^^^^^^^^^^^^^^^^^^
  13 | import { SpendingTrend } from '@/components/dashboard/spending-trend'
  14 | import { CategoryBreakdown } from '@/components/dashboard/category-breakdown'
  15 | import { TopMerchants } from '@/components/dashboard/top-merchants'

The export presetRange was not found in module [project]/src/components/dashboard/period-selector.tsx [app-client] (ecmascript).
Did you mean to import PeriodSelector?
All exports of the module are statically known (It doesn't have dynamic exports). So it's known statically that the requested export doesn't exist.

Import traces:
  Client Component Browser:
    ./src/app/dashboard/page.tsx [Client Component Browser]
    ./src/app/dashboard/page.tsx [Server Component]

  Client Component SSR:
    ./src/app/dashboard/page.tsx [Client Component SSR]
    ./src/app/dashboard/page.tsx [Server Component] @ http://localhost:3000/_next/static/chunks/node_modules_next_dist_20ud_8w._.js:2099
[  613953ms] [ERROR] ./src/app/dashboard/page.tsx:8:1
Export presetRange doesn't exist in target module
   6 | import { Select } from '@/components/ui/select'
   7 | import { StatCard } from '@/components/dashboard/stat-card'
>  8 | import {
     | ^^^^^^^
>  9 |   PeriodSelector,
     | ^^^^^^^^^^^^^^^^^
> 10 |   presetRange,
     | ^^^^^^^^^^^^^^
> 11 |   type PeriodPreset,
     | ^^^^^^^^^^^^^^^^^^^^
> 12 | } from '@/components/dashboard/period-selector'
     | ^^^^^^^^^^^^^^^^^^^^^^^^^^^^^^^^^^^^^^^^^^^^^^^
  13 | import { SpendingTrend } from '@/components/dashboard/spending-trend'
  14 | import { CategoryBreakdown } from '@/components/dashboard/category-breakdown'
  15 | import { TopMerchants } from '@/components/dashboard/top-merchants'

The export presetRange was not found in module [project]/src/components/dashboard/period-selector.tsx [app-ssr] (ecmascript).
Did you mean to import PeriodSelector?
All exports of the module are statically known (It doesn't have dynamic exports). So it's known statically that the requested export doesn't exist.

Import traces:
  Client Component Browser:
    ./src/app/dashboard/page.tsx [Client Component Browser]
    ./src/app/dashboard/page.tsx [Server Component]

  Client Component SSR:
    ./src/app/dashboard/page.tsx [Client Component SSR]
    ./src/app/dashboard/page.tsx [Server Component] @ http://localhost:3000/_next/static/chunks/node_modules_next_dist_20ud_8w._.js:2099
[  614017ms] [ERROR] ./src/app/dashboard/page.tsx:8:1
Export presetRange doesn't exist in target module
   6 | import { Select } from '@/components/ui/select'
   7 | import { StatCard } from '@/components/dashboard/stat-card'
>  8 | import {
     | ^^^^^^^
>  9 |   PeriodSelector,
     | ^^^^^^^^^^^^^^^^^
> 10 |   presetRange,
     | ^^^^^^^^^^^^^^
> 11 |   type PeriodPreset,
     | ^^^^^^^^^^^^^^^^^^^^
> 12 | } from '@/components/dashboard/period-selector'
     | ^^^^^^^^^^^^^^^^^^^^^^^^^^^^^^^^^^^^^^^^^^^^^^^
  13 | import { SpendingTrend } from '@/components/dashboard/spending-trend'
  14 | import { CategoryBreakdown } from '@/components/dashboard/category-breakdown'
  15 | import { TopMerchants } from '@/components/dashboard/top-merchants'

The export presetRange was not found in module [project]/src/components/dashboard/period-selector.tsx [app-client] (ecmascript).
Did you mean to import PeriodSelector?
All exports of the module are statically known (It doesn't have dynamic exports). So it's known statically that the requested export doesn't exist.

Import traces:
  Client Component Browser:
    ./src/app/dashboard/page.tsx [Client Component Browser]
    ./src/app/dashboard/page.tsx [Server Component]

  Client Component SSR:
    ./src/app/dashboard/page.tsx [Client Component SSR]
    ./src/app/dashboard/page.tsx [Server Component] @ http://localhost:3000/_next/static/chunks/node_modules_next_dist_20ud_8w._.js:2099
[  614017ms] [ERROR] ./src/app/dashboard/page.tsx:8:1
Export presetRange doesn't exist in target module
   6 | import { Select } from '@/components/ui/select'
   7 | import { StatCard } from '@/components/dashboard/stat-card'
>  8 | import {
     | ^^^^^^^
>  9 |   PeriodSelector,
     | ^^^^^^^^^^^^^^^^^
> 10 |   presetRange,
     | ^^^^^^^^^^^^^^
> 11 |   type PeriodPreset,
     | ^^^^^^^^^^^^^^^^^^^^
> 12 | } from '@/components/dashboard/period-selector'
     | ^^^^^^^^^^^^^^^^^^^^^^^^^^^^^^^^^^^^^^^^^^^^^^^
  13 | import { SpendingTrend } from '@/components/dashboard/spending-trend'
  14 | import { CategoryBreakdown } from '@/components/dashboard/category-breakdown'
  15 | import { TopMerchants } from '@/components/dashboard/top-merchants'

The export presetRange was not found in module [project]/src/components/dashboard/period-selector.tsx [app-ssr] (ecmascript).
Did you mean to import PeriodSelector?
All exports of the module are statically known (It doesn't have dynamic exports). So it's known statically that the requested export doesn't exist.

Import traces:
  Client Component Browser:
    ./src/app/dashboard/page.tsx [Client Component Browser]
    ./src/app/dashboard/page.tsx [Server Component]

  Client Component SSR:
    ./src/app/dashboard/page.tsx [Client Component SSR]
    ./src/app/dashboard/page.tsx [Server Component] @ http://localhost:3000/_next/static/chunks/node_modules_next_dist_20ud_8w._.js:2099
[  614080ms] [ERROR] ./src/app/dashboard/page.tsx:8:1
Export presetRange doesn't exist in target module
   6 | import { Select } from '@/components/ui/select'
   7 | import { StatCard } from '@/components/dashboard/stat-card'
>  8 | import {
     | ^^^^^^^
>  9 |   PeriodSelector,
     | ^^^^^^^^^^^^^^^^^
> 10 |   presetRange,
     | ^^^^^^^^^^^^^^
> 11 |   type PeriodPreset,
     | ^^^^^^^^^^^^^^^^^^^^
> 12 | } from '@/components/dashboard/period-selector'
     | ^^^^^^^^^^^^^^^^^^^^^^^^^^^^^^^^^^^^^^^^^^^^^^^
  13 | import { SpendingTrend } from '@/components/dashboard/spending-trend'
  14 | import { CategoryBreakdown } from '@/components/dashboard/category-breakdown'
  15 | import { TopMerchants } from '@/components/dashboard/top-merchants'

The export presetRange was not found in module [project]/src/components/dashboard/period-selector.tsx [app-client] (ecmascript).
Did you mean to import PeriodSelector?
All exports of the module are statically known (It doesn't have dynamic exports). So it's known statically that the requested export doesn't exist.

Import traces:
  Client Component Browser:
    ./src/app/dashboard/page.tsx [Client Component Browser]
    ./src/app/dashboard/page.tsx [Server Component]

  Client Component SSR:
    ./src/app/dashboard/page.tsx [Client Component SSR]
    ./src/app/dashboard/page.tsx [Server Component] @ http://localhost:3000/_next/static/chunks/node_modules_next_dist_20ud_8w._.js:2099
[  614080ms] [ERROR] ./src/app/dashboard/page.tsx:8:1
Export presetRange doesn't exist in target module
   6 | import { Select } from '@/components/ui/select'
   7 | import { StatCard } from '@/components/dashboard/stat-card'
>  8 | import {
     | ^^^^^^^
>  9 |   PeriodSelector,
     | ^^^^^^^^^^^^^^^^^
> 10 |   presetRange,
     | ^^^^^^^^^^^^^^
> 11 |   type PeriodPreset,
     | ^^^^^^^^^^^^^^^^^^^^
> 12 | } from '@/components/dashboard/period-selector'
     | ^^^^^^^^^^^^^^^^^^^^^^^^^^^^^^^^^^^^^^^^^^^^^^^
  13 | import { SpendingTrend } from '@/components/dashboard/spending-trend'
  14 | import { CategoryBreakdown } from '@/components/dashboard/category-breakdown'
  15 | import { TopMerchants } from '@/components/dashboard/top-merchants'

The export presetRange was not found in module [project]/src/components/dashboard/period-selector.tsx [app-ssr] (ecmascript).
Did you mean to import PeriodSelector?
All exports of the module are statically known (It doesn't have dynamic exports). So it's known statically that the requested export doesn't exist.

Import traces:
  Client Component Browser:
    ./src/app/dashboard/page.tsx [Client Component Browser]
    ./src/app/dashboard/page.tsx [Server Component]

  Client Component SSR:
    ./src/app/dashboard/page.tsx [Client Component SSR]
    ./src/app/dashboard/page.tsx [Server Component] @ http://localhost:3000/_next/static/chunks/node_modules_next_dist_20ud_8w._.js:2099
[  614143ms] [ERROR] ./src/app/dashboard/page.tsx:8:1
Export presetRange doesn't exist in target module
   6 | import { Select } from '@/components/ui/select'
   7 | import { StatCard } from '@/components/dashboard/stat-card'
>  8 | import {
     | ^^^^^^^
>  9 |   PeriodSelector,
     | ^^^^^^^^^^^^^^^^^
> 10 |   presetRange,
     | ^^^^^^^^^^^^^^
> 11 |   type PeriodPreset,
     | ^^^^^^^^^^^^^^^^^^^^
> 12 | } from '@/components/dashboard/period-selector'
     | ^^^^^^^^^^^^^^^^^^^^^^^^^^^^^^^^^^^^^^^^^^^^^^^
  13 | import { SpendingTrend } from '@/components/dashboard/spending-trend'
  14 | import { CategoryBreakdown } from '@/components/dashboard/category-breakdown'
  15 | import { TopMerchants } from '@/components/dashboard/top-merchants'

The export presetRange was not found in module [project]/src/components/dashboard/period-selector.tsx [app-client] (ecmascript).
Did you mean to import PeriodSelector?
All exports of the module are statically known (It doesn't have dynamic exports). So it's known statically that the requested export doesn't exist.

Import traces:
  Client Component Browser:
    ./src/app/dashboard/page.tsx [Client Component Browser]
    ./src/app/dashboard/page.tsx [Server Component]

  Client Component SSR:
    ./src/app/dashboard/page.tsx [Client Component SSR]
    ./src/app/dashboard/page.tsx [Server Component] @ http://localhost:3000/_next/static/chunks/node_modules_next_dist_20ud_8w._.js:2099
[  614143ms] [ERROR] ./src/app/dashboard/page.tsx:8:1
Export presetRange doesn't exist in target module
   6 | import { Select } from '@/components/ui/select'
   7 | import { StatCard } from '@/components/dashboard/stat-card'
>  8 | import {
     | ^^^^^^^
>  9 |   PeriodSelector,
     | ^^^^^^^^^^^^^^^^^
> 10 |   presetRange,
     | ^^^^^^^^^^^^^^
> 11 |   type PeriodPreset,
     | ^^^^^^^^^^^^^^^^^^^^
> 12 | } from '@/components/dashboard/period-selector'
     | ^^^^^^^^^^^^^^^^^^^^^^^^^^^^^^^^^^^^^^^^^^^^^^^
  13 | import { SpendingTrend } from '@/components/dashboard/spending-trend'
  14 | import { CategoryBreakdown } from '@/components/dashboard/category-breakdown'
  15 | import { TopMerchants } from '@/components/dashboard/top-merchants'

The export presetRange was not found in module [project]/src/components/dashboard/period-selector.tsx [app-ssr] (ecmascript).
Did you mean to import PeriodSelector?
All exports of the module are statically known (It doesn't have dynamic exports). So it's known statically that the requested export doesn't exist.

Import traces:
  Client Component Browser:
    ./src/app/dashboard/page.tsx [Client Component Browser]
    ./src/app/dashboard/page.tsx [Server Component]

  Client Component SSR:
    ./src/app/dashboard/page.tsx [Client Component SSR]
    ./src/app/dashboard/page.tsx [Server Component] @ http://localhost:3000/_next/static/chunks/node_modules_next_dist_20ud_8w._.js:2099
[  614206ms] [ERROR] ./src/app/dashboard/page.tsx:8:1
Export presetRange doesn't exist in target module
   6 | import { Select } from '@/components/ui/select'
   7 | import { StatCard } from '@/components/dashboard/stat-card'
>  8 | import {
     | ^^^^^^^
>  9 |   PeriodSelector,
     | ^^^^^^^^^^^^^^^^^
> 10 |   presetRange,
     | ^^^^^^^^^^^^^^
> 11 |   type PeriodPreset,
     | ^^^^^^^^^^^^^^^^^^^^
> 12 | } from '@/components/dashboard/period-selector'
     | ^^^^^^^^^^^^^^^^^^^^^^^^^^^^^^^^^^^^^^^^^^^^^^^
  13 | import { SpendingTrend } from '@/components/dashboard/spending-trend'
  14 | import { CategoryBreakdown } from '@/components/dashboard/category-breakdown'
  15 | import { TopMerchants } from '@/components/dashboard/top-merchants'

The export presetRange was not found in module [project]/src/components/dashboard/period-selector.tsx [app-client] (ecmascript).
Did you mean to import PeriodSelector?
All exports of the module are statically known (It doesn't have dynamic exports). So it's known statically that the requested export doesn't exist.

Import traces:
  Client Component Browser:
    ./src/app/dashboard/page.tsx [Client Component Browser]
    ./src/app/dashboard/page.tsx [Server Component]

  Client Component SSR:
    ./src/app/dashboard/page.tsx [Client Component SSR]
    ./src/app/dashboard/page.tsx [Server Component] @ http://localhost:3000/_next/static/chunks/node_modules_next_dist_20ud_8w._.js:2099
[  614206ms] [ERROR] ./src/app/dashboard/page.tsx:8:1
Export presetRange doesn't exist in target module
   6 | import { Select } from '@/components/ui/select'
   7 | import { StatCard } from '@/components/dashboard/stat-card'
>  8 | import {
     | ^^^^^^^
>  9 |   PeriodSelector,
     | ^^^^^^^^^^^^^^^^^
> 10 |   presetRange,
     | ^^^^^^^^^^^^^^
> 11 |   type PeriodPreset,
     | ^^^^^^^^^^^^^^^^^^^^
> 12 | } from '@/components/dashboard/period-selector'
     | ^^^^^^^^^^^^^^^^^^^^^^^^^^^^^^^^^^^^^^^^^^^^^^^
  13 | import { SpendingTrend } from '@/components/dashboard/spending-trend'
  14 | import { CategoryBreakdown } from '@/components/dashboard/category-breakdown'
  15 | import { TopMerchants } from '@/components/dashboard/top-merchants'

The export presetRange was not found in module [project]/src/components/dashboard/period-selector.tsx [app-ssr] (ecmascript).
Did you mean to import PeriodSelector?
All exports of the module are statically known (It doesn't have dynamic exports). So it's known statically that the requested export doesn't exist.

Import traces:
  Client Component Browser:
    ./src/app/dashboard/page.tsx [Client Component Browser]
    ./src/app/dashboard/page.tsx [Server Component]

  Client Component SSR:
    ./src/app/dashboard/page.tsx [Client Component SSR]
    ./src/app/dashboard/page.tsx [Server Component] @ http://localhost:3000/_next/static/chunks/node_modules_next_dist_20ud_8w._.js:2099
[  614266ms] [ERROR] ./src/app/dashboard/page.tsx:8:1
Export presetRange doesn't exist in target module
   6 | import { Select } from '@/components/ui/select'
   7 | import { StatCard } from '@/components/dashboard/stat-card'
>  8 | import {
     | ^^^^^^^
>  9 |   PeriodSelector,
     | ^^^^^^^^^^^^^^^^^
> 10 |   presetRange,
     | ^^^^^^^^^^^^^^
> 11 |   type PeriodPreset,
     | ^^^^^^^^^^^^^^^^^^^^
> 12 | } from '@/components/dashboard/period-selector'
     | ^^^^^^^^^^^^^^^^^^^^^^^^^^^^^^^^^^^^^^^^^^^^^^^
  13 | import { SpendingTrend } from '@/components/dashboard/spending-trend'
  14 | import { CategoryBreakdown } from '@/components/dashboard/category-breakdown'
  15 | import { TopMerchants } from '@/components/dashboard/top-merchants'

The export presetRange was not found in module [project]/src/components/dashboard/period-selector.tsx [app-client] (ecmascript).
Did you mean to import PeriodSelector?
All exports of the module are statically known (It doesn't have dynamic exports). So it's known statically that the requested export doesn't exist.

Import traces:
  Client Component Browser:
    ./src/app/dashboard/page.tsx [Client Component Browser]
    ./src/app/dashboard/page.tsx [Server Component]

  Client Component SSR:
    ./src/app/dashboard/page.tsx [Client Component SSR]
    ./src/app/dashboard/page.tsx [Server Component] @ http://localhost:3000/_next/static/chunks/node_modules_next_dist_20ud_8w._.js:2099
[  614266ms] [ERROR] ./src/app/dashboard/page.tsx:8:1
Export presetRange doesn't exist in target module
   6 | import { Select } from '@/components/ui/select'
   7 | import { StatCard } from '@/components/dashboard/stat-card'
>  8 | import {
     | ^^^^^^^
>  9 |   PeriodSelector,
     | ^^^^^^^^^^^^^^^^^
> 10 |   presetRange,
     | ^^^^^^^^^^^^^^
> 11 |   type PeriodPreset,
     | ^^^^^^^^^^^^^^^^^^^^
> 12 | } from '@/components/dashboard/period-selector'
     | ^^^^^^^^^^^^^^^^^^^^^^^^^^^^^^^^^^^^^^^^^^^^^^^
  13 | import { SpendingTrend } from '@/components/dashboard/spending-trend'
  14 | import { CategoryBreakdown } from '@/components/dashboard/category-breakdown'
  15 | import { TopMerchants } from '@/components/dashboard/top-merchants'

The export presetRange was not found in module [project]/src/components/dashboard/period-selector.tsx [app-ssr] (ecmascript).
Did you mean to import PeriodSelector?
All exports of the module are statically known (It doesn't have dynamic exports). So it's known statically that the requested export doesn't exist.

Import traces:
  Client Component Browser:
    ./src/app/dashboard/page.tsx [Client Component Browser]
    ./src/app/dashboard/page.tsx [Server Component]

  Client Component SSR:
    ./src/app/dashboard/page.tsx [Client Component SSR]
    ./src/app/dashboard/page.tsx [Server Component] @ http://localhost:3000/_next/static/chunks/node_modules_next_dist_20ud_8w._.js:2099
[  614329ms] [ERROR] ./src/app/dashboard/page.tsx:8:1
Export presetRange doesn't exist in target module
   6 | import { Select } from '@/components/ui/select'
   7 | import { StatCard } from '@/components/dashboard/stat-card'
>  8 | import {
     | ^^^^^^^
>  9 |   PeriodSelector,
     | ^^^^^^^^^^^^^^^^^
> 10 |   presetRange,
     | ^^^^^^^^^^^^^^
> 11 |   type PeriodPreset,
     | ^^^^^^^^^^^^^^^^^^^^
> 12 | } from '@/components/dashboard/period-selector'
     | ^^^^^^^^^^^^^^^^^^^^^^^^^^^^^^^^^^^^^^^^^^^^^^^
  13 | import { SpendingTrend } from '@/components/dashboard/spending-trend'
  14 | import { CategoryBreakdown } from '@/components/dashboard/category-breakdown'
  15 | import { TopMerchants } from '@/components/dashboard/top-merchants'

The export presetRange was not found in module [project]/src/components/dashboard/period-selector.tsx [app-client] (ecmascript).
Did you mean to import PeriodSelector?
All exports of the module are statically known (It doesn't have dynamic exports). So it's known statically that the requested export doesn't exist.

Import traces:
  Client Component Browser:
    ./src/app/dashboard/page.tsx [Client Component Browser]
    ./src/app/dashboard/page.tsx [Server Component]

  Client Component SSR:
    ./src/app/dashboard/page.tsx [Client Component SSR]
    ./src/app/dashboard/page.tsx [Server Component] @ http://localhost:3000/_next/static/chunks/node_modules_next_dist_20ud_8w._.js:2099
[  614329ms] [ERROR] ./src/app/dashboard/page.tsx:8:1
Export presetRange doesn't exist in target module
   6 | import { Select } from '@/components/ui/select'
   7 | import { StatCard } from '@/components/dashboard/stat-card'
>  8 | import {
     | ^^^^^^^
>  9 |   PeriodSelector,
     | ^^^^^^^^^^^^^^^^^
> 10 |   presetRange,
     | ^^^^^^^^^^^^^^
> 11 |   type PeriodPreset,
     | ^^^^^^^^^^^^^^^^^^^^
> 12 | } from '@/components/dashboard/period-selector'
     | ^^^^^^^^^^^^^^^^^^^^^^^^^^^^^^^^^^^^^^^^^^^^^^^
  13 | import { SpendingTrend } from '@/components/dashboard/spending-trend'
  14 | import { CategoryBreakdown } from '@/components/dashboard/category-breakdown'
  15 | import { TopMerchants } from '@/components/dashboard/top-merchants'

The export presetRange was not found in module [project]/src/components/dashboard/period-selector.tsx [app-ssr] (ecmascript).
Did you mean to import PeriodSelector?
All exports of the module are statically known (It doesn't have dynamic exports). So it's known statically that the requested export doesn't exist.

Import traces:
  Client Component Browser:
    ./src/app/dashboard/page.tsx [Client Component Browser]
    ./src/app/dashboard/page.tsx [Server Component]

  Client Component SSR:
    ./src/app/dashboard/page.tsx [Client Component SSR]
    ./src/app/dashboard/page.tsx [Server Component] @ http://localhost:3000/_next/static/chunks/node_modules_next_dist_20ud_8w._.js:2099
[  614396ms] [ERROR] ./src/app/dashboard/page.tsx:8:1
Export presetRange doesn't exist in target module
   6 | import { Select } from '@/components/ui/select'
   7 | import { StatCard } from '@/components/dashboard/stat-card'
>  8 | import {
     | ^^^^^^^
>  9 |   PeriodSelector,
     | ^^^^^^^^^^^^^^^^^
> 10 |   presetRange,
     | ^^^^^^^^^^^^^^
> 11 |   type PeriodPreset,
     | ^^^^^^^^^^^^^^^^^^^^
> 12 | } from '@/components/dashboard/period-selector'
     | ^^^^^^^^^^^^^^^^^^^^^^^^^^^^^^^^^^^^^^^^^^^^^^^
  13 | import { SpendingTrend } from '@/components/dashboard/spending-trend'
  14 | import { CategoryBreakdown } from '@/components/dashboard/category-breakdown'
  15 | import { TopMerchants } from '@/components/dashboard/top-merchants'

The export presetRange was not found in module [project]/src/components/dashboard/period-selector.tsx [app-client] (ecmascript).
Did you mean to import PeriodSelector?
All exports of the module are statically known (It doesn't have dynamic exports). So it's known statically that the requested export doesn't exist.

Import traces:
  Client Component Browser:
    ./src/app/dashboard/page.tsx [Client Component Browser]
    ./src/app/dashboard/page.tsx [Server Component]

  Client Component SSR:
    ./src/app/dashboard/page.tsx [Client Component SSR]
    ./src/app/dashboard/page.tsx [Server Component] @ http://localhost:3000/_next/static/chunks/node_modules_next_dist_20ud_8w._.js:2099
[  614397ms] [ERROR] ./src/app/dashboard/page.tsx:8:1
Export presetRange doesn't exist in target module
   6 | import { Select } from '@/components/ui/select'
   7 | import { StatCard } from '@/components/dashboard/stat-card'
>  8 | import {
     | ^^^^^^^
>  9 |   PeriodSelector,
     | ^^^^^^^^^^^^^^^^^
> 10 |   presetRange,
     | ^^^^^^^^^^^^^^
> 11 |   type PeriodPreset,
     | ^^^^^^^^^^^^^^^^^^^^
> 12 | } from '@/components/dashboard/period-selector'
     | ^^^^^^^^^^^^^^^^^^^^^^^^^^^^^^^^^^^^^^^^^^^^^^^
  13 | import { SpendingTrend } from '@/components/dashboard/spending-trend'
  14 | import { CategoryBreakdown } from '@/components/dashboard/category-breakdown'
  15 | import { TopMerchants } from '@/components/dashboard/top-merchants'

The export presetRange was not found in module [project]/src/components/dashboard/period-selector.tsx [app-ssr] (ecmascript).
Did you mean to import PeriodSelector?
All exports of the module are statically known (It doesn't have dynamic exports). So it's known statically that the requested export doesn't exist.

Import traces:
  Client Component Browser:
    ./src/app/dashboard/page.tsx [Client Component Browser]
    ./src/app/dashboard/page.tsx [Server Component]

  Client Component SSR:
    ./src/app/dashboard/page.tsx [Client Component SSR]
    ./src/app/dashboard/page.tsx [Server Component] @ http://localhost:3000/_next/static/chunks/node_modules_next_dist_20ud_8w._.js:2099
[  614453ms] [ERROR] ./src/app/dashboard/page.tsx:8:1
Export presetRange doesn't exist in target module
   6 | import { Select } from '@/components/ui/select'
   7 | import { StatCard } from '@/components/dashboard/stat-card'
>  8 | import {
     | ^^^^^^^
>  9 |   PeriodSelector,
     | ^^^^^^^^^^^^^^^^^
> 10 |   presetRange,
     | ^^^^^^^^^^^^^^
> 11 |   type PeriodPreset,
     | ^^^^^^^^^^^^^^^^^^^^
> 12 | } from '@/components/dashboard/period-selector'
     | ^^^^^^^^^^^^^^^^^^^^^^^^^^^^^^^^^^^^^^^^^^^^^^^
  13 | import { SpendingTrend } from '@/components/dashboard/spending-trend'
  14 | import { CategoryBreakdown } from '@/components/dashboard/category-breakdown'
  15 | import { TopMerchants } from '@/components/dashboard/top-merchants'

The export presetRange was not found in module [project]/src/components/dashboard/period-selector.tsx [app-client] (ecmascript).
Did you mean to import PeriodSelector?
All exports of the module are statically known (It doesn't have dynamic exports). So it's known statically that the requested export doesn't exist.

Import traces:
  Client Component Browser:
    ./src/app/dashboard/page.tsx [Client Component Browser]
    ./src/app/dashboard/page.tsx [Server Component]

  Client Component SSR:
    ./src/app/dashboard/page.tsx [Client Component SSR]
    ./src/app/dashboard/page.tsx [Server Component] @ http://localhost:3000/_next/static/chunks/node_modules_next_dist_20ud_8w._.js:2099
[  614453ms] [ERROR] ./src/app/dashboard/page.tsx:8:1
Export presetRange doesn't exist in target module
   6 | import { Select } from '@/components/ui/select'
   7 | import { StatCard } from '@/components/dashboard/stat-card'
>  8 | import {
     | ^^^^^^^
>  9 |   PeriodSelector,
     | ^^^^^^^^^^^^^^^^^
> 10 |   presetRange,
     | ^^^^^^^^^^^^^^
> 11 |   type PeriodPreset,
     | ^^^^^^^^^^^^^^^^^^^^
> 12 | } from '@/components/dashboard/period-selector'
     | ^^^^^^^^^^^^^^^^^^^^^^^^^^^^^^^^^^^^^^^^^^^^^^^
  13 | import { SpendingTrend } from '@/components/dashboard/spending-trend'
  14 | import { CategoryBreakdown } from '@/components/dashboard/category-breakdown'
  15 | import { TopMerchants } from '@/components/dashboard/top-merchants'

The export presetRange was not found in module [project]/src/components/dashboard/period-selector.tsx [app-ssr] (ecmascript).
Did you mean to import PeriodSelector?
All exports of the module are statically known (It doesn't have dynamic exports). So it's known statically that the requested export doesn't exist.

Import traces:
  Client Component Browser:
    ./src/app/dashboard/page.tsx [Client Component Browser]
    ./src/app/dashboard/page.tsx [Server Component]

  Client Component SSR:
    ./src/app/dashboard/page.tsx [Client Component SSR]
    ./src/app/dashboard/page.tsx [Server Component] @ http://localhost:3000/_next/static/chunks/node_modules_next_dist_20ud_8w._.js:2099
[  614516ms] [ERROR] ./src/app/dashboard/page.tsx:8:1
Export presetRange doesn't exist in target module
   6 | import { Select } from '@/components/ui/select'
   7 | import { StatCard } from '@/components/dashboard/stat-card'
>  8 | import {
     | ^^^^^^^
>  9 |   PeriodSelector,
     | ^^^^^^^^^^^^^^^^^
> 10 |   presetRange,
     | ^^^^^^^^^^^^^^
> 11 |   type PeriodPreset,
     | ^^^^^^^^^^^^^^^^^^^^
> 12 | } from '@/components/dashboard/period-selector'
     | ^^^^^^^^^^^^^^^^^^^^^^^^^^^^^^^^^^^^^^^^^^^^^^^
  13 | import { SpendingTrend } from '@/components/dashboard/spending-trend'
  14 | import { CategoryBreakdown } from '@/components/dashboard/category-breakdown'
  15 | import { TopMerchants } from '@/components/dashboard/top-merchants'

The export presetRange was not found in module [project]/src/components/dashboard/period-selector.tsx [app-client] (ecmascript).
Did you mean to import PeriodSelector?
All exports of the module are statically known (It doesn't have dynamic exports). So it's known statically that the requested export doesn't exist.

Import traces:
  Client Component Browser:
    ./src/app/dashboard/page.tsx [Client Component Browser]
    ./src/app/dashboard/page.tsx [Server Component]

  Client Component SSR:
    ./src/app/dashboard/page.tsx [Client Component SSR]
    ./src/app/dashboard/page.tsx [Server Component] @ http://localhost:3000/_next/static/chunks/node_modules_next_dist_20ud_8w._.js:2099
[  614516ms] [ERROR] ./src/app/dashboard/page.tsx:8:1
Export presetRange doesn't exist in target module
   6 | import { Select } from '@/components/ui/select'
   7 | import { StatCard } from '@/components/dashboard/stat-card'
>  8 | import {
     | ^^^^^^^
>  9 |   PeriodSelector,
     | ^^^^^^^^^^^^^^^^^
> 10 |   presetRange,
     | ^^^^^^^^^^^^^^
> 11 |   type PeriodPreset,
     | ^^^^^^^^^^^^^^^^^^^^
> 12 | } from '@/components/dashboard/period-selector'
     | ^^^^^^^^^^^^^^^^^^^^^^^^^^^^^^^^^^^^^^^^^^^^^^^
  13 | import { SpendingTrend } from '@/components/dashboard/spending-trend'
  14 | import { CategoryBreakdown } from '@/components/dashboard/category-breakdown'
  15 | import { TopMerchants } from '@/components/dashboard/top-merchants'

The export presetRange was not found in module [project]/src/components/dashboard/period-selector.tsx [app-ssr] (ecmascript).
Did you mean to import PeriodSelector?
All exports of the module are statically known (It doesn't have dynamic exports). So it's known statically that the requested export doesn't exist.

Import traces:
  Client Component Browser:
    ./src/app/dashboard/page.tsx [Client Component Browser]
    ./src/app/dashboard/page.tsx [Server Component]

  Client Component SSR:
    ./src/app/dashboard/page.tsx [Client Component SSR]
    ./src/app/dashboard/page.tsx [Server Component] @ http://localhost:3000/_next/static/chunks/node_modules_next_dist_20ud_8w._.js:2099
[  614575ms] [ERROR] ./src/app/dashboard/page.tsx:8:1
Export presetRange doesn't exist in target module
   6 | import { Select } from '@/components/ui/select'
   7 | import { StatCard } from '@/components/dashboard/stat-card'
>  8 | import {
     | ^^^^^^^
>  9 |   PeriodSelector,
     | ^^^^^^^^^^^^^^^^^
> 10 |   presetRange,
     | ^^^^^^^^^^^^^^
> 11 |   type PeriodPreset,
     | ^^^^^^^^^^^^^^^^^^^^
> 12 | } from '@/components/dashboard/period-selector'
     | ^^^^^^^^^^^^^^^^^^^^^^^^^^^^^^^^^^^^^^^^^^^^^^^
  13 | import { SpendingTrend } from '@/components/dashboard/spending-trend'
  14 | import { CategoryBreakdown } from '@/components/dashboard/category-breakdown'
  15 | import { TopMerchants } from '@/components/dashboard/top-merchants'

The export presetRange was not found in module [project]/src/components/dashboard/period-selector.tsx [app-client] (ecmascript).
Did you mean to import PeriodSelector?
All exports of the module are statically known (It doesn't have dynamic exports). So it's known statically that the requested export doesn't exist.

Import traces:
  Client Component Browser:
    ./src/app/dashboard/page.tsx [Client Component Browser]
    ./src/app/dashboard/page.tsx [Server Component]

  Client Component SSR:
    ./src/app/dashboard/page.tsx [Client Component SSR]
    ./src/app/dashboard/page.tsx [Server Component] @ http://localhost:3000/_next/static/chunks/node_modules_next_dist_20ud_8w._.js:2099
[  614575ms] [ERROR] ./src/app/dashboard/page.tsx:8:1
Export presetRange doesn't exist in target module
   6 | import { Select } from '@/components/ui/select'
   7 | import { StatCard } from '@/components/dashboard/stat-card'
>  8 | import {
     | ^^^^^^^
>  9 |   PeriodSelector,
     | ^^^^^^^^^^^^^^^^^
> 10 |   presetRange,
     | ^^^^^^^^^^^^^^
> 11 |   type PeriodPreset,
     | ^^^^^^^^^^^^^^^^^^^^
> 12 | } from '@/components/dashboard/period-selector'
     | ^^^^^^^^^^^^^^^^^^^^^^^^^^^^^^^^^^^^^^^^^^^^^^^
  13 | import { SpendingTrend } from '@/components/dashboard/spending-trend'
  14 | import { CategoryBreakdown } from '@/components/dashboard/category-breakdown'
  15 | import { TopMerchants } from '@/components/dashboard/top-merchants'

The export presetRange was not found in module [project]/src/components/dashboard/period-selector.tsx [app-ssr] (ecmascript).
Did you mean to import PeriodSelector?
All exports of the module are statically known (It doesn't have dynamic exports). So it's known statically that the requested export doesn't exist.

Import traces:
  Client Component Browser:
    ./src/app/dashboard/page.tsx [Client Component Browser]
    ./src/app/dashboard/page.tsx [Server Component]

  Client Component SSR:
    ./src/app/dashboard/page.tsx [Client Component SSR]
    ./src/app/dashboard/page.tsx [Server Component] @ http://localhost:3000/_next/static/chunks/node_modules_next_dist_20ud_8w._.js:2099
[  614636ms] [ERROR] ./src/app/dashboard/page.tsx:8:1
Export presetRange doesn't exist in target module
   6 | import { Select } from '@/components/ui/select'
   7 | import { StatCard } from '@/components/dashboard/stat-card'
>  8 | import {
     | ^^^^^^^
>  9 |   PeriodSelector,
     | ^^^^^^^^^^^^^^^^^
> 10 |   presetRange,
     | ^^^^^^^^^^^^^^
> 11 |   type PeriodPreset,
     | ^^^^^^^^^^^^^^^^^^^^
> 12 | } from '@/components/dashboard/period-selector'
     | ^^^^^^^^^^^^^^^^^^^^^^^^^^^^^^^^^^^^^^^^^^^^^^^
  13 | import { SpendingTrend } from '@/components/dashboard/spending-trend'
  14 | import { CategoryBreakdown } from '@/components/dashboard/category-breakdown'
  15 | import { TopMerchants } from '@/components/dashboard/top-merchants'

The export presetRange was not found in module [project]/src/components/dashboard/period-selector.tsx [app-client] (ecmascript).
Did you mean to import PeriodSelector?
All exports of the module are statically known (It doesn't have dynamic exports). So it's known statically that the requested export doesn't exist.

Import traces:
  Client Component Browser:
    ./src/app/dashboard/page.tsx [Client Component Browser]
    ./src/app/dashboard/page.tsx [Server Component]

  Client Component SSR:
    ./src/app/dashboard/page.tsx [Client Component SSR]
    ./src/app/dashboard/page.tsx [Server Component] @ http://localhost:3000/_next/static/chunks/node_modules_next_dist_20ud_8w._.js:2099
[  614637ms] [ERROR] ./src/app/dashboard/page.tsx:8:1
Export presetRange doesn't exist in target module
   6 | import { Select } from '@/components/ui/select'
   7 | import { StatCard } from '@/components/dashboard/stat-card'
>  8 | import {
     | ^^^^^^^
>  9 |   PeriodSelector,
     | ^^^^^^^^^^^^^^^^^
> 10 |   presetRange,
     | ^^^^^^^^^^^^^^
> 11 |   type PeriodPreset,
     | ^^^^^^^^^^^^^^^^^^^^
> 12 | } from '@/components/dashboard/period-selector'
     | ^^^^^^^^^^^^^^^^^^^^^^^^^^^^^^^^^^^^^^^^^^^^^^^
  13 | import { SpendingTrend } from '@/components/dashboard/spending-trend'
  14 | import { CategoryBreakdown } from '@/components/dashboard/category-breakdown'
  15 | import { TopMerchants } from '@/components/dashboard/top-merchants'

The export presetRange was not found in module [project]/src/components/dashboard/period-selector.tsx [app-ssr] (ecmascript).
Did you mean to import PeriodSelector?
All exports of the module are statically known (It doesn't have dynamic exports). So it's known statically that the requested export doesn't exist.

Import traces:
  Client Component Browser:
    ./src/app/dashboard/page.tsx [Client Component Browser]
    ./src/app/dashboard/page.tsx [Server Component]

  Client Component SSR:
    ./src/app/dashboard/page.tsx [Client Component SSR]
    ./src/app/dashboard/page.tsx [Server Component] @ http://localhost:3000/_next/static/chunks/node_modules_next_dist_20ud_8w._.js:2099
[  614697ms] [ERROR] ./src/app/dashboard/page.tsx:8:1
Export presetRange doesn't exist in target module
   6 | import { Select } from '@/components/ui/select'
   7 | import { StatCard } from '@/components/dashboard/stat-card'
>  8 | import {
     | ^^^^^^^
>  9 |   PeriodSelector,
     | ^^^^^^^^^^^^^^^^^
> 10 |   presetRange,
     | ^^^^^^^^^^^^^^
> 11 |   type PeriodPreset,
     | ^^^^^^^^^^^^^^^^^^^^
> 12 | } from '@/components/dashboard/period-selector'
     | ^^^^^^^^^^^^^^^^^^^^^^^^^^^^^^^^^^^^^^^^^^^^^^^
  13 | import { SpendingTrend } from '@/components/dashboard/spending-trend'
  14 | import { CategoryBreakdown } from '@/components/dashboard/category-breakdown'
  15 | import { TopMerchants } from '@/components/dashboard/top-merchants'

The export presetRange was not found in module [project]/src/components/dashboard/period-selector.tsx [app-client] (ecmascript).
Did you mean to import PeriodSelector?
All exports of the module are statically known (It doesn't have dynamic exports). So it's known statically that the requested export doesn't exist.

Import traces:
  Client Component Browser:
    ./src/app/dashboard/page.tsx [Client Component Browser]
    ./src/app/dashboard/page.tsx [Server Component]

  Client Component SSR:
    ./src/app/dashboard/page.tsx [Client Component SSR]
    ./src/app/dashboard/page.tsx [Server Component] @ http://localhost:3000/_next/static/chunks/node_modules_next_dist_20ud_8w._.js:2099
[  614697ms] [ERROR] ./src/app/dashboard/page.tsx:8:1
Export presetRange doesn't exist in target module
   6 | import { Select } from '@/components/ui/select'
   7 | import { StatCard } from '@/components/dashboard/stat-card'
>  8 | import {
     | ^^^^^^^
>  9 |   PeriodSelector,
     | ^^^^^^^^^^^^^^^^^
> 10 |   presetRange,
     | ^^^^^^^^^^^^^^
> 11 |   type PeriodPreset,
     | ^^^^^^^^^^^^^^^^^^^^
> 12 | } from '@/components/dashboard/period-selector'
     | ^^^^^^^^^^^^^^^^^^^^^^^^^^^^^^^^^^^^^^^^^^^^^^^
  13 | import { SpendingTrend } from '@/components/dashboard/spending-trend'
  14 | import { CategoryBreakdown } from '@/components/dashboard/category-breakdown'
  15 | import { TopMerchants } from '@/components/dashboard/top-merchants'

The export presetRange was not found in module [project]/src/components/dashboard/period-selector.tsx [app-ssr] (ecmascript).
Did you mean to import PeriodSelector?
All exports of the module are statically known (It doesn't have dynamic exports). So it's known statically that the requested export doesn't exist.

Import traces:
  Client Component Browser:
    ./src/app/dashboard/page.tsx [Client Component Browser]
    ./src/app/dashboard/page.tsx [Server Component]

  Client Component SSR:
    ./src/app/dashboard/page.tsx [Client Component SSR]
    ./src/app/dashboard/page.tsx [Server Component] @ http://localhost:3000/_next/static/chunks/node_modules_next_dist_20ud_8w._.js:2099
[  614760ms] [ERROR] ./src/app/dashboard/page.tsx:8:1
Export presetRange doesn't exist in target module
   6 | import { Select } from '@/components/ui/select'
   7 | import { StatCard } from '@/components/dashboard/stat-card'
>  8 | import {
     | ^^^^^^^
>  9 |   PeriodSelector,
     | ^^^^^^^^^^^^^^^^^
> 10 |   presetRange,
     | ^^^^^^^^^^^^^^
> 11 |   type PeriodPreset,
     | ^^^^^^^^^^^^^^^^^^^^
> 12 | } from '@/components/dashboard/period-selector'
     | ^^^^^^^^^^^^^^^^^^^^^^^^^^^^^^^^^^^^^^^^^^^^^^^
  13 | import { SpendingTrend } from '@/components/dashboard/spending-trend'
  14 | import { CategoryBreakdown } from '@/components/dashboard/category-breakdown'
  15 | import { TopMerchants } from '@/components/dashboard/top-merchants'

The export presetRange was not found in module [project]/src/components/dashboard/period-selector.tsx [app-client] (ecmascript).
Did you mean to import PeriodSelector?
All exports of the module are statically known (It doesn't have dynamic exports). So it's known statically that the requested export doesn't exist.

Import traces:
  Client Component Browser:
    ./src/app/dashboard/page.tsx [Client Component Browser]
    ./src/app/dashboard/page.tsx [Server Component]

  Client Component SSR:
    ./src/app/dashboard/page.tsx [Client Component SSR]
    ./src/app/dashboard/page.tsx [Server Component] @ http://localhost:3000/_next/static/chunks/node_modules_next_dist_20ud_8w._.js:2099
[  614760ms] [ERROR] ./src/app/dashboard/page.tsx:8:1
Export presetRange doesn't exist in target module
   6 | import { Select } from '@/components/ui/select'
   7 | import { StatCard } from '@/components/dashboard/stat-card'
>  8 | import {
     | ^^^^^^^
>  9 |   PeriodSelector,
     | ^^^^^^^^^^^^^^^^^
> 10 |   presetRange,
     | ^^^^^^^^^^^^^^
> 11 |   type PeriodPreset,
     | ^^^^^^^^^^^^^^^^^^^^
> 12 | } from '@/components/dashboard/period-selector'
     | ^^^^^^^^^^^^^^^^^^^^^^^^^^^^^^^^^^^^^^^^^^^^^^^
  13 | import { SpendingTrend } from '@/components/dashboard/spending-trend'
  14 | import { CategoryBreakdown } from '@/components/dashboard/category-breakdown'
  15 | import { TopMerchants } from '@/components/dashboard/top-merchants'

The export presetRange was not found in module [project]/src/components/dashboard/period-selector.tsx [app-ssr] (ecmascript).
Did you mean to import PeriodSelector?
All exports of the module are statically known (It doesn't have dynamic exports). So it's known statically that the requested export doesn't exist.

Import traces:
  Client Component Browser:
    ./src/app/dashboard/page.tsx [Client Component Browser]
    ./src/app/dashboard/page.tsx [Server Component]

  Client Component SSR:
    ./src/app/dashboard/page.tsx [Client Component SSR]
    ./src/app/dashboard/page.tsx [Server Component] @ http://localhost:3000/_next/static/chunks/node_modules_next_dist_20ud_8w._.js:2099
[  614821ms] [ERROR] ./src/app/dashboard/page.tsx:8:1
Export presetRange doesn't exist in target module
   6 | import { Select } from '@/components/ui/select'
   7 | import { StatCard } from '@/components/dashboard/stat-card'
>  8 | import {
     | ^^^^^^^
>  9 |   PeriodSelector,
     | ^^^^^^^^^^^^^^^^^
> 10 |   presetRange,
     | ^^^^^^^^^^^^^^
> 11 |   type PeriodPreset,
     | ^^^^^^^^^^^^^^^^^^^^
> 12 | } from '@/components/dashboard/period-selector'
     | ^^^^^^^^^^^^^^^^^^^^^^^^^^^^^^^^^^^^^^^^^^^^^^^
  13 | import { SpendingTrend } from '@/components/dashboard/spending-trend'
  14 | import { CategoryBreakdown } from '@/components/dashboard/category-breakdown'
  15 | import { TopMerchants } from '@/components/dashboard/top-merchants'

The export presetRange was not found in module [project]/src/components/dashboard/period-selector.tsx [app-client] (ecmascript).
Did you mean to import PeriodSelector?
All exports of the module are statically known (It doesn't have dynamic exports). So it's known statically that the requested export doesn't exist.

Import traces:
  Client Component Browser:
    ./src/app/dashboard/page.tsx [Client Component Browser]
    ./src/app/dashboard/page.tsx [Server Component]

  Client Component SSR:
    ./src/app/dashboard/page.tsx [Client Component SSR]
    ./src/app/dashboard/page.tsx [Server Component] @ http://localhost:3000/_next/static/chunks/node_modules_next_dist_20ud_8w._.js:2099
[  614822ms] [ERROR] ./src/app/dashboard/page.tsx:8:1
Export presetRange doesn't exist in target module
   6 | import { Select } from '@/components/ui/select'
   7 | import { StatCard } from '@/components/dashboard/stat-card'
>  8 | import {
     | ^^^^^^^
>  9 |   PeriodSelector,
     | ^^^^^^^^^^^^^^^^^
> 10 |   presetRange,
     | ^^^^^^^^^^^^^^
> 11 |   type PeriodPreset,
     | ^^^^^^^^^^^^^^^^^^^^
> 12 | } from '@/components/dashboard/period-selector'
     | ^^^^^^^^^^^^^^^^^^^^^^^^^^^^^^^^^^^^^^^^^^^^^^^
  13 | import { SpendingTrend } from '@/components/dashboard/spending-trend'
  14 | import { CategoryBreakdown } from '@/components/dashboard/category-breakdown'
  15 | import { TopMerchants } from '@/components/dashboard/top-merchants'

The export presetRange was not found in module [project]/src/components/dashboard/period-selector.tsx [app-ssr] (ecmascript).
Did you mean to import PeriodSelector?
All exports of the module are statically known (It doesn't have dynamic exports). So it's known statically that the requested export doesn't exist.

Import traces:
  Client Component Browser:
    ./src/app/dashboard/page.tsx [Client Component Browser]
    ./src/app/dashboard/page.tsx [Server Component]

  Client Component SSR:
    ./src/app/dashboard/page.tsx [Client Component SSR]
    ./src/app/dashboard/page.tsx [Server Component] @ http://localhost:3000/_next/static/chunks/node_modules_next_dist_20ud_8w._.js:2099
[  614883ms] [ERROR] ./src/app/dashboard/page.tsx:8:1
Export presetRange doesn't exist in target module
   6 | import { Select } from '@/components/ui/select'
   7 | import { StatCard } from '@/components/dashboard/stat-card'
>  8 | import {
     | ^^^^^^^
>  9 |   PeriodSelector,
     | ^^^^^^^^^^^^^^^^^
> 10 |   presetRange,
     | ^^^^^^^^^^^^^^
> 11 |   type PeriodPreset,
     | ^^^^^^^^^^^^^^^^^^^^
> 12 | } from '@/components/dashboard/period-selector'
     | ^^^^^^^^^^^^^^^^^^^^^^^^^^^^^^^^^^^^^^^^^^^^^^^
  13 | import { SpendingTrend } from '@/components/dashboard/spending-trend'
  14 | import { CategoryBreakdown } from '@/components/dashboard/category-breakdown'
  15 | import { TopMerchants } from '@/components/dashboard/top-merchants'

The export presetRange was not found in module [project]/src/components/dashboard/period-selector.tsx [app-client] (ecmascript).
Did you mean to import PeriodSelector?
All exports of the module are statically known (It doesn't have dynamic exports). So it's known statically that the requested export doesn't exist.

Import traces:
  Client Component Browser:
    ./src/app/dashboard/page.tsx [Client Component Browser]
    ./src/app/dashboard/page.tsx [Server Component]

  Client Component SSR:
    ./src/app/dashboard/page.tsx [Client Component SSR]
    ./src/app/dashboard/page.tsx [Server Component] @ http://localhost:3000/_next/static/chunks/node_modules_next_dist_20ud_8w._.js:2099
[  614884ms] [ERROR] ./src/app/dashboard/page.tsx:8:1
Export presetRange doesn't exist in target module
   6 | import { Select } from '@/components/ui/select'
   7 | import { StatCard } from '@/components/dashboard/stat-card'
>  8 | import {
     | ^^^^^^^
>  9 |   PeriodSelector,
     | ^^^^^^^^^^^^^^^^^
> 10 |   presetRange,
     | ^^^^^^^^^^^^^^
> 11 |   type PeriodPreset,
     | ^^^^^^^^^^^^^^^^^^^^
> 12 | } from '@/components/dashboard/period-selector'
     | ^^^^^^^^^^^^^^^^^^^^^^^^^^^^^^^^^^^^^^^^^^^^^^^
  13 | import { SpendingTrend } from '@/components/dashboard/spending-trend'
  14 | import { CategoryBreakdown } from '@/components/dashboard/category-breakdown'
  15 | import { TopMerchants } from '@/components/dashboard/top-merchants'

The export presetRange was not found in module [project]/src/components/dashboard/period-selector.tsx [app-ssr] (ecmascript).
Did you mean to import PeriodSelector?
All exports of the module are statically known (It doesn't have dynamic exports). So it's known statically that the requested export doesn't exist.

Import traces:
  Client Component Browser:
    ./src/app/dashboard/page.tsx [Client Component Browser]
    ./src/app/dashboard/page.tsx [Server Component]

  Client Component SSR:
    ./src/app/dashboard/page.tsx [Client Component SSR]
    ./src/app/dashboard/page.tsx [Server Component] @ http://localhost:3000/_next/static/chunks/node_modules_next_dist_20ud_8w._.js:2099
[  614944ms] [ERROR] ./src/app/dashboard/page.tsx:8:1
Export presetRange doesn't exist in target module
   6 | import { Select } from '@/components/ui/select'
   7 | import { StatCard } from '@/components/dashboard/stat-card'
>  8 | import {
     | ^^^^^^^
>  9 |   PeriodSelector,
     | ^^^^^^^^^^^^^^^^^
> 10 |   presetRange,
     | ^^^^^^^^^^^^^^
> 11 |   type PeriodPreset,
     | ^^^^^^^^^^^^^^^^^^^^
> 12 | } from '@/components/dashboard/period-selector'
     | ^^^^^^^^^^^^^^^^^^^^^^^^^^^^^^^^^^^^^^^^^^^^^^^
  13 | import { SpendingTrend } from '@/components/dashboard/spending-trend'
  14 | import { CategoryBreakdown } from '@/components/dashboard/category-breakdown'
  15 | import { TopMerchants } from '@/components/dashboard/top-merchants'

The export presetRange was not found in module [project]/src/components/dashboard/period-selector.tsx [app-client] (ecmascript).
Did you mean to import PeriodSelector?
All exports of the module are statically known (It doesn't have dynamic exports). So it's known statically that the requested export doesn't exist.

Import traces:
  Client Component Browser:
    ./src/app/dashboard/page.tsx [Client Component Browser]
    ./src/app/dashboard/page.tsx [Server Component]

  Client Component SSR:
    ./src/app/dashboard/page.tsx [Client Component SSR]
    ./src/app/dashboard/page.tsx [Server Component] @ http://localhost:3000/_next/static/chunks/node_modules_next_dist_20ud_8w._.js:2099
[  614944ms] [ERROR] ./src/app/dashboard/page.tsx:8:1
Export presetRange doesn't exist in target module
   6 | import { Select } from '@/components/ui/select'
   7 | import { StatCard } from '@/components/dashboard/stat-card'
>  8 | import {
     | ^^^^^^^
>  9 |   PeriodSelector,
     | ^^^^^^^^^^^^^^^^^
> 10 |   presetRange,
     | ^^^^^^^^^^^^^^
> 11 |   type PeriodPreset,
     | ^^^^^^^^^^^^^^^^^^^^
> 12 | } from '@/components/dashboard/period-selector'
     | ^^^^^^^^^^^^^^^^^^^^^^^^^^^^^^^^^^^^^^^^^^^^^^^
  13 | import { SpendingTrend } from '@/components/dashboard/spending-trend'
  14 | import { CategoryBreakdown } from '@/components/dashboard/category-breakdown'
  15 | import { TopMerchants } from '@/components/dashboard/top-merchants'

The export presetRange was not found in module [project]/src/components/dashboard/period-selector.tsx [app-ssr] (ecmascript).
Did you mean to import PeriodSelector?
All exports of the module are statically known (It doesn't have dynamic exports). So it's known statically that the requested export doesn't exist.

Import traces:
  Client Component Browser:
    ./src/app/dashboard/page.tsx [Client Component Browser]
    ./src/app/dashboard/page.tsx [Server Component]

  Client Component SSR:
    ./src/app/dashboard/page.tsx [Client Component SSR]
    ./src/app/dashboard/page.tsx [Server Component] @ http://localhost:3000/_next/static/chunks/node_modules_next_dist_20ud_8w._.js:2099
[  615006ms] [ERROR] ./src/app/dashboard/page.tsx:8:1
Export presetRange doesn't exist in target module
   6 | import { Select } from '@/components/ui/select'
   7 | import { StatCard } from '@/components/dashboard/stat-card'
>  8 | import {
     | ^^^^^^^
>  9 |   PeriodSelector,
     | ^^^^^^^^^^^^^^^^^
> 10 |   presetRange,
     | ^^^^^^^^^^^^^^
> 11 |   type PeriodPreset,
     | ^^^^^^^^^^^^^^^^^^^^
> 12 | } from '@/components/dashboard/period-selector'
     | ^^^^^^^^^^^^^^^^^^^^^^^^^^^^^^^^^^^^^^^^^^^^^^^
  13 | import { SpendingTrend } from '@/components/dashboard/spending-trend'
  14 | import { CategoryBreakdown } from '@/components/dashboard/category-breakdown'
  15 | import { TopMerchants } from '@/components/dashboard/top-merchants'

The export presetRange was not found in module [project]/src/components/dashboard/period-selector.tsx [app-client] (ecmascript).
Did you mean to import PeriodSelector?
All exports of the module are statically known (It doesn't have dynamic exports). So it's known statically that the requested export doesn't exist.

Import traces:
  Client Component Browser:
    ./src/app/dashboard/page.tsx [Client Component Browser]
    ./src/app/dashboard/page.tsx [Server Component]

  Client Component SSR:
    ./src/app/dashboard/page.tsx [Client Component SSR]
    ./src/app/dashboard/page.tsx [Server Component] @ http://localhost:3000/_next/static/chunks/node_modules_next_dist_20ud_8w._.js:2099
[  615007ms] [ERROR] ./src/app/dashboard/page.tsx:8:1
Export presetRange doesn't exist in target module
   6 | import { Select } from '@/components/ui/select'
   7 | import { StatCard } from '@/components/dashboard/stat-card'
>  8 | import {
     | ^^^^^^^
>  9 |   PeriodSelector,
     | ^^^^^^^^^^^^^^^^^
> 10 |   presetRange,
     | ^^^^^^^^^^^^^^
> 11 |   type PeriodPreset,
     | ^^^^^^^^^^^^^^^^^^^^
> 12 | } from '@/components/dashboard/period-selector'
     | ^^^^^^^^^^^^^^^^^^^^^^^^^^^^^^^^^^^^^^^^^^^^^^^
  13 | import { SpendingTrend } from '@/components/dashboard/spending-trend'
  14 | import { CategoryBreakdown } from '@/components/dashboard/category-breakdown'
  15 | import { TopMerchants } from '@/components/dashboard/top-merchants'

The export presetRange was not found in module [project]/src/components/dashboard/period-selector.tsx [app-ssr] (ecmascript).
Did you mean to import PeriodSelector?
All exports of the module are statically known (It doesn't have dynamic exports). So it's known statically that the requested export doesn't exist.

Import traces:
  Client Component Browser:
    ./src/app/dashboard/page.tsx [Client Component Browser]
    ./src/app/dashboard/page.tsx [Server Component]

  Client Component SSR:
    ./src/app/dashboard/page.tsx [Client Component SSR]
    ./src/app/dashboard/page.tsx [Server Component] @ http://localhost:3000/_next/static/chunks/node_modules_next_dist_20ud_8w._.js:2099
[  615067ms] [ERROR] ./src/app/dashboard/page.tsx:8:1
Export presetRange doesn't exist in target module
   6 | import { Select } from '@/components/ui/select'
   7 | import { StatCard } from '@/components/dashboard/stat-card'
>  8 | import {
     | ^^^^^^^
>  9 |   PeriodSelector,
     | ^^^^^^^^^^^^^^^^^
> 10 |   presetRange,
     | ^^^^^^^^^^^^^^
> 11 |   type PeriodPreset,
     | ^^^^^^^^^^^^^^^^^^^^
> 12 | } from '@/components/dashboard/period-selector'
     | ^^^^^^^^^^^^^^^^^^^^^^^^^^^^^^^^^^^^^^^^^^^^^^^
  13 | import { SpendingTrend } from '@/components/dashboard/spending-trend'
  14 | import { CategoryBreakdown } from '@/components/dashboard/category-breakdown'
  15 | import { TopMerchants } from '@/components/dashboard/top-merchants'

The export presetRange was not found in module [project]/src/components/dashboard/period-selector.tsx [app-client] (ecmascript).
Did you mean to import PeriodSelector?
All exports of the module are statically known (It doesn't have dynamic exports). So it's known statically that the requested export doesn't exist.

Import traces:
  Client Component Browser:
    ./src/app/dashboard/page.tsx [Client Component Browser]
    ./src/app/dashboard/page.tsx [Server Component]

  Client Component SSR:
    ./src/app/dashboard/page.tsx [Client Component SSR]
    ./src/app/dashboard/page.tsx [Server Component] @ http://localhost:3000/_next/static/chunks/node_modules_next_dist_20ud_8w._.js:2099
[  615067ms] [ERROR] ./src/app/dashboard/page.tsx:8:1
Export presetRange doesn't exist in target module
   6 | import { Select } from '@/components/ui/select'
   7 | import { StatCard } from '@/components/dashboard/stat-card'
>  8 | import {
     | ^^^^^^^
>  9 |   PeriodSelector,
     | ^^^^^^^^^^^^^^^^^
> 10 |   presetRange,
     | ^^^^^^^^^^^^^^
> 11 |   type PeriodPreset,
     | ^^^^^^^^^^^^^^^^^^^^
> 12 | } from '@/components/dashboard/period-selector'
     | ^^^^^^^^^^^^^^^^^^^^^^^^^^^^^^^^^^^^^^^^^^^^^^^
  13 | import { SpendingTrend } from '@/components/dashboard/spending-trend'
  14 | import { CategoryBreakdown } from '@/components/dashboard/category-breakdown'
  15 | import { TopMerchants } from '@/components/dashboard/top-merchants'

The export presetRange was not found in module [project]/src/components/dashboard/period-selector.tsx [app-ssr] (ecmascript).
Did you mean to import PeriodSelector?
All exports of the module are statically known (It doesn't have dynamic exports). So it's known statically that the requested export doesn't exist.

Import traces:
  Client Component Browser:
    ./src/app/dashboard/page.tsx [Client Component Browser]
    ./src/app/dashboard/page.tsx [Server Component]

  Client Component SSR:
    ./src/app/dashboard/page.tsx [Client Component SSR]
    ./src/app/dashboard/page.tsx [Server Component] @ http://localhost:3000/_next/static/chunks/node_modules_next_dist_20ud_8w._.js:2099
[  615131ms] [ERROR] ./src/app/dashboard/page.tsx:8:1
Export presetRange doesn't exist in target module
   6 | import { Select } from '@/components/ui/select'
   7 | import { StatCard } from '@/components/dashboard/stat-card'
>  8 | import {
     | ^^^^^^^
>  9 |   PeriodSelector,
     | ^^^^^^^^^^^^^^^^^
> 10 |   presetRange,
     | ^^^^^^^^^^^^^^
> 11 |   type PeriodPreset,
     | ^^^^^^^^^^^^^^^^^^^^
> 12 | } from '@/components/dashboard/period-selector'
     | ^^^^^^^^^^^^^^^^^^^^^^^^^^^^^^^^^^^^^^^^^^^^^^^
  13 | import { SpendingTrend } from '@/components/dashboard/spending-trend'
  14 | import { CategoryBreakdown } from '@/components/dashboard/category-breakdown'
  15 | import { TopMerchants } from '@/components/dashboard/top-merchants'

The export presetRange was not found in module [project]/src/components/dashboard/period-selector.tsx [app-client] (ecmascript).
Did you mean to import PeriodSelector?
All exports of the module are statically known (It doesn't have dynamic exports). So it's known statically that the requested export doesn't exist.

Import traces:
  Client Component Browser:
    ./src/app/dashboard/page.tsx [Client Component Browser]
    ./src/app/dashboard/page.tsx [Server Component]

  Client Component SSR:
    ./src/app/dashboard/page.tsx [Client Component SSR]
    ./src/app/dashboard/page.tsx [Server Component] @ http://localhost:3000/_next/static/chunks/node_modules_next_dist_20ud_8w._.js:2099
[  615132ms] [ERROR] ./src/app/dashboard/page.tsx:8:1
Export presetRange doesn't exist in target module
   6 | import { Select } from '@/components/ui/select'
   7 | import { StatCard } from '@/components/dashboard/stat-card'
>  8 | import {
     | ^^^^^^^
>  9 |   PeriodSelector,
     | ^^^^^^^^^^^^^^^^^
> 10 |   presetRange,
     | ^^^^^^^^^^^^^^
> 11 |   type PeriodPreset,
     | ^^^^^^^^^^^^^^^^^^^^
> 12 | } from '@/components/dashboard/period-selector'
     | ^^^^^^^^^^^^^^^^^^^^^^^^^^^^^^^^^^^^^^^^^^^^^^^
  13 | import { SpendingTrend } from '@/components/dashboard/spending-trend'
  14 | import { CategoryBreakdown } from '@/components/dashboard/category-breakdown'
  15 | import { TopMerchants } from '@/components/dashboard/top-merchants'

The export presetRange was not found in module [project]/src/components/dashboard/period-selector.tsx [app-ssr] (ecmascript).
Did you mean to import PeriodSelector?
All exports of the module are statically known (It doesn't have dynamic exports). So it's known statically that the requested export doesn't exist.

Import traces:
  Client Component Browser:
    ./src/app/dashboard/page.tsx [Client Component Browser]
    ./src/app/dashboard/page.tsx [Server Component]

  Client Component SSR:
    ./src/app/dashboard/page.tsx [Client Component SSR]
    ./src/app/dashboard/page.tsx [Server Component] @ http://localhost:3000/_next/static/chunks/node_modules_next_dist_20ud_8w._.js:2099
[  615179ms] [LOG] [Fast Refresh] rebuilding @ http://localhost:3000/_next/static/chunks/node_modules_next_dist_20ud_8w._.js:1380
[  615460ms] [LOG] [Fast Refresh] done in 71ms @ http://localhost:3000/_next/static/chunks/node_modules_next_dist_20ud_8w._.js:1380
[  615640ms] [INFO] %cDownload the React DevTools for a better development experience: https://react.dev/link/react-devtools font-weight:bold @ http://localhost:3000/_next/static/chunks/node_modules_next_dist_1ybzpk2._.js:2477
[  615664ms] [LOG] [HMR] connected @ http://localhost:3000/_next/static/chunks/node_modules_next_dist_1ybzpk2._.js:2477
[  636509ms] [LOG] [Fast Refresh] rebuilding @ http://localhost:3000/_next/static/chunks/node_modules_next_dist_1ybzpk2._.js:2477
[  636630ms] [LOG] [Fast Refresh] done in 101ms @ http://localhost:3000/_next/static/chunks/node_modules_next_dist_1ybzpk2._.js:2477
[  641175ms] [LOG] [Fast Refresh] rebuilding @ http://localhost:3000/_next/static/chunks/node_modules_next_dist_1ybzpk2._.js:2477
[  641241ms] [LOG] [Fast Refresh] done in 154ms @ http://localhost:3000/_next/static/chunks/node_modules_next_dist_1ybzpk2._.js:2477
[  641350ms] [LOG] [Fast Refresh] rebuilding @ http://localhost:3000/_next/static/chunks/node_modules_next_dist_1ybzpk2._.js:2477
[  641366ms] [LOG] [Fast Refresh] done in 124ms @ http://localhost:3000/_next/static/chunks/node_modules_next_dist_1ybzpk2._.js:2477
[  667986ms] [LOG] [Fast Refresh] rebuilding @ http://localhost:3000/_next/static/chunks/node_modules_next_dist_1ybzpk2._.js:2477
[  668431ms] [LOG] [Fast Refresh] done in 405ms @ http://localhost:3000/_next/static/chunks/node_modules_next_dist_1ybzpk2._.js:2477
[  668504ms] [LOG] [Fast Refresh] rebuilding @ http://localhost:3000/_next/static/chunks/node_modules_next_dist_1ybzpk2._.js:2477
[  669055ms] [LOG] [Fast Refresh] done in 431ms @ http://localhost:3000/_next/static/chunks/node_modules_next_dist_1ybzpk2._.js:2477
[  669477ms] [LOG] [Fast Refresh] rebuilding @ http://localhost:3000/_next/static/chunks/node_modules_next_dist_1ybzpk2._.js:2477
[  669547ms] [LOG] [Fast Refresh] done in 176ms @ http://localhost:3000/_next/static/chunks/node_modules_next_dist_1ybzpk2._.js:2477
[  673843ms] [LOG] [Fast Refresh] rebuilding @ http://localhost:3000/_next/static/chunks/node_modules_next_dist_1ybzpk2._.js:2477
[  674031ms] [ERROR] WebSocket connection to 'ws://localhost:3000/_next/webpack-hmr?id=ZoHZKBsC1lTSqXERKK6NM' failed: Could not decode a text frame as UTF-8. @ http://localhost:3000/_next/static/chunks/node_modules_next_dist_client_0r5nbpw._.js:13422
[  675044ms] [LOG] [HMR] connected @ http://localhost:3000/_next/static/chunks/node_modules_next_dist_1ybzpk2._.js:2477
[  675104ms] [LOG] [Fast Refresh] rebuilding @ http://localhost:3000/_next/static/chunks/node_modules_next_dist_1ybzpk2._.js:2477
[  675104ms] [LOG] [Fast Refresh] done in 58ms @ http://localhost:3000/_next/static/chunks/node_modules_next_dist_1ybzpk2._.js:2477
[  677224ms] [LOG] [Fast Refresh] rebuilding @ http://localhost:3000/_next/static/chunks/node_modules_next_dist_1ybzpk2._.js:2477
[  677424ms] [ERROR] WebSocket connection to 'ws://localhost:3000/_next/webpack-hmr?id=ZoHZKBsC1lTSqXERKK6NM' failed: Could not decode a text frame as UTF-8. @ http://localhost:3000/_next/static/chunks/node_modules_next_dist_client_0r5nbpw._.js:13422
[  678439ms] [LOG] [HMR] connected @ http://localhost:3000/_next/static/chunks/node_modules_next_dist_1ybzpk2._.js:2477
[  678501ms] [LOG] [Fast Refresh] rebuilding @ http://localhost:3000/_next/static/chunks/node_modules_next_dist_1ybzpk2._.js:2477
[  678502ms] [LOG] [Fast Refresh] done in 59ms @ http://localhost:3000/_next/static/chunks/node_modules_next_dist_1ybzpk2._.js:2477
